decision_step	day_zero_based	hour_zero_based	player	farmer	hands	market
0	0	0	Majkel1337	"[""PASS""]"	[]	"[[""BUY_ANIMAL"", ""COW"", 1], [""BUY_PRODUCT"", ""WHEAT"", 5]]"
0	0	0	DSM	"[""PASS""]"	[]	"[[""BUY_ANIMAL"", ""COW"", 1], [""BUY_PRODUCT"", ""WHEAT"", 5]]"
1	0	1	Majkel1337	"[""PICKUP"", ""COW"", 1]"	[]	"[[""SELL"", ""WHEAT"", 1], [""HIRE""], [""HIRE""], [""HIRE""], [""HIRE""], [""BUY_ANIMAL"", ""COW"", 1], [""BUY_ANIMAL"", ""SHEEP"", 3]]"
1	0	1	DSM	"[""PICKUP"", ""COW"", 1]"	[]	"[[""SELL"", ""WHEAT"", 1], [""HIRE""], [""HIRE""], [""HIRE""], [""HIRE""], [""BUY_ANIMAL"", ""COW"", 1], [""BUY_ANIMAL"", ""SHEEP"", 3]]"
2	0	2	Majkel1337	"[""BUILD_PASTURE""]"	"[[""PICKUP"", ""SHEEP"", 1], [""PASS""], [""PICKUP"", ""COW"", 1], [""PICKUP"", ""SHEEP"", 1]]"	"[[""SELL"", ""WHEAT"", 1]]"
2	0	2	DSM	"[""BUILD_PASTURE""]"	"[[""PICKUP"", ""SHEEP"", 1], [""PICKUP"", ""SHEEP"", 1], [""PICKUP"", ""COW"", 1], [""PICKUP"", ""SHEEP"", 1]]"	"[[""SELL"", ""WHEAT"", 1]]"
3	0	3	Majkel1337	"[""PLACE"", ""COW"", 1]"	"[[""NORTH""], [""PASS""], [""NORTH""], [""WEST""]]"	"[[""BUY_SEED"", ""MELON"", 2]]"
3	0	3	DSM	"[""PLACE"", ""COW"", 1]"	"[[""NORTH""], [""NORTH""], [""NORTH""], [""WEST""]]"	"[[""SELL"", ""WHEAT"", 1], [""BUY_PRODUCT"", ""WHEAT"", 1]]"
4	0	4	Majkel1337	"[""PICKUP"", ""WHEAT"", 3]"	"[[""WEST""], [""PICKUP"", ""SHEEP"", 1], [""NORTH""], [""BUILD_PASTURE""]]"	"[[""BUY_PRODUCT"", ""WHEAT"", 1]]"
4	0	4	DSM	"[""PICKUP"", ""WHEAT"", 3]"	"[[""WEST""], [""WEST""], [""NORTH""], [""BUILD_PASTURE""]]"	"[[""SELL"", ""WHEAT"", 1], [""BUY_PRODUCT"", ""WHEAT"", 1]]"
5	0	5	Majkel1337	"[""FEED""]"	"[[""BUILD_PASTURE""], [""NORTH""], [""NORTH""], [""PLACE"", ""SHEEP"", 1]]"	"[[""BUY_SEED"", ""MELON"", 2], [""BUY_PRODUCT"", ""WHEAT"", 1]]"
5	0	5	DSM	"[""FEED""]"	"[[""BUILD_PASTURE""], [""WEST""], [""NORTH""], [""PLACE"", ""SHEEP"", 1]]"	"[[""SELL"", ""WHEAT"", 1], [""BUY_PRODUCT"", ""WHEAT"", 1]]"
6	0	6	Majkel1337	"[""CARE""]"	"[[""PLACE"", ""SHEEP"", 1], [""WEST""], [""WEST""], [""WEST""]]"	"[[""BUY_PRODUCT"", ""WHEAT"", 1]]"
6	0	6	DSM	"[""CARE""]"	"[[""PLACE"", ""SHEEP"", 1], [""BUILD_PASTURE""], [""WEST""], [""CARE""]]"	"[[""BUY_SEED"", ""MELON"", 2], [""BUY_PRODUCT"", ""WHEAT"", 1]]"
7	0	7	Majkel1337	"[""WEST""]"	"[[""CARE""], [""WEST""], [""BUILD_PASTURE""], [""WEST""]]"	[]
7	0	7	DSM	"[""WEST""]"	"[[""CARE""], [""PLACE"", ""SHEEP"", 1], [""BUILD_PASTURE""], [""WEST""]]"	[]
8	0	8	Majkel1337	"[""FEED""]"	"[[""SOUTH""], [""BUILD_PASTURE""], [""PLACE"", ""COW"", 1], [""NORTH""]]"	[]
8	0	8	DSM	"[""FEED""]"	"[[""SOUTH""], [""WEST""], [""PLACE"", ""COW"", 1], [""WEST""]]"	"[[""BUY_SEED"", ""MELON"", 2]]"
9	0	9	Majkel1337	"[""CARE""]"	"[[""PICKUP"", ""WHEAT"", 1], [""PLACE"", ""SHEEP"", 1], [""NORTH""], [""PLANT"", ""MELON""]]"	[]
9	0	9	DSM	"[""WEST""]"	"[[""PICKUP"", ""WHEAT"", 1], [""NORTH""], [""NORTH""], [""NORTH""]]"	[]
10	0	10	Majkel1337	"[""WEST""]"	"[[""NORTH""], [""WEST""], [""PLANT"", ""MELON""], [""WATER""]]"	[]
10	0	10	DSM	"[""FEED""]"	"[[""NORTH""], [""PLANT"", ""MELON""], [""PLANT"", ""MELON""], [""PLANT"", ""MELON""]]"	[]
11	0	11	Majkel1337	"[""FEED""]"	"[[""FEED""], [""PLANT"", ""MELON""], [""WATER""], [""NORTH""]]"	"[[""BUY_SEED"", ""MELON"", 2]]"
11	0	11	DSM	"[""CARE""]"	"[[""FEED""], [""WATER""], [""WATER""], [""WATER""]]"	"[[""BUY_SEED"", ""MELON"", 2]]"
12	0	12	Majkel1337	"[""CARE""]"	"[[""NORTH""], [""WATER""], [""WEST""], [""PLANT"", ""MELON""]]"	"[[""BUY_SEED"", ""WHEAT"", 2]]"
12	0	12	DSM	"[""WEST""]"	"[[""NORTH""], [""NORTH""], [""WEST""], [""NORTH""]]"	[]
13	0	13	Majkel1337	"[""WEST""]"	"[[""WEST""], [""WEST""], [""PLANT"", ""MELON""], [""WATER""]]"	[]
13	0	13	DSM	"[""PLANT"", ""MELON""]"	"[[""WEST""], [""PLANT"", ""MELON""], [""PLANT"", ""MELON""], [""PLANT"", ""MELON""]]"	"[[""SELL"", ""WHEAT"", 1], [""BUY_SEED"", ""WHEAT"", 5]]"
14	0	14	Majkel1337	"[""WEST""]"	"[[""PLANT"", ""MELON""], [""PLANT"", ""WHEAT""], [""WATER""], [""NORTH""]]"	"[[""BUY_SEED"", ""WHEAT"", 1]]"
14	0	14	DSM	"[""WATER""]"	"[[""PLANT"", ""MELON""], [""WATER""], [""WATER""], [""WATER""]]"	"[[""BUY_SEED"", ""WHEAT"", 1]]"
15	0	15	Majkel1337	"[""WATER""]"	"[[""WATER""], [""WATER""], [""WEST""], [""PLANT"", ""WHEAT""]]"	"[[""BUY_SEED"", ""WHEAT"", 1]]"
15	0	15	DSM	"[""WEST""]"	"[[""WATER""], [""NORTH""], [""WEST""], [""NORTH""]]"	"[[""BUY_SEED"", ""WHEAT"", 1]]"
16	0	16	Majkel1337	"[""NORTH""]"	"[[""WEST""], [""NORTH""], [""PLANT"", ""WHEAT""], [""WATER""]]"	"[[""SELL"", ""WHEAT"", 1], [""BUY_SEED"", ""WHEAT"", 1]]"
16	0	16	DSM	"[""PLANT"", ""WHEAT""]"	"[[""WEST""], [""PLANT"", ""WHEAT""], [""PLANT"", ""WHEAT""], [""PLANT"", ""WHEAT""]]"	"[[""BUY_SEED"", ""WHEAT"", 1]]"
17	0	17	Majkel1337	"[""PLANT"", ""WHEAT""]"	"[[""PLANT"", ""WHEAT""], [""PASS""], [""WATER""], [""WEST""]]"	"[[""SELL"", ""WHEAT"", 1], [""BUY_SEED"", ""WHEAT"", 1]]"
17	0	17	DSM	"[""WATER""]"	"[[""PLANT"", ""WHEAT""], [""WATER""], [""WATER""], [""WATER""]]"	"[[""BUY_SEED"", ""WHEAT"", 1]]"
18	0	18	Majkel1337	"[""WATER""]"	"[[""WATER""], [""WATER""], [""NORTH""], [""PLANT"", ""WHEAT""]]"	"[[""BUY_SEED"", ""WHEAT"", 1]]"
18	0	18	DSM	"[""NORTH""]"	"[[""WATER""], [""NORTH""], [""NORTH""], [""WEST""]]"	"[[""BUY_SEED"", ""WHEAT"", 1]]"
19	0	19	Majkel1337	"[""NORTH""]"	"[[""WEST""], [""NORTH""], [""PLANT"", ""WHEAT""], [""WATER""]]"	"[[""BUY_SEED"", ""WHEAT"", 1]]"
19	0	19	DSM	"[""PLANT"", ""WHEAT""]"	"[[""WEST""], [""PLANT"", ""WHEAT""], [""PLANT"", ""WHEAT""], [""PLANT"", ""WHEAT""]]"	"[[""BUY_SEED"", ""WHEAT"", 1]]"
20	0	20	Majkel1337	"[""PLANT"", ""WHEAT""]"	"[[""WEST""], [""NORTH""], [""WATER""], [""NORTH""]]"	"[[""BUY_SEED"", ""WHEAT"", 1]]"
20	0	20	DSM	"[""WATER""]"	"[[""WEST""], [""WATER""], [""WATER""], [""WATER""]]"	"[[""BUY_SEED"", ""WHEAT"", 1]]"
21	0	21	Majkel1337	"[""WATER""]"	"[[""WATER""], [""SOUTH""], [""WEST""], [""PLANT"", ""WHEAT""]]"	"[[""BUY_SEED"", ""WHEAT"", 1]]"
21	0	21	DSM	"[""NORTH""]"	"[[""PLANT"", ""WHEAT""], [""WEST""], [""EAST""], [""NORTH""]]"	"[[""BUY_SEED"", ""WHEAT"", 1]]"
22	0	22	Majkel1337	"[""PASS""]"	"[[""PASS""], [""PASS""], [""PLANT"", ""WHEAT""], [""WATER""]]"	[]
22	0	22	DSM	"[""WATER""]"	"[[""WATER""], [""PLANT"", ""WHEAT""], [""PASS""], [""PASS""]]"	[]
23	0	23	Majkel1337	"[""PASS""]"	"[[""PASS""], [""PASS""], [""WATER""], [""EAST""]]"	[]
23	0	23	DSM	"[""PASS""]"	"[[""PASS""], [""WATER""], [""PASS""], [""WATER""]]"	[]
24	1	0	Majkel1337	"[""COLLECT_FERTILIZER""]"	[]	"[[""HIRE""], [""HIRE""], [""HIRE""], [""HIRE""], [""HIRE""]]"
24	1	0	DSM	"[""COLLECT_FERTILIZER""]"	[]	"[[""HIRE""], [""HIRE""], [""HIRE""], [""HIRE""], [""HIRE""], [""HIRE""], [""HIRE""], [""HIRE""]]"
25	1	1	Majkel1337	"[""PLACE"", ""FERTILIZER"", 1]"	"[[""NORTH""], [""NORTH""], [""NORTH""]]"	[]
25	1	1	DSM	"[""PLACE"", ""FERTILIZER"", 1]"	"[[""NORTH""], [""NORTH""], [""NORTH""]]"	[]
26	1	2	Majkel1337	"[""NORTH""]"	"[[""WEST""], [""WEST""], [""NORTH""]]"	"[[""SELL"", ""FERTILIZER"", 1], [""HIRE""], [""BUY_PRODUCT"", ""WHEAT"", 2]]"
26	1	2	DSM	"[""NORTH""]"	"[[""WEST""], [""WEST""], [""NORTH""]]"	"[[""SELL"", ""FERTILIZER"", 1], [""HIRE""], [""BUY_PRODUCT"", ""WHEAT"", 2]]"
27	1	3	Majkel1337	"[""COLLECT_FERTILIZER""]"	"[[""COLLECT_FERTILIZER""], [""WEST""], [""NORTH""], [""WEST""]]"	[]
27	1	3	DSM	"[""COLLECT_FERTILIZER""]"	"[[""COLLECT_FERTILIZER""], [""WEST""], [""NORTH""], [""WEST""]]"	[]
28	1	4	Majkel1337	"[""SOUTH""]"	"[[""NORTH""], [""COLLECT_FERTILIZER""], [""WEST""], [""COLLECT_FERTILIZER""]]"	[]
28	1	4	DSM	"[""SOUTH""]"	"[[""NORTH""], [""COLLECT_FERTILIZER""], [""WEST""], [""COLLECT_FERTILIZER""]]"	[]
29	1	5	Majkel1337	"[""PLACE"", ""FERTILIZER"", 1]"	"[[""COLLECT_FERTILIZER""], [""EAST""], [""CARE""], [""EAST""]]"	[]
29	1	5	DSM	"[""PLACE"", ""FERTILIZER"", 1]"	"[[""COLLECT_FERTILIZER""], [""EAST""], [""CARE""], [""EAST""]]"	[]
30	1	6	Majkel1337	"[""PICKUP"", ""WHEAT"", 2]"	"[[""SOUTH""], [""EAST""], [""NORTH""], [""PLACE"", ""FERTILIZER"", 1]]"	"[[""SELL"", ""FERTILIZER"", 1], [""BUY_PRODUCT"", ""WHEAT"", 2]]"
30	1	6	DSM	"[""PICKUP"", ""WHEAT"", 2]"	"[[""SOUTH""], [""EAST""], [""NORTH""], [""PLACE"", ""FERTILIZER"", 1]]"	"[[""SELL"", ""FERTILIZER"", 1], [""BUY_PRODUCT"", ""WHEAT"", 2]]"
31	1	7	Majkel1337	"[""WEST""]"	"[[""SOUTH""], [""PLACE"", ""FERTILIZER"", 1], [""WATER""], [""PICKUP"", ""WHEAT"", 2]]"	"[[""SELL"", ""FERTILIZER"", 1]]"
31	1	7	DSM	"[""WEST""]"	"[[""SOUTH""], [""PLACE"", ""FERTILIZER"", 1], [""WATER""], [""PICKUP"", ""WHEAT"", 2]]"	"[[""SELL"", ""FERTILIZER"", 1]]"
32	1	8	Majkel1337	"[""FEED""]"	"[[""PLACE"", ""FERTILIZER"", 1], [""NORTH""], [""WEST""], [""NORTH""]]"	"[[""SELL"", ""FERTILIZER"", 1], [""BUY_SEED"", ""MELON"", 2]]"
32	1	8	DSM	"[""FEED""]"	"[[""PLACE"", ""FERTILIZER"", 1], [""NORTH""], [""WEST""], [""NORTH""]]"	"[[""SELL"", ""FERTILIZER"", 1], [""BUY_SEED"", ""MELON"", 2]]"
33	1	9	Majkel1337	"[""CARE""]"	"[[""CARE""], [""WEST""], [""WATER""], [""FEED""]]"	"[[""SELL"", ""FERTILIZER"", 1]]"
33	1	9	DSM	"[""CARE""]"	"[[""CARE""], [""WEST""], [""WATER""], [""FEED""]]"	"[[""SELL"", ""FERTILIZER"", 1]]"
34	1	10	Majkel1337	"[""WEST""]"	"[[""WEST""], [""PLANT"", ""MELON""], [""NORTH""], [""NORTH""]]"	[]
34	1	10	DSM	"[""WEST""]"	"[[""WEST""], [""PLANT"", ""MELON""], [""NORTH""], [""NORTH""]]"	[]
35	1	11	Majkel1337	"[""FEED""]"	"[[""WEST""], [""WATER""], [""PLANT"", ""MELON""], [""FEED""]]"	"[[""BUY_SEED"", ""MELON"", 2]]"
35	1	11	DSM	"[""FEED""]"	"[[""WEST""], [""WATER""], [""PLANT"", ""MELON""], [""FEED""]]"	"[[""BUY_SEED"", ""MELON"", 2]]"
36	1	12	Majkel1337	"[""CARE""]"	"[[""NORTH""], [""NORTH""], [""WATER""], [""SOUTH""]]"	[]
36	1	12	DSM	"[""CARE""]"	"[[""NORTH""], [""NORTH""], [""WATER""], [""SOUTH""]]"	"[[""BUY_SEED"", ""MELON"", 1]]"
37	1	13	Majkel1337	"[""WEST""]"	"[[""PLANT"", ""MELON""], [""WATER""], [""EAST""], [""CARE""]]"	[]
37	1	13	DSM	"[""WEST""]"	"[[""PLANT"", ""MELON""], [""WATER""], [""EAST""], [""CARE""]]"	[]
38	1	14	Majkel1337	"[""WATER""]"	"[[""WATER""], [""WEST""], [""PLANT"", ""MELON""], [""NORTH""]]"	[]
38	1	14	DSM	"[""WATER""]"	"[[""WATER""], [""WEST""], [""PLANT"", ""MELON""], [""NORTH""]]"	[]
39	1	15	Majkel1337	"[""WEST""]"	"[[""WEST""], [""WATER""], [""WATER""], [""WEST""]]"	[]
39	1	15	DSM	"[""WEST""]"	"[[""WEST""], [""WATER""], [""WATER""], [""WEST""]]"	[]
40	1	16	Majkel1337	"[""WATER""]"	"[[""WATER""], [""NORTH""], [""SOUTH""], [""NORTH""]]"	[]
40	1	16	DSM	"[""WATER""]"	"[[""WATER""], [""NORTH""], [""SOUTH""], [""NORTH""]]"	[]
41	1	17	Majkel1337	"[""NORTH""]"	"[[""NORTH""], [""WATER""], [""WEST""], [""WEST""]]"	[]
41	1	17	DSM	"[""NORTH""]"	"[[""NORTH""], [""WATER""], [""WEST""], [""WEST""]]"	[]
42	1	18	Majkel1337	"[""WATER""]"	"[[""WATER""], [""WEST""], [""WEST""], [""WEST""]]"	[]
42	1	18	DSM	"[""WATER""]"	"[[""WATER""], [""WEST""], [""WEST""], [""WEST""]]"	[]
43	1	19	Majkel1337	"[""NORTH""]"	"[[""NORTH""], [""WATER""], [""WEST""], [""WATER""]]"	[]
43	1	19	DSM	"[""NORTH""]"	"[[""NORTH""], [""WATER""], [""WEST""], [""WATER""]]"	[]
44	1	20	Majkel1337	"[""WATER""]"	"[[""NORTH""], [""NORTH""], [""NORTH""], [""NORTH""]]"	[]
44	1	20	DSM	"[""WATER""]"	"[[""NORTH""], [""NORTH""], [""NORTH""], [""NORTH""]]"	[]
45	1	21	Majkel1337	"[""PASS""]"	"[[""EAST""], [""WATER""], [""WATER""], [""WATER""]]"	[]
45	1	21	DSM	"[""PASS""]"	"[[""EAST""], [""WATER""], [""WATER""], [""EAST""]]"	[]
46	1	22	Majkel1337	"[""PASS""]"	"[[""WATER""], [""EAST""], [""WEST""], [""EAST""]]"	[]
46	1	22	DSM	"[""PASS""]"	"[[""WEST""], [""EAST""], [""WEST""], [""WATER""]]"	[]
47	1	23	Majkel1337	"[""PASS""]"	"[[""PASS""], [""PASS""], [""WATER""], [""PASS""]]"	[]
47	1	23	DSM	"[""PASS""]"	"[[""SOUTH""], [""PASS""], [""WATER""], [""PASS""]]"	[]
48	2	0	Majkel1337	"[""COLLECT_FERTILIZER""]"	[]	"[[""HIRE""], [""HIRE""], [""HIRE""], [""HIRE""], [""HIRE""], [""HIRE""], [""BUY_PRODUCT"", ""WHEAT"", 1]]"
48	2	0	DSM	"[""COLLECT_FERTILIZER""]"	[]	"[[""HIRE""], [""HIRE""], [""HIRE""], [""HIRE""], [""HIRE""], [""HIRE""], [""BUY_PRODUCT"", ""WHEAT"", 1]]"
49	2	1	Majkel1337	"[""PLACE"", ""FERTILIZER"", 1]"	"[[""NORTH""], [""PICKUP"", ""WHEAT"", 1], [""NORTH""], [""NORTH""], [""NORTH""], [""NORTH""]]"	[]
49	2	1	DSM	"[""PLACE"", ""FERTILIZER"", 1]"	"[[""NORTH""], [""PICKUP"", ""WHEAT"", 1], [""NORTH""], [""NORTH""], [""NORTH""], [""NORTH""]]"	[]
50	2	2	Majkel1337	"[""WEST""]"	"[[""WEST""], [""NORTH""], [""NORTH""], [""COLLECT_FERTILIZER""], [""NORTH""], [""WEST""]]"	"[[""SELL"", ""FERTILIZER"", 1]]"
50	2	2	DSM	"[""WEST""]"	"[[""WEST""], [""NORTH""], [""NORTH""], [""COLLECT_FERTILIZER""], [""NORTH""], [""WEST""]]"	"[[""SELL"", ""FERTILIZER"", 1]]"
51	2	3	Majkel1337	"[""COLLECT_FERTILIZER""]"	"[[""NORTH""], [""FEED""], [""NORTH""], [""SOUTH""], [""WEST""], [""WEST""]]"	[]
51	2	3	DSM	"[""COLLECT_FERTILIZER""]"	"[[""NORTH""], [""FEED""], [""NORTH""], [""SOUTH""], [""WEST""], [""WEST""]]"	[]
52	2	4	Majkel1337	"[""EAST""]"	"[[""COLLECT_FERTILIZER""], [""CARE""], [""WEST""], [""PLACE"", ""FERTILIZER"", 1], [""WEST""], [""WEST""]]"	[]
52	2	4	DSM	"[""EAST""]"	"[[""COLLECT_FERTILIZER""], [""CARE""], [""WEST""], [""PLACE"", ""FERTILIZER"", 1], [""WEST""], [""WEST""]]"	[]
53	2	5	Majkel1337	"[""PLACE"", ""FERTILIZER"", 1]"	"[[""SOUTH""], [""WEST""], [""CARE""], [""WEST""], [""WATER""], [""WEST""]]"	"[[""SELL"", ""FERTILIZER"", 1], [""BUY_PRODUCT"", ""WHEAT"", 2]]"
53	2	5	DSM	"[""PLACE"", ""FERTILIZER"", 1]"	"[[""SOUTH""], [""WEST""], [""CARE""], [""WEST""], [""WATER""], [""WEST""]]"	"[[""SELL"", ""FERTILIZER"", 1], [""BUY_PRODUCT"", ""WHEAT"", 2]]"
54	2	6	Majkel1337	"[""PICKUP"", ""WHEAT"", 2]"	"[[""SOUTH""], [""WEST""], [""NORTH""], [""WEST""], [""NORTH""], [""WATER""]]"	"[[""SELL"", ""FERTILIZER"", 1]]"
54	2	6	DSM	"[""PICKUP"", ""WHEAT"", 2]"	"[[""SOUTH""], [""WEST""], [""NORTH""], [""WEST""], [""NORTH""], [""WATER""]]"	"[[""SELL"", ""FERTILIZER"", 1]]"
55	2	7	Majkel1337	"[""WEST""]"	"[[""PLACE"", ""FERTILIZER"", 1], [""COLLECT_FERTILIZER""], [""WATER""], [""COLLECT_FERTILIZER""], [""NORTH""], [""NORTH""]]"	"[[""BUY_PRODUCT"", ""WHEAT"", 2]]"
55	2	7	DSM	"[""WEST""]"	"[[""PLACE"", ""FERTILIZER"", 1], [""COLLECT_FERTILIZER""], [""WATER""], [""COLLECT_FERTILIZER""], [""NORTH""], [""NORTH""]]"	"[[""BUY_PRODUCT"", ""WHEAT"", 2]]"
56	2	8	Majkel1337	"[""FEED""]"	"[[""PICKUP"", ""WHEAT"", 2], [""EAST""], [""WEST""], [""NORTH""], [""WEST""], [""WATER""]]"	"[[""SELL"", ""FERTILIZER"", 1]]"
56	2	8	DSM	"[""FEED""]"	"[[""PICKUP"", ""WHEAT"", 2], [""EAST""], [""WEST""], [""NORTH""], [""WEST""], [""WATER""]]"	"[[""SELL"", ""FERTILIZER"", 1]]"
57	2	9	Majkel1337	"[""CARE""]"	"[[""NORTH""], [""EAST""], [""WATER""], [""NORTH""], [""WATER""], [""NORTH""]]"	"[[""BUY_SEED"", ""MELON"", 1]]"
57	2	9	DSM	"[""CARE""]"	"[[""NORTH""], [""EAST""], [""WATER""], [""NORTH""], [""WATER""], [""NORTH""]]"	"[[""BUY_SEED"", ""MELON"", 1]]"
58	2	10	Majkel1337	"[""WEST""]"	"[[""FEED""], [""PLACE"", ""FERTILIZER"", 1], [""WEST""], [""WATER""], [""WEST""], [""WATER""]]"	[]
58	2	10	DSM	"[""WEST""]"	"[[""FEED""], [""PLACE"", ""FERTILIZER"", 1], [""WEST""], [""WATER""], [""WEST""], [""WATER""]]"	"[[""BUY_SEED"", ""MELON"", 1]]"
59	2	11	Majkel1337	"[""FEED""]"	"[[""CARE""], [""WEST""], [""WATER""], [""HARVEST""], [""WATER""], [""NORTH""]]"	"[[""SELL"", ""FERTILIZER"", 1]]"
59	2	11	DSM	"[""FEED""]"	"[[""CARE""], [""WEST""], [""WATER""], [""HARVEST""], [""WATER""], [""NORTH""]]"	"[[""SELL"", ""FERTILIZER"", 1]]"
60	2	12	Majkel1337	"[""CARE""]"	"[[""NORTH""], [""WEST""], [""WEST""], [""PLANT"", ""MELON""], [""HARVEST""], [""WATER""]]"	"[[""BUY_SEED"", ""STRAWBERRY"", 1], [""BUY_SEED"", ""MELON"", 1]]"
60	2	12	DSM	"[""CARE""]"	"[[""NORTH""], [""WEST""], [""WEST""], [""PLANT"", ""MELON""], [""HARVEST""], [""WATER""]]"	"[[""BUY_SEED"", ""STRAWBERRY"", 2], [""BUY_SEED"", ""MELON"", 1]]"
61	2	13	Majkel1337	"[""WEST""]"	"[[""FEED""], [""WEST""], [""WATER""], [""WATER""], [""PLANT"", ""MELON""], [""NORTH""]]"	"[[""BUY_SEED"", ""STRAWBERRY"", 1]]"
61	2	13	DSM	"[""WEST""]"	"[[""FEED""], [""WEST""], [""WATER""], [""WATER""], [""PLANT"", ""MELON""], [""NORTH""]]"	[]
62	2	14	Majkel1337	"[""WATER""]"	"[[""WEST""], [""WATER""], [""HARVEST""], [""WEST""], [""WATER""], [""WATER""]]"	[]
62	2	14	DSM	"[""WATER""]"	"[[""WEST""], [""WATER""], [""HARVEST""], [""SOUTH""], [""WATER""], [""WATER""]]"	[]
63	2	15	Majkel1337	"[""NORTH""]"	"[[""WEST""], [""NORTH""], [""PLANT"", ""STRAWBERRY""], [""WATER""], [""EAST""], [""HARVEST""]]"	"[[""BUY_SEED"", ""STRAWBERRY"", 1]]"
63	2	15	DSM	"[""NORTH""]"	"[[""WEST""], [""NORTH""], [""PLANT"", ""STRAWBERRY""], [""WATER""], [""EAST""], [""HARVEST""]]"	"[[""BUY_SEED"", ""STRAWBERRY"", 1]]"
64	2	16	Majkel1337	"[""WATER""]"	"[[""NORTH""], [""WATER""], [""WATER""], [""NORTH""], [""EAST""], [""PLANT"", ""STRAWBERRY""]]"	"[[""BUY_SEED"", ""STRAWBERRY"", 1]]"
64	2	16	DSM	"[""WATER""]"	"[[""WEST""], [""WATER""], [""WATER""], [""WEST""], [""SOUTH""], [""PLANT"", ""STRAWBERRY""]]"	"[[""BUY_SEED"", ""STRAWBERRY"", 1]]"
65	2	17	Majkel1337	"[""EAST""]"	"[[""NORTH""], [""EAST""], [""NORTH""], [""NORTH""], [""WATER""], [""WATER""]]"	"[[""BUY_SEED"", ""STRAWBERRY"", 1]]"
65	2	17	DSM	"[""NORTH""]"	"[[""WATER""], [""NORTH""], [""NORTH""], [""NORTH""], [""NORTH""], [""WATER""]]"	"[[""BUY_SEED"", ""STRAWBERRY"", 1]]"
66	2	18	Majkel1337	"[""WATER""]"	"[[""EAST""], [""WATER""], [""EAST""], [""EAST""], [""EAST""], [""EAST""]]"	[]
66	2	18	DSM	"[""NORTH""]"	"[[""SOUTH""], [""SOUTH""], [""EAST""], [""SOUTH""], [""EAST""], [""EAST""]]"	[]
67	2	19	Majkel1337	"[""EAST""]"	"[[""EAST""], [""EAST""], [""EAST""], [""EAST""], [""WATER""], [""EAST""]]"	[]
67	2	19	DSM	"[""NORTH""]"	"[[""EAST""], [""EAST""], [""EAST""], [""EAST""], [""WATER""], [""EAST""]]"	[]
68	2	20	Majkel1337	"[""WATER""]"	"[[""PASS""], [""WATER""], [""SOUTH""], [""SOUTH""], [""SOUTH""], [""SOUTH""]]"	[]
68	2	20	DSM	"[""EAST""]"	"[[""EAST""], [""EAST""], [""EAST""], [""EAST""], [""EAST""], [""EAST""]]"	[]
69	2	21	Majkel1337	"[""WEST""]"	"[[""PASS""], [""WEST""], [""SOUTH""], [""SOUTH""], [""SOUTH""], [""SOUTH""]]"	[]
69	2	21	DSM	"[""EAST""]"	"[[""WATER""], [""WATER""], [""WATER""], [""WATER""], [""WATER""], [""EAST""]]"	[]
70	2	22	Majkel1337	"[""WEST""]"	"[[""PASS""], [""WEST""], [""SOUTH""], [""SOUTH""], [""SOUTH""], [""SOUTH""]]"	[]
70	2	22	DSM	"[""SOUTH""]"	"[[""NORTH""], [""SOUTH""], [""PASS""], [""SOUTH""], [""PASS""], [""PASS""]]"	[]
71	2	23	Majkel1337	"[""WEST""]"	"[[""PASS""], [""WEST""], [""SOUTH""], [""SOUTH""], [""SOUTH""], [""SOUTH""]]"	[]
71	2	23	DSM	"[""PASS""]"	"[[""NORTH""], [""NORTH""], [""PASS""], [""EAST""], [""PASS""], [""PASS""]]"	[]
72	3	0	Majkel1337	"[""COLLECT_FERTILIZER""]"	[]	"[[""HIRE""], [""HIRE""], [""HIRE""], [""HIRE""], [""HIRE""], [""HIRE""]]"
72	3	0	DSM	"[""COLLECT_FERTILIZER""]"	[]	"[[""SELL"", ""WHEAT"", 1], [""HIRE""], [""HIRE""], [""HIRE""], [""HIRE""], [""HIRE""], [""HIRE""]]"
73	3	1	Majkel1337	"[""PLACE"", ""FERTILIZER"", 1]"	"[[""PICKUP"", ""WHEAT"", 3], [""PICKUP"", ""WHEAT"", 3], [""PICKUP"", ""WHEAT"", 2], [""NORTH""], [""NORTH""]]"	[]
73	3	1	DSM	"[""PLACE"", ""FERTILIZER"", 1]"	"[[""PICKUP"", ""WHEAT"", 3], [""PICKUP"", ""WHEAT"", 3], [""PICKUP"", ""WHEAT"", 2], [""NORTH""], [""NORTH""], [""NORTH""]]"	[]
74	3	2	Majkel1337	"[""WEST""]"	"[[""NORTH""], [""NORTH""], [""NORTH""], [""COLLECT_FERTILIZER""], [""NORTH""]]"	"[[""SELL"", ""FERTILIZER"", 1]]"
74	3	2	DSM	"[""WEST""]"	"[[""NORTH""], [""NORTH""], [""NORTH""], [""COLLECT_FERTILIZER""], [""NORTH""], [""WEST""]]"	"[[""SELL"", ""FERTILIZER"", 1]]"
75	3	3	Majkel1337	"[""COLLECT_FERTILIZER""]"	"[[""WEST""], [""WEST""], [""NORTH""], [""SOUTH""], [""WEST""]]"	[]
75	3	3	DSM	"[""COLLECT_FERTILIZER""]"	"[[""WEST""], [""WEST""], [""NORTH""], [""SOUTH""], [""WEST""], [""WEST""]]"	[]
76	3	4	Majkel1337	"[""EAST""]"	"[[""FEED""], [""FEED""], [""NORTH""], [""PLACE"", ""FERTILIZER"", 1], [""COLLECT_FERTILIZER""]]"	[]
76	3	4	DSM	"[""EAST""]"	"[[""FEED""], [""FEED""], [""NORTH""], [""PLACE"", ""FERTILIZER"", 1], [""COLLECT_FERTILIZER""], [""WEST""]]"	[]
77	3	5	Majkel1337	"[""PLACE"", ""FERTILIZER"", 1]"	"[[""CARE""], [""CARE""], [""WEST""], [""WEST""], [""SOUTH""]]"	"[[""SELL"", ""FERTILIZER"", 1]]"
77	3	5	DSM	"[""PLACE"", ""FERTILIZER"", 1]"	"[[""CARE""], [""CARE""], [""WEST""], [""WEST""], [""SOUTH""], [""WEST""]]"	"[[""SELL"", ""FERTILIZER"", 1]]"
78	3	6	Majkel1337	"[""WEST""]"	"[[""NORTH""], [""WEST""], [""CARE""], [""WEST""], [""SOUTH""]]"	"[[""SELL"", ""FERTILIZER"", 1]]"
78	3	6	DSM	"[""WEST""]"	"[[""NORTH""], [""WEST""], [""CARE""], [""WEST""], [""SOUTH""], [""WATER""]]"	"[[""SELL"", ""FERTILIZER"", 1]]"
79	3	7	Majkel1337	"[""WEST""]"	"[[""SOUTH""], [""FEED""], [""NORTH""], [""COLLECT_FERTILIZER""], [""PLACE"", ""FERTILIZER"", 1]]"	[]
79	3	7	DSM	"[""WEST""]"	"[[""FEED""], [""FEED""], [""NORTH""], [""COLLECT_FERTILIZER""], [""PLACE"", ""FERTILIZER"", 1], [""HARVEST""]]"	"[[""BUY_SEED"", ""STRAWBERRY"", 2]]"
80	3	8	Majkel1337	"[""WEST""]"	"[[""NORTH""], [""CARE""], [""WATER""], [""EAST""], [""NORTH""]]"	"[[""SELL"", ""FERTILIZER"", 1]]"
80	3	8	DSM	"[""WEST""]"	"[[""SOUTH""], [""CARE""], [""WATER""], [""EAST""], [""NORTH""], [""PLANT"", ""STRAWBERRY""]]"	"[[""SELL"", ""FERTILIZER"", 1]]"
81	3	9	Majkel1337	"[""WATER""]"	"[[""FEED""], [""EAST""], [""WEST""], [""EAST""], [""NORTH""]]"	[]
81	3	9	DSM	"[""WATER""]"	"[[""SOUTH""], [""EAST""], [""WEST""], [""EAST""], [""NORTH""], [""WATER""]]"	[]
82	3	10	Majkel1337	"[""NORTH""]"	"[[""SOUTH""], [""EAST""], [""WATER""], [""PLACE"", ""FERTILIZER"", 1], [""WEST""]]"	[]
82	3	10	DSM	"[""NORTH""]"	"[[""CARE""], [""EAST""], [""WATER""], [""PLACE"", ""FERTILIZER"", 1], [""WEST""], [""NORTH""]]"	[]
83	3	11	Majkel1337	"[""WEST""]"	"[[""SOUTH""], [""FEED""], [""WEST""], [""WEST""], [""WATER""]]"	"[[""SELL"", ""FERTILIZER"", 1]]"
83	3	11	DSM	"[""WATER""]"	"[[""FEED""], [""FEED""], [""WEST""], [""NORTH""], [""WATER""], [""WATER""]]"	"[[""SELL"", ""FERTILIZER"", 1], [""BUY_SEED"", ""STRAWBERRY"", 1]]"
84	3	12	Majkel1337	"[""WATER""]"	"[[""CARE""], [""CARE""], [""WATER""], [""WEST""], [""NORTH""]]"	[]
84	3	12	DSM	"[""NORTH""]"	"[[""NORTH""], [""NORTH""], [""WATER""], [""WEST""], [""NORTH""], [""HARVEST""]]"	[]
85	3	13	Majkel1337	"[""NORTH""]"	"[[""NORTH""], [""WEST""], [""WEST""], [""WEST""], [""NORTH""]]"	"[[""BUY_SEED"", ""STRAWBERRY"", 1]]"
85	3	13	DSM	"[""WATER""]"	"[[""WEST""], [""WEST""], [""HARVEST""], [""WATER""], [""NORTH""], [""PLANT"", ""STRAWBERRY""]]"	[]
86	3	14	Majkel1337	"[""WATER""]"	"[[""WEST""], [""WEST""], [""WATER""], [""WEST""], [""WEST""]]"	[]
86	3	14	DSM	"[""NORTH""]"	"[[""WEST""], [""WEST""], [""PLANT"", ""STRAWBERRY""], [""WEST""], [""WEST""], [""WATER""]]"	"[[""BUY_SEED"", ""STRAWBERRY"", 1]]"
87	3	15	Majkel1337	"[""NORTH""]"	"[[""WATER""], [""WEST""], [""EAST""], [""WATER""], [""WATER""]]"	[]
87	3	15	DSM	"[""WATER""]"	"[[""WATER""], [""WATER""], [""WATER""], [""WATER""], [""WATER""], [""NORTH""]]"	[]
88	3	16	Majkel1337	"[""WATER""]"	"[[""WEST""], [""NORTH""], [""SOUTH""], [""HARVEST""], [""HARVEST""]]"	"[[""BUY_SEED"", ""STRAWBERRY"", 1]]"
88	3	16	DSM	"[""WEST""]"	"[[""NORTH""], [""NORTH""], [""SOUTH""], [""NORTH""], [""HARVEST""], [""WATER""]]"	[]
89	3	17	Majkel1337	"[""NORTH""]"	"[[""WATER""], [""WATER""], [""WEST""], [""PLANT"", ""STRAWBERRY""], [""PLANT"", ""STRAWBERRY""]]"	"[[""BUY_SEED"", ""STRAWBERRY"", 1]]"
89	3	17	DSM	"[""WATER""]"	"[[""NORTH""], [""WATER""], [""WATER""], [""NORTH""], [""PLANT"", ""STRAWBERRY""], [""HARVEST""]]"	"[[""BUY_SEED"", ""STRAWBERRY"", 1]]"
90	3	18	Majkel1337	"[""WATER""]"	"[[""NORTH""], [""NORTH""], [""WATER""], [""WATER""], [""WATER""]]"	[]
90	3	18	DSM	"[""NORTH""]"	"[[""NORTH""], [""NORTH""], [""NORTH""], [""NORTH""], [""WATER""], [""PLANT"", ""STRAWBERRY""]]"	"[[""BUY_SEED"", ""STRAWBERRY"", 1]]"
91	3	19	Majkel1337	"[""EAST""]"	"[[""WATER""], [""EAST""], [""NORTH""], [""NORTH""], [""EAST""]]"	[]
91	3	19	DSM	"[""WATER""]"	"[[""EAST""], [""NORTH""], [""NORTH""], [""WEST""], [""EAST""], [""WATER""]]"	[]
92	3	20	Majkel1337	"[""WATER""]"	"[[""NORTH""], [""NORTH""], [""NORTH""], [""NORTH""], [""WATER""]]"	[]
92	3	20	DSM	"[""EAST""]"	"[[""EAST""], [""EAST""], [""EAST""], [""WATER""], [""WATER""], [""NORTH""]]"	[]
93	3	21	Majkel1337	"[""EAST""]"	"[[""NORTH""], [""NORTH""], [""EAST""], [""NORTH""], [""EAST""]]"	[]
93	3	21	DSM	"[""EAST""]"	"[[""WATER""], [""EAST""], [""EAST""], [""EAST""], [""EAST""], [""NORTH""]]"	[]
94	3	22	Majkel1337	"[""EAST""]"	"[[""EAST""], [""EAST""], [""EAST""], [""NORTH""], [""WATER""]]"	[]
94	3	22	DSM	"[""SOUTH""]"	"[[""PASS""], [""PASS""], [""PASS""], [""SOUTH""], [""PASS""], [""SOUTH""]]"	[]
95	3	23	Majkel1337	"[""SOUTH""]"	"[[""SOUTH""], [""SOUTH""], [""SOUTH""], [""SOUTH""], [""PASS""]]"	[]
95	3	23	DSM	"[""PASS""]"	"[[""PASS""], [""PASS""], [""PASS""], [""PASS""], [""PASS""], [""SOUTH""]]"	[]
96	4	0	Majkel1337	"[""COLLECT_FERTILIZER""]"	[]	"[[""HIRE""], [""HIRE""], [""HIRE""], [""HIRE""], [""HIRE""], [""HIRE""]]"
96	4	0	DSM	"[""COLLECT_FERTILIZER""]"	[]	"[[""SELL"", ""WHEAT"", 1], [""HIRE""], [""HIRE""], [""HIRE""], [""HIRE""], [""HIRE""], [""HIRE""]]"
97	4	1	Majkel1337	"[""PLACE"", ""FERTILIZER"", 1]"	"[[""PICKUP"", ""WHEAT"", 3], [""PICKUP"", ""WHEAT"", 3], [""PICKUP"", ""WHEAT"", 2], [""NORTH""], [""NORTH""], [""NORTH""]]"	"[[""SELL"", ""WHEAT"", 1]]"
97	4	1	DSM	"[""PLACE"", ""FERTILIZER"", 1]"	"[[""PICKUP"", ""WHEAT"", 4], [""PICKUP"", ""WHEAT"", 4], [""PICKUP"", ""WHEAT"", 3], [""NORTH""], [""NORTH""], [""NORTH""]]"	[]
98	4	2	Majkel1337	"[""WEST""]"	"[[""WEST""], [""NORTH""], [""NORTH""], [""COLLECT_FERTILIZER""], [""NORTH""], [""NORTH""]]"	"[[""SELL"", ""FERTILIZER"", 1]]"
98	4	2	DSM	"[""WEST""]"	"[[""WEST""], [""NORTH""], [""NORTH""], [""COLLECT_FERTILIZER""], [""NORTH""], [""WEST""]]"	"[[""SELL"", ""FERTILIZER"", 1]]"
99	4	3	Majkel1337	"[""COLLECT_FERTILIZER""]"	"[[""CARE""], [""WEST""], [""NORTH""], [""SOUTH""], [""WEST""], [""WEST""]]"	[]
99	4	3	DSM	"[""COLLECT_FERTILIZER""]"	"[[""CARE""], [""WEST""], [""NORTH""], [""SOUTH""], [""WEST""], [""WEST""]]"	[]
100	4	4	Majkel1337	"[""EAST""]"	"[[""WEST""], [""FEED""], [""NORTH""], [""PLACE"", ""FERTILIZER"", 1], [""COLLECT_FERTILIZER""], [""WEST""]]"	[]
100	4	4	DSM	"[""EAST""]"	"[[""WEST""], [""FEED""], [""NORTH""], [""PLACE"", ""FERTILIZER"", 1], [""COLLECT_FERTILIZER""], [""WEST""]]"	[]
101	4	5	Majkel1337	"[""PLACE"", ""FERTILIZER"", 1]"	"[[""WEST""], [""CARE""], [""WEST""], [""WEST""], [""SOUTH""], [""WEST""]]"	"[[""SELL"", ""FERTILIZER"", 1]]"
101	4	5	DSM	"[""PLACE"", ""FERTILIZER"", 1]"	"[[""WEST""], [""CARE""], [""WEST""], [""PICKUP"", ""WHEAT"", 5], [""SOUTH""], [""WATER""]]"	"[[""SELL"", ""FERTILIZER"", 1]]"
102	4	6	Majkel1337	"[""WEST""]"	"[[""COLLECT_FERTILIZER""], [""WEST""], [""CARE""], [""WEST""], [""SOUTH""], [""WEST""]]"	"[[""SELL"", ""FERTILIZER"", 1]]"
102	4	6	DSM	"[""WEST""]"	"[[""COLLECT_FERTILIZER""], [""WEST""], [""CARE""], [""FEED""], [""SOUTH""], [""NORTH""]]"	"[[""SELL"", ""FERTILIZER"", 1]]"
103	4	7	Majkel1337	"[""WEST""]"	"[[""EAST""], [""FEED""], [""NORTH""], [""WEST""], [""PLACE"", ""FERTILIZER"", 1], [""WATER""]]"	[]
103	4	7	DSM	"[""NORTH""]"	"[[""EAST""], [""FEED""], [""NORTH""], [""NORTH""], [""PLACE"", ""FERTILIZER"", 1], [""NORTH""]]"	[]
104	4	8	Majkel1337	"[""WEST""]"	"[[""EAST""], [""CARE""], [""WATER""], [""WATER""], [""NORTH""], [""HARVEST""]]"	"[[""SELL"", ""FERTILIZER"", 1]]"
104	4	8	DSM	"[""WEST""]"	"[[""EAST""], [""CARE""], [""WATER""], [""FEED""], [""NORTH""], [""NORTH""]]"	"[[""SELL"", ""FERTILIZER"", 1], [""BUY_SEED"", ""STRAWBERRY"", 1]]"
105	4	9	Majkel1337	"[""NORTH""]"	"[[""PLACE"", ""FERTILIZER"", 1], [""NORTH""], [""WEST""], [""NORTH""], [""NORTH""], [""PLANT"", ""STRAWBERRY""]]"	[]
105	4	9	DSM	"[""WATER""]"	"[[""PLACE"", ""FERTILIZER"", 1], [""NORTH""], [""WEST""], [""NORTH""], [""NORTH""], [""WEST""]]"	[]
106	4	10	Majkel1337	"[""WATER""]"	"[[""NORTH""], [""NORTH""], [""WATER""], [""WATER""], [""WEST""], [""WATER""]]"	"[[""SELL"", ""FERTILIZER"", 1], [""BUY_SEED"", ""STRAWBERRY"", 1]]"
106	4	10	DSM	"[""WEST""]"	"[[""NORTH""], [""NORTH""], [""WATER""], [""FEED""], [""WEST""], [""WATER""]]"	"[[""SELL"", ""FERTILIZER"", 1]]"
107	4	11	Majkel1337	"[""NORTH""]"	"[[""FEED""], [""EAST""], [""WEST""], [""NORTH""], [""WATER""], [""NORTH""]]"	[]
107	4	11	DSM	"[""WATER""]"	"[[""CARE""], [""WEST""], [""WEST""], [""SOUTH""], [""WATER""], [""HARVEST""]]"	[]
108	4	12	Majkel1337	"[""WATER""]"	"[[""CARE""], [""EAST""], [""WATER""], [""WATER""], [""NORTH""], [""WATER""]]"	[]
108	4	12	DSM	"[""WEST""]"	"[[""SOUTH""], [""WATER""], [""WATER""], [""WEST""], [""NORTH""], [""PLANT"", ""STRAWBERRY""]]"	"[[""BUY_SEED"", ""STRAWBERRY"", 1]]"
109	4	13	Majkel1337	"[""NORTH""]"	"[[""NORTH""], [""FEED""], [""HARVEST""], [""NORTH""], [""NORTH""], [""HARVEST""]]"	[]
109	4	13	DSM	"[""WATER""]"	"[[""DROP""], [""NORTH""], [""WEST""], [""WATER""], [""NORTH""], [""WATER""]]"	[]
110	4	14	Majkel1337	"[""WATER""]"	"[[""SOUTH""], [""SOUTH""], [""PLANT"", ""STRAWBERRY""], [""WATER""], [""WEST""], [""PASS""]]"	"[[""BUY_SEED"", ""STRAWBERRY"", 1]]"
110	4	14	DSM	"[""SOUTH""]"	"[[""PICKUP"", ""WHEAT"", 2], [""WATER""], [""WATER""], [""NORTH""], [""WEST""], [""NORTH""]]"	[]
111	4	15	Majkel1337	"[""WEST""]"	"[[""SOUTH""], [""WEST""], [""WATER""], [""WEST""], [""WATER""], [""PLANT"", ""STRAWBERRY""]]"	"[[""BUY_SEED"", ""STRAWBERRY"", 1]]"
111	4	15	DSM	"[""WATER""]"	"[[""PICKUP"", ""WHEAT"", 1], [""NORTH""], [""NORTH""], [""WEST""], [""WATER""], [""WATER""]]"	[]
112	4	16	Majkel1337	"[""WATER""]"	"[[""FEED""], [""WATER""], [""SOUTH""], [""WATER""], [""WEST""], [""WATER""]]"	[]
112	4	16	DSM	"[""NORTH""]"	"[[""PICKUP"", ""WHEAT"", 1], [""WATER""], [""WATER""], [""WATER""], [""EAST""], [""SOUTH""]]"	[]
113	4	17	Majkel1337	"[""NORTH""]"	"[[""DROP""], [""WEST""], [""WATER""], [""HARVEST""], [""WATER""], [""NORTH""]]"	[]
113	4	17	DSM	"[""NORTH""]"	"[[""DROP""], [""EAST""], [""EAST""], [""WEST""], [""WATER""], [""SOUTH""]]"	[]
114	4	18	Majkel1337	"[""WATER""]"	"[[""PICKUP"", ""WHEAT"", 1], [""WATER""], [""SOUTH""], [""PLANT"", ""STRAWBERRY""], [""EAST""], [""NORTH""]]"	[]
114	4	18	DSM	"[""WATER""]"	"[[""PICKUP"", ""WHEAT"", 2], [""EAST""], [""EAST""], [""WEST""], [""EAST""], [""WATER""]]"	[]
115	4	19	Majkel1337	"[""SOUTH""]"	"[[""DROP""], [""SOUTH""], [""SOUTH""], [""WATER""], [""EAST""], [""SOUTH""]]"	[]
115	4	19	DSM	"[""SOUTH""]"	"[[""PICKUP"", ""WHEAT"", 1], [""EAST""], [""EAST""], [""NORTH""], [""WATER""], [""NORTH""]]"	[]
116	4	20	Majkel1337	"[""NORTH""]"	"[[""PICKUP"", ""WHEAT"", 1], [""WEST""], [""WEST""], [""NORTH""], [""WATER""], [""NORTH""]]"	[]
116	4	20	DSM	"[""SOUTH""]"	"[[""PICKUP"", ""WHEAT"", 1], [""SOUTH""], [""SOUTH""], [""SOUTH""], [""SOUTH""], [""SOUTH""]]"	[]
117	4	21	Majkel1337	"[""EAST""]"	"[[""DROP""], [""WEST""], [""WEST""], [""EAST""], [""EAST""], [""EAST""]]"	[]
117	4	21	DSM	"[""EAST""]"	"[[""DROP""], [""SOUTH""], [""SOUTH""], [""SOUTH""], [""SOUTH""], [""SOUTH""]]"	[]
118	4	22	Majkel1337	"[""EAST""]"	"[[""WEST""], [""WATER""], [""WATER""], [""EAST""], [""WATER""], [""EAST""]]"	"[[""SELL"", ""WHEAT"", 1]]"
118	4	22	DSM	"[""EAST""]"	"[[""PICKUP"", ""WHEAT"", 2], [""SOUTH""], [""SOUTH""], [""SOUTH""], [""NORTH""], [""SOUTH""]]"	[]
119	4	23	Majkel1337	"[""SOUTH""]"	"[[""WEST""], [""PASS""], [""PASS""], [""SOUTH""], [""PASS""], [""SOUTH""]]"	[]
119	4	23	DSM	"[""EAST""]"	"[[""PICKUP"", ""WHEAT"", 1], [""SOUTH""], [""SOUTH""], [""EAST""], [""SOUTH""], [""PASS""]]"	[]
120	5	0	Majkel1337	"[""COLLECT_FERTILIZER""]"	[]	"[[""HIRE""], [""HIRE""], [""HIRE""], [""HIRE""], [""HIRE""], [""HIRE""]]"
120	5	0	DSM	"[""COLLECT_FERTILIZER""]"	[]	"[[""HIRE""], [""HIRE""], [""HIRE""], [""HIRE""], [""HIRE""], [""HIRE""]]"
121	5	1	Majkel1337	"[""PLACE"", ""FERTILIZER"", 1]"	"[[""PICKUP"", ""WHEAT"", 4], [""PICKUP"", ""WHEAT"", 3], [""PICKUP"", ""WHEAT"", 3], [""NORTH""], [""NORTH""], [""NORTH""]]"	"[[""SELL"", ""WHEAT"", 1]]"
121	5	1	DSM	"[""PLACE"", ""FERTILIZER"", 1]"	"[[""PICKUP"", ""WHEAT"", 4], [""PICKUP"", ""WHEAT"", 3], [""PICKUP"", ""WHEAT"", 3], [""NORTH""], [""NORTH""], [""NORTH""]]"	[]
122	5	2	Majkel1337	"[""PICKUP"", ""WHEAT"", 7]"	"[[""WEST""], [""NORTH""], [""NORTH""], [""COLLECT_FERTILIZER""], [""NORTH""], [""WEST""]]"	"[[""SELL"", ""FERTILIZER"", 1]]"
122	5	2	DSM	"[""WEST""]"	"[[""WEST""], [""NORTH""], [""NORTH""], [""COLLECT_FERTILIZER""], [""NORTH""], [""WEST""]]"	"[[""SELL"", ""FERTILIZER"", 1]]"
123	5	3	Majkel1337	"[""WEST""]"	"[[""CARE""], [""WEST""], [""NORTH""], [""SOUTH""], [""WEST""], [""WEST""]]"	[]
123	5	3	DSM	"[""COLLECT_FERTILIZER""]"	"[[""CARE""], [""WEST""], [""NORTH""], [""SOUTH""], [""WEST""], [""WEST""]]"	[]
124	5	4	Majkel1337	"[""FEED""]"	"[[""WEST""], [""FEED""], [""NORTH""], [""PLACE"", ""FERTILIZER"", 1], [""COLLECT_FERTILIZER""], [""WEST""]]"	[]
124	5	4	DSM	"[""EAST""]"	"[[""WEST""], [""FEED""], [""NORTH""], [""PLACE"", ""FERTILIZER"", 1], [""COLLECT_FERTILIZER""], [""WEST""]]"	[]
125	5	5	Majkel1337	"[""CARE""]"	"[[""COLLECT_FERTILIZER""], [""CARE""], [""WEST""], [""WEST""], [""SOUTH""], [""WATER""]]"	"[[""SELL"", ""FERTILIZER"", 1]]"
125	5	5	DSM	"[""PLACE"", ""FERTILIZER"", 1]"	"[[""WEST""], [""CARE""], [""WEST""], [""PICKUP"", ""WHEAT"", 5], [""SOUTH""], [""WATER""]]"	"[[""SELL"", ""FERTILIZER"", 1]]"
126	5	6	Majkel1337	"[""WEST""]"	"[[""EAST""], [""WEST""], [""CARE""], [""WEST""], [""SOUTH""], [""NORTH""]]"	[]
126	5	6	DSM	"[""WEST""]"	"[[""COLLECT_FERTILIZER""], [""WEST""], [""CARE""], [""FEED""], [""SOUTH""], [""NORTH""]]"	"[[""SELL"", ""FERTILIZER"", 1]]"
127	5	7	Majkel1337	"[""FEED""]"	"[[""PLACE"", ""FERTILIZER"", 1], [""FEED""], [""NORTH""], [""COLLECT_FERTILIZER""], [""PLACE"", ""FERTILIZER"", 1], [""WATER""]]"	[]
127	5	7	DSM	"[""NORTH""]"	"[[""EAST""], [""FEED""], [""NORTH""], [""NORTH""], [""PLACE"", ""FERTILIZER"", 1], [""WATER""]]"	[]
128	5	8	Majkel1337	"[""CARE""]"	"[[""FEED""], [""CARE""], [""WATER""], [""EAST""], [""NORTH""], [""NORTH""]]"	"[[""SELL"", ""FERTILIZER"", 2], [""BUY_PRODUCT"", ""WHEAT"", 3]]"
128	5	8	DSM	"[""WEST""]"	"[[""EAST""], [""CARE""], [""WATER""], [""FEED""], [""NORTH""], [""NORTH""]]"	"[[""SELL"", ""FERTILIZER"", 1]]"
129	5	9	Majkel1337	"[""NORTH""]"	"[[""NORTH""], [""NORTH""], [""WEST""], [""EAST""], [""NORTH""], [""WATER""]]"	[]
129	5	9	DSM	"[""WATER""]"	"[[""PLACE"", ""FERTILIZER"", 1], [""NORTH""], [""WEST""], [""NORTH""], [""NORTH""], [""WATER""]]"	[]
130	5	10	Majkel1337	"[""WATER""]"	"[[""FEED""], [""NORTH""], [""WATER""], [""PLACE"", ""FERTILIZER"", 1], [""WEST""], [""NORTH""]]"	[]
130	5	10	DSM	"[""WEST""]"	"[[""NORTH""], [""NORTH""], [""WATER""], [""FEED""], [""WEST""], [""NORTH""]]"	"[[""SELL"", ""FERTILIZER"", 1]]"
131	5	11	Majkel1337	"[""EAST""]"	"[[""CARE""], [""EAST""], [""WEST""], [""PICKUP"", ""WHEAT"", 3], [""WATER""], [""WATER""]]"	"[[""SELL"", ""FERTILIZER"", 1]]"
131	5	11	DSM	"[""WEST""]"	"[[""CARE""], [""EAST""], [""WEST""], [""SOUTH""], [""WATER""], [""WATER""]]"	[]
132	5	12	Majkel1337	"[""WATER""]"	"[[""NORTH""], [""EAST""], [""WATER""], [""NORTH""], [""NORTH""], [""NORTH""]]"	[]
132	5	12	DSM	"[""WATER""]"	"[[""SOUTH""], [""WEST""], [""WATER""], [""WEST""], [""NORTH""], [""NORTH""]]"	[]
133	5	13	Majkel1337	"[""NORTH""]"	"[[""FEED""], [""FEED""], [""NORTH""], [""NORTH""], [""NORTH""], [""WATER""]]"	[]
133	5	13	DSM	"[""SOUTH""]"	"[[""DROP""], [""WATER""], [""NORTH""], [""WATER""], [""NORTH""], [""WATER""]]"	[]
134	5	14	Majkel1337	"[""WEST""]"	"[[""SOUTH""], [""WEST""], [""WATER""], [""SOUTH""], [""WEST""], [""WEST""]]"	[]
134	5	14	DSM	"[""WATER""]"	"[[""PICKUP"", ""WHEAT"", 2], [""WEST""], [""WATER""], [""NORTH""], [""WEST""], [""WEST""]]"	[]
135	5	15	Majkel1337	"[""WATER""]"	"[[""SOUTH""], [""WEST""], [""EAST""], [""SOUTH""], [""EAST""], [""WATER""]]"	[]
135	5	15	DSM	"[""NORTH""]"	"[[""PICKUP"", ""WHEAT"", 1], [""WEST""], [""EAST""], [""SOUTH""], [""EAST""], [""WATER""]]"	[]
136	5	16	Majkel1337	"[""WEST""]"	"[[""DROP""], [""WEST""], [""WATER""], [""DROP""], [""WATER""], [""SOUTH""]]"	[]
136	5	16	DSM	"[""NORTH""]"	"[[""PICKUP"", ""WHEAT"", 1], [""WATER""], [""WATER""], [""NORTH""], [""WATER""], [""SOUTH""]]"	[]
137	5	17	Majkel1337	"[""WEST""]"	"[[""PICKUP"", ""WHEAT"", 1], [""WEST""], [""EAST""], [""PICKUP"", ""WHEAT"", 1], [""EAST""], [""WATER""]]"	[]
137	5	17	DSM	"[""NORTH""]"	"[[""DROP""], [""NORTH""], [""EAST""], [""NORTH""], [""EAST""], [""WATER""]]"	[]
138	5	18	Majkel1337	"[""WATER""]"	"[[""PICKUP"", ""WHEAT"", 1], [""WATER""], [""WATER""], [""PICKUP"", ""WHEAT"", 1], [""WATER""], [""SOUTH""]]"	[]
138	5	18	DSM	"[""NORTH""]"	"[[""PICKUP"", ""WHEAT"", 2], [""NORTH""], [""WATER""], [""NORTH""], [""WATER""], [""NORTH""]]"	[]
139	5	19	Majkel1337	"[""SOUTH""]"	"[[""DROP""], [""SOUTH""], [""SOUTH""], [""DROP""], [""SOUTH""], [""SOUTH""]]"	[]
139	5	19	DSM	"[""SOUTH""]"	"[[""PICKUP"", ""WHEAT"", 1], [""SOUTH""], [""SOUTH""], [""SOUTH""], [""SOUTH""], [""SOUTH""]]"	[]
140	5	20	Majkel1337	"[""WATER""]"	"[[""PICKUP"", ""WHEAT"", 1], [""WATER""], [""SOUTH""], [""PICKUP"", ""WHEAT"", 1], [""SOUTH""], [""WATER""]]"	[]
140	5	20	DSM	"[""EAST""]"	"[[""PICKUP"", ""WHEAT"", 1], [""SOUTH""], [""SOUTH""], [""SOUTH""], [""SOUTH""], [""EAST""]]"	[]
141	5	21	Majkel1337	"[""SOUTH""]"	"[[""PICKUP"", ""WHEAT"", 1], [""SOUTH""], [""SOUTH""], [""PICKUP"", ""WHEAT"", 1], [""SOUTH""], [""SOUTH""]]"	[]
141	5	21	DSM	"[""SOUTH""]"	"[[""DROP""], [""SOUTH""], [""SOUTH""], [""SOUTH""], [""SOUTH""], [""SOUTH""]]"	[]
142	5	22	Majkel1337	"[""WATER""]"	"[[""DROP""], [""WATER""], [""SOUTH""], [""DROP""], [""SOUTH""], [""WATER""]]"	[]
142	5	22	DSM	"[""SOUTH""]"	"[[""PICKUP"", ""WHEAT"", 2], [""SOUTH""], [""SOUTH""], [""SOUTH""], [""WEST""], [""SOUTH""]]"	[]
143	5	23	Majkel1337	"[""EAST""]"	"[[""PASS""], [""PASS""], [""DROP""], [""PASS""], [""PICKUP"", ""WHEAT"", 4], [""EAST""]]"	[]
143	5	23	DSM	"[""PASS""]"	"[[""PICKUP"", ""WHEAT"", 1], [""EAST""], [""DROP""], [""EAST""], [""PASS""], [""EAST""]]"	[]
144	6	0	Majkel1337	"[""NORTH""]"	[]	"[[""SELL"", ""WHEAT"", 2], [""HIRE""], [""HIRE""], [""HIRE""], [""HIRE""], [""HIRE""], [""HIRE""], [""HIRE""], [""HIRE""]]"
144	6	0	DSM	"[""NORTH""]"	[]	"[[""SELL"", ""WHEAT"", 2], [""HIRE""], [""HIRE""], [""HIRE""], [""HIRE""], [""HIRE""], [""HIRE""], [""HIRE""], [""HIRE""]]"
145	6	1	Majkel1337	"[""HARVEST""]"	"[[""WEST""], [""PICKUP"", ""WHEAT"", 1], [""PICKUP"", ""WHEAT"", 1], [""NORTH""], [""NORTH""], [""WEST""], [""NORTH""], [""NORTH""]]"	"[[""SELL"", ""WHEAT"", 1]]"
145	6	1	DSM	"[""HARVEST""]"	"[[""WEST""], [""PICKUP"", ""WHEAT"", 1], [""PICKUP"", ""WHEAT"", 1], [""NORTH""], [""NORTH""], [""WEST""], [""NORTH""], [""NORTH""]]"	"[[""BUY_PRODUCT"", ""WHEAT"", 2]]"
146	6	2	Majkel1337	"[""SOUTH""]"	"[[""WEST""], [""NORTH""], [""NORTH""], [""WEST""], [""NORTH""], [""WEST""], [""WEST""], [""WEST""]]"	[]
146	6	2	DSM	"[""SOUTH""]"	"[[""WEST""], [""NORTH""], [""NORTH""], [""WEST""], [""NORTH""], [""WEST""], [""WEST""], [""WEST""]]"	[]
147	6	3	Majkel1337	"[""DROP""]"	"[[""HARVEST""], [""NORTH""], [""FEED""], [""NORTH""], [""WEST""], [""HARVEST""], [""WEST""], [""WEST""]]"	[]
147	6	3	DSM	"[""DROP""]"	"[[""HARVEST""], [""NORTH""], [""FEED""], [""NORTH""], [""WEST""], [""HARVEST""], [""WEST""], [""WEST""]]"	[]
148	6	4	Majkel1337	"[""PICKUP"", ""WHEAT"", 10]"	"[[""EAST""], [""WEST""], [""CARE""], [""COLLECT_FERTILIZER""], [""WATER""], [""EAST""], [""WEST""], [""COLLECT_FERTILIZER""]]"	"[[""SELL"", ""WOOL"", 6]]"
148	6	4	DSM	"[""PICKUP"", ""WHEAT"", 9]"	"[[""EAST""], [""WEST""], [""CARE""], [""COLLECT_FERTILIZER""], [""WATER""], [""EAST""], [""WEST""], [""COLLECT_FERTILIZER""]]"	"[[""SELL"", ""WOOL"", 6]]"
149	6	5	Majkel1337	"[""WEST""]"	"[[""EAST""], [""FEED""], [""COLLECT_FERTILIZER""], [""SOUTH""], [""NORTH""], [""DROP""], [""WATER""], [""EAST""]]"	"[[""BUY_LAND""]]"
149	6	5	DSM	"[""WEST""]"	"[[""EAST""], [""FEED""], [""COLLECT_FERTILIZER""], [""SOUTH""], [""NORTH""], [""DROP""], [""WATER""], [""EAST""]]"	"[[""BUY_LAND""]]"
150	6	6	Majkel1337	"[""FEED""]"	"[[""DROP""], [""CARE""], [""PLACE"", ""FERTILIZER"", 1], [""PLACE"", ""FERTILIZER"", 1], [""WATER""], [""NORTH""], [""NORTH""], [""PLACE"", ""FERTILIZER"", 1]]"	"[[""SELL"", ""WOOL"", 6], [""BUY_ANIMAL"", ""COW"", 1], [""BUY_ANIMAL"", ""SHEEP"", 1], [""BUY_SEED"", ""STRAWBERRY"", 1], [""BUY_PRODUCT"", ""WHEAT"", 4]]"
150	6	6	DSM	"[""FEED""]"	"[[""DROP""], [""CARE""], [""PLACE"", ""FERTILIZER"", 1], [""PLACE"", ""FERTILIZER"", 1], [""WATER""], [""NORTH""], [""NORTH""], [""PLACE"", ""FERTILIZER"", 1]]"	"[[""SELL"", ""WOOL"", 6], [""BUY_ANIMAL"", ""COW"", 1], [""BUY_ANIMAL"", ""SHEEP"", 1], [""BUY_PRODUCT"", ""WHEAT"", 5]]"
151	6	7	Majkel1337	"[""CARE""]"	"[[""PICKUP"", ""SHEEP"", 1], [""COLLECT_FERTILIZER""], [""PICKUP"", ""COW"", 1], [""PICKUP"", ""SHEEP"", 1], [""EAST""], [""NORTH""], [""WATER""], [""PICKUP"", ""COW"", 1]]"	"[[""SELL"", ""WOOL"", 6], [""SELL"", ""FERTILIZER"", 3]]"
151	6	7	DSM	"[""CARE""]"	"[[""PICKUP"", ""SHEEP"", 1], [""COLLECT_FERTILIZER""], [""PICKUP"", ""COW"", 1], [""PICKUP"", ""SHEEP"", 1], [""EAST""], [""NORTH""], [""WATER""], [""PICKUP"", ""COW"", 1]]"	"[[""SELL"", ""WOOL"", 6], [""SELL"", ""FERTILIZER"", 3]]"
152	6	8	Majkel1337	"[""WEST""]"	"[[""EAST""], [""SOUTH""], [""EAST""], [""PICKUP"", ""WHEAT"", 1], [""EAST""], [""NORTH""], [""NORTH""], [""PICKUP"", ""WHEAT"", 1]]"	"[[""BUY_ANIMAL"", ""SHEEP"", 1]]"
152	6	8	DSM	"[""WEST""]"	"[[""EAST""], [""SOUTH""], [""EAST""], [""PICKUP"", ""WHEAT"", 1], [""EAST""], [""NORTH""], [""NORTH""], [""PICKUP"", ""WHEAT"", 1]]"	"[[""BUY_ANIMAL"", ""SHEEP"", 1]]"
153	6	9	Majkel1337	"[""FEED""]"	"[[""BUILD_PASTURE""], [""SOUTH""], [""BUILD_PASTURE""], [""PICKUP"", ""SHEEP"", 1], [""PLANT"", ""STRAWBERRY""], [""WATER""], [""WATER""], [""PICKUP"", ""SHEEP"", 1]]"	"[[""BUY_SEED"", ""STRAWBERRY"", 1]]"
153	6	9	DSM	"[""FEED""]"	"[[""BUILD_PASTURE""], [""SOUTH""], [""BUILD_PASTURE""], [""PICKUP"", ""SHEEP"", 1], [""PLANT"", ""STRAWBERRY""], [""WATER""], [""WATER""], [""PICKUP"", ""SHEEP"", 1]]"	"[[""BUY_SEED"", ""STRAWBERRY"", 1]]"
154	6	10	Majkel1337	"[""CARE""]"	"[[""PLACE"", ""SHEEP"", 1], [""PLACE"", ""FERTILIZER"", 1], [""PLACE"", ""COW"", 1], [""EAST""], [""WATER""], [""NORTH""], [""NORTH""], [""NORTH""]]"	"[[""BUY_ANIMAL"", ""SHEEP"", 1], [""BUY_SEED"", ""WHEAT"", 1], [""BUY_SEED"", ""STRAWBERRY"", 1]]"
154	6	10	DSM	"[""CARE""]"	"[[""PLACE"", ""SHEEP"", 1], [""PLACE"", ""FERTILIZER"", 1], [""PLACE"", ""COW"", 1], [""EAST""], [""WATER""], [""NORTH""], [""NORTH""], [""NORTH""]]"	"[[""BUY_ANIMAL"", ""SHEEP"", 1], [""BUY_SEED"", ""WHEAT"", 1], [""BUY_SEED"", ""STRAWBERRY"", 1]]"
155	6	11	Majkel1337	"[""COLLECT_FERTILIZER""]"	"[[""PICKUP"", ""SHEEP"", 1], [""PICKUP"", ""COW"", 1], [""PICKUP"", ""SHEEP"", 1], [""EAST""], [""EAST""], [""EAST""], [""WATER""], [""FEED""]]"	"[[""SELL"", ""FERTILIZER"", 1]]"
155	6	11	DSM	"[""COLLECT_FERTILIZER""]"	"[[""PICKUP"", ""SHEEP"", 1], [""PICKUP"", ""COW"", 1], [""PICKUP"", ""SHEEP"", 1], [""EAST""], [""EAST""], [""EAST""], [""WATER""], [""FEED""]]"	"[[""SELL"", ""FERTILIZER"", 1]]"
156	6	12	Majkel1337	"[""NORTH""]"	"[[""EAST""], [""EAST""], [""PICKUP"", ""WHEAT"", 1], [""BUILD_PASTURE""], [""PLANT"", ""STRAWBERRY""], [""PLANT"", ""STRAWBERRY""], [""NORTH""], [""CARE""]]"	"[[""BUY_ANIMAL"", ""SHEEP"", 1], [""BUY_SEED"", ""STRAWBERRY"", 1]]"
156	6	12	DSM	"[""NORTH""]"	"[[""EAST""], [""EAST""], [""PICKUP"", ""WHEAT"", 1], [""BUILD_PASTURE""], [""PLANT"", ""STRAWBERRY""], [""PLANT"", ""STRAWBERRY""], [""NORTH""], [""CARE""]]"	"[[""BUY_ANIMAL"", ""SHEEP"", 1], [""BUY_SEED"", ""STRAWBERRY"", 1]]"
157	6	13	Majkel1337	"[""WATER""]"	"[[""NORTH""], [""NORTH""], [""PICKUP"", ""SHEEP"", 1], [""PLACE"", ""SHEEP"", 1], [""WATER""], [""WATER""], [""WATER""], [""SOUTH""]]"	"[[""BUY_SEED"", ""STRAWBERRY"", 1]]"
157	6	13	DSM	"[""WATER""]"	"[[""NORTH""], [""NORTH""], [""PICKUP"", ""SHEEP"", 1], [""PLACE"", ""SHEEP"", 1], [""WATER""], [""WATER""], [""WATER""], [""SOUTH""]]"	"[[""BUY_SEED"", ""WHEAT"", 1], [""BUY_SEED"", ""STRAWBERRY"", 1]]"
158	6	14	Majkel1337	"[""EAST""]"	"[[""BUILD_PASTURE""], [""BUILD_PASTURE""], [""EAST""], [""FEED""], [""EAST""], [""EAST""], [""WEST""], [""PICKUP"", ""WHEAT"", 1]]"	"[[""BUY_ANIMAL"", ""COW"", 1], [""BUY_ANIMAL"", ""SHEEP"", 1], [""BUY_SEED"", ""STRAWBERRY"", 1]]"
158	6	14	DSM	"[""EAST""]"	"[[""BUILD_PASTURE""], [""BUILD_PASTURE""], [""EAST""], [""FEED""], [""EAST""], [""EAST""], [""WEST""], [""PICKUP"", ""WHEAT"", 1]]"	"[[""BUY_ANIMAL"", ""COW"", 1], [""BUY_ANIMAL"", ""SHEEP"", 1], [""BUY_SEED"", ""STRAWBERRY"", 1]]"
159	6	15	Majkel1337	"[""WATER""]"	"[[""PLACE"", ""SHEEP"", 1], [""PLACE"", ""COW"", 1], [""EAST""], [""WEST""], [""PLANT"", ""STRAWBERRY""], [""EAST""], [""WATER""], [""PICKUP"", ""SHEEP"", 1]]"	"[[""BUY_SEED"", ""STRAWBERRY"", 1]]"
159	6	15	DSM	"[""WATER""]"	"[[""PLACE"", ""SHEEP"", 1], [""PLACE"", ""COW"", 1], [""EAST""], [""WEST""], [""PLANT"", ""STRAWBERRY""], [""EAST""], [""WATER""], [""PICKUP"", ""SHEEP"", 1]]"	"[[""BUY_SEED"", ""STRAWBERRY"", 1]]"
160	6	16	Majkel1337	"[""EAST""]"	"[[""NORTH""], [""SOUTH""], [""BUILD_PASTURE""], [""PICKUP"", ""COW"", 1], [""WATER""], [""PLANT"", ""STRAWBERRY""], [""SOUTH""], [""EAST""]]"	"[[""BUY_SEED"", ""STRAWBERRY"", 1]]"
160	6	16	DSM	"[""EAST""]"	"[[""NORTH""], [""SOUTH""], [""BUILD_PASTURE""], [""PICKUP"", ""COW"", 1], [""WATER""], [""PLANT"", ""STRAWBERRY""], [""SOUTH""], [""EAST""]]"	"[[""BUY_SEED"", ""STRAWBERRY"", 1]]"
161	6	17	Majkel1337	"[""EAST""]"	"[[""EAST""], [""CARE""], [""PLACE"", ""SHEEP"", 1], [""NORTH""], [""EAST""], [""WATER""], [""WATER""], [""NORTH""]]"	"[[""BUY_SEED"", ""STRAWBERRY"", 1]]"
161	6	17	DSM	"[""EAST""]"	"[[""EAST""], [""PICKUP"", ""WHEAT"", 1], [""PLACE"", ""SHEEP"", 1], [""NORTH""], [""EAST""], [""WATER""], [""WATER""], [""NORTH""]]"	"[[""BUY_SEED"", ""STRAWBERRY"", 1]]"
162	6	18	Majkel1337	"[""SOUTH""]"	"[[""PLANT"", ""WHEAT""], [""EAST""], [""FEED""], [""NORTH""], [""PLANT"", ""STRAWBERRY""], [""EAST""], [""SOUTH""], [""EAST""]]"	"[[""BUY_SEED"", ""STRAWBERRY"", 1]]"
162	6	18	DSM	"[""FEED""]"	"[[""PLANT"", ""WHEAT""], [""FEED""], [""FEED""], [""NORTH""], [""PLANT"", ""STRAWBERRY""], [""EAST""], [""SOUTH""], [""EAST""]]"	"[[""BUY_SEED"", ""STRAWBERRY"", 1]]"
163	6	19	Majkel1337	"[""FEED""]"	"[[""WATER""], [""CARE""], [""CARE""], [""BUILD_PASTURE""], [""WATER""], [""PLANT"", ""STRAWBERRY""], [""WATER""], [""EAST""]]"	"[[""BUY_SEED"", ""WHEAT"", 1], [""BUY_SEED"", ""STRAWBERRY"", 1]]"
163	6	19	DSM	"[""CARE""]"	"[[""WATER""], [""CARE""], [""CARE""], [""BUILD_PASTURE""], [""WATER""], [""PLANT"", ""STRAWBERRY""], [""WATER""], [""EAST""]]"	"[[""BUY_SEED"", ""WHEAT"", 1], [""BUY_SEED"", ""STRAWBERRY"", 1]]"
164	6	20	Majkel1337	"[""NORTH""]"	"[[""EAST""], [""NORTH""], [""EAST""], [""PLACE"", ""COW"", 1], [""EAST""], [""WATER""], [""SOUTH""], [""BUILD_PASTURE""]]"	[]
164	6	20	DSM	"[""EAST""]"	"[[""EAST""], [""EAST""], [""EAST""], [""PLACE"", ""COW"", 1], [""EAST""], [""WATER""], [""SOUTH""], [""BUILD_PASTURE""]]"	"[[""BUY_SEED"", ""WHEAT"", 1], [""BUY_SEED"", ""STRAWBERRY"", 1]]"
165	6	21	Majkel1337	"[""EAST""]"	"[[""PLANT"", ""WHEAT""], [""CARE""], [""EAST""], [""CARE""], [""PLANT"", ""STRAWBERRY""], [""EAST""], [""WATER""], [""PLACE"", ""SHEEP"", 1]]"	[]
165	6	21	DSM	"[""FEED""]"	"[[""PLANT"", ""WHEAT""], [""CARE""], [""NORTH""], [""CARE""], [""PLANT"", ""WHEAT""], [""EAST""], [""WATER""], [""PLACE"", ""SHEEP"", 1]]"	"[[""BUY_SEED"", ""WHEAT"", 1], [""BUY_SEED"", ""STRAWBERRY"", 1]]"
166	6	22	Majkel1337	"[""FEED""]"	"[[""WATER""], [""EAST""], [""NORTH""], [""SOUTH""], [""WATER""], [""SOUTH""], [""SOUTH""], [""FEED""]]"	[]
166	6	22	DSM	"[""CARE""]"	"[[""WATER""], [""NORTH""], [""PLANT"", ""WHEAT""], [""SOUTH""], [""WATER""], [""PLANT"", ""WHEAT""], [""SOUTH""], [""FEED""]]"	[]
167	6	23	Majkel1337	"[""WEST""]"	"[[""PASS""], [""CARE""], [""NORTH""], [""CARE""], [""PASS""], [""PASS""], [""WATER""], [""CARE""]]"	[]
167	6	23	DSM	"[""NORTH""]"	"[[""PASS""], [""EAST""], [""WATER""], [""EAST""], [""NORTH""], [""WATER""], [""WATER""], [""CARE""]]"	[]
168	7	0	Majkel1337	"[""PICKUP"", ""WHEAT"", 6]"	[]	"[[""SELL"", ""FERTILIZER"", 1], [""HIRE""], [""HIRE""], [""HIRE""], [""HIRE""], [""HIRE""], [""HIRE""], [""HIRE""], [""HIRE""]]"
168	7	0	DSM	"[""PICKUP"", ""WHEAT"", 4]"	[]	"[[""SELL"", ""FERTILIZER"", 1], [""HIRE""], [""HIRE""], [""HIRE""], [""HIRE""], [""HIRE""], [""HIRE""], [""HIRE""], [""HIRE""]]"
169	7	1	Majkel1337	"[""WEST""]"	"[[""COLLECT_FERTILIZER""], [""NORTH""], [""NORTH""], [""COLLECT_FERTILIZER""], [""COLLECT_FERTILIZER""], [""NORTH""], [""NORTH""], [""NORTH""]]"	"[[""HIRE""]]"
169	7	1	DSM	"[""WEST""]"	"[[""CARE""], [""NORTH""], [""NORTH""], [""COLLECT_FERTILIZER""], [""COLLECT_FERTILIZER""], [""NORTH""], [""NORTH""], [""NORTH""]]"	"[[""HIRE""]]"
170	7	2	Majkel1337	"[""FEED""]"	"[[""PLACE"", ""FERTILIZER"", 1], [""CARE""], [""EAST""], [""PLACE"", ""FERTILIZER"", 1], [""NORTH""], [""WEST""], [""NORTH""], [""NORTH""], [""NORTH""]]"	[]
170	7	2	DSM	"[""FEED""]"	"[[""NORTH""], [""CARE""], [""EAST""], [""PLACE"", ""FERTILIZER"", 1], [""PLACE"", ""FERTILIZER"", 1], [""WEST""], [""NORTH""], [""NORTH""], [""NORTH""]]"	[]
171	7	3	Majkel1337	"[""CARE""]"	"[[""NORTH""], [""WEST""], [""COLLECT_FERTILIZER""], [""NORTH""], [""COLLECT_FERTILIZER""], [""WEST""], [""NORTH""], [""WEST""], [""NORTH""]]"	"[[""SELL"", ""FERTILIZER"", 2]]"
171	7	3	DSM	"[""CARE""]"	"[[""COLLECT_FERTILIZER""], [""WEST""], [""COLLECT_FERTILIZER""], [""NORTH""], [""NORTH""], [""WEST""], [""NORTH""], [""WEST""], [""NORTH""]]"	"[[""SELL"", ""FERTILIZER"", 2]]"
172	7	4	Majkel1337	"[""WEST""]"	"[[""EAST""], [""COLLECT_FERTILIZER""], [""WEST""], [""COLLECT_FERTILIZER""], [""SOUTH""], [""WEST""], [""EAST""], [""WATER""], [""WEST""]]"	[]
172	7	4	DSM	"[""WEST""]"	"[[""SOUTH""], [""COLLECT_FERTILIZER""], [""WEST""], [""COLLECT_FERTILIZER""], [""NORTH""], [""WEST""], [""EAST""], [""WATER""], [""WEST""]]"	[]
173	7	5	Majkel1337	"[""FEED""]"	"[[""COLLECT_FERTILIZER""], [""EAST""], [""PLACE"", ""FERTILIZER"", 1], [""SOUTH""], [""PLACE"", ""FERTILIZER"", 1], [""WATER""], [""EAST""], [""NORTH""], [""WATER""]]"	"[[""BUY_SEED"", ""STRAWBERRY"", 1]]"
173	7	5	DSM	"[""FEED""]"	"[[""PLACE"", ""FERTILIZER"", 1], [""EAST""], [""PLACE"", ""FERTILIZER"", 1], [""SOUTH""], [""COLLECT_FERTILIZER""], [""WATER""], [""EAST""], [""NORTH""], [""WATER""]]"	[]
174	7	6	Majkel1337	"[""CARE""]"	"[[""SOUTH""], [""PLACE"", ""FERTILIZER"", 1], [""EAST""], [""PLACE"", ""FERTILIZER"", 1], [""NORTH""], [""NORTH""], [""EAST""], [""WATER""], [""WEST""]]"	"[[""SELL"", ""FERTILIZER"", 2], [""BUY_PRODUCT"", ""WHEAT"", 4]]"
174	7	6	DSM	"[""CARE""]"	"[[""NORTH""], [""PLACE"", ""FERTILIZER"", 1], [""EAST""], [""PLACE"", ""FERTILIZER"", 1], [""SOUTH""], [""NORTH""], [""WATER""], [""WATER""], [""WEST""]]"	"[[""SELL"", ""FERTILIZER"", 2], [""BUY_SEED"", ""STRAWBERRY"", 1], [""BUY_PRODUCT"", ""WHEAT"", 3]]"
175	7	7	Majkel1337	"[""COLLECT_FERTILIZER""]"	"[[""WEST""], [""PICKUP"", ""WHEAT"", 4], [""EAST""], [""PICKUP"", ""WHEAT"", 4], [""NORTH""], [""WATER""], [""WATER""], [""NORTH""], [""WATER""]]"	"[[""SELL"", ""FERTILIZER"", 2]]"
175	7	7	DSM	"[""COLLECT_FERTILIZER""]"	"[[""EAST""], [""PICKUP"", ""WHEAT"", 3], [""EAST""], [""PICKUP"", ""WHEAT"", 3], [""SOUTH""], [""WATER""], [""EAST""], [""NORTH""], [""WATER""]]"	"[[""SELL"", ""FERTILIZER"", 2]]"
176	7	8	Majkel1337	"[""EAST""]"	"[[""PLACE"", ""FERTILIZER"", 1], [""FEED""], [""COLLECT_FERTILIZER""], [""NORTH""], [""COLLECT_FERTILIZER""], [""NORTH""], [""EAST""], [""WATER""], [""NORTH""]]"	"[[""BUY_PRODUCT"", ""WHEAT"", 3]]"
176	7	8	DSM	"[""EAST""]"	"[[""COLLECT_FERTILIZER""], [""FEED""], [""COLLECT_FERTILIZER""], [""NORTH""], [""PLACE"", ""FERTILIZER"", 1], [""NORTH""], [""EAST""], [""WATER""], [""NORTH""]]"	"[[""BUY_PRODUCT"", ""WHEAT"", 3]]"
177	7	9	Majkel1337	"[""EAST""]"	"[[""PICKUP"", ""WHEAT"", 3], [""NORTH""], [""NORTH""], [""NORTH""], [""SOUTH""], [""WATER""], [""PLANT"", ""STRAWBERRY""], [""EAST""], [""WATER""]]"	"[[""SELL"", ""FERTILIZER"", 1], [""BUY_SEED"", ""STRAWBERRY"", 1]]"
177	7	9	DSM	"[""EAST""]"	"[[""SOUTH""], [""NORTH""], [""NORTH""], [""NORTH""], [""PICKUP"", ""WHEAT"", 3], [""WATER""], [""PLANT"", ""STRAWBERRY""], [""EAST""], [""WATER""]]"	"[[""SELL"", ""FERTILIZER"", 1], [""BUY_SEED"", ""WHEAT"", 1], [""BUY_SEED"", ""STRAWBERRY"", 1]]"
178	7	10	Majkel1337	"[""PLACE"", ""FERTILIZER"", 1]"	"[[""FEED""], [""NORTH""], [""COLLECT_FERTILIZER""], [""COLLECT_FERTILIZER""], [""SOUTH""], [""NORTH""], [""WATER""], [""WATER""], [""NORTH""]]"	"[[""BUY_PRODUCT"", ""WHEAT"", 3]]"
178	7	10	DSM	"[""PLACE"", ""FERTILIZER"", 1]"	"[[""WEST""], [""NORTH""], [""COLLECT_FERTILIZER""], [""COLLECT_FERTILIZER""], [""FEED""], [""NORTH""], [""WATER""], [""WATER""], [""NORTH""]]"	"[[""BUY_PRODUCT"", ""WHEAT"", 3]]"
179	7	11	Majkel1337	"[""NORTH""]"	"[[""CARE""], [""FEED""], [""EAST""], [""SOUTH""], [""PLACE"", ""FERTILIZER"", 1], [""WATER""], [""NORTH""], [""EAST""], [""WATER""]]"	"[[""SELL"", ""FERTILIZER"", 1], [""BUY_SEED"", ""STRAWBERRY"", 1]]"
179	7	11	DSM	"[""NORTH""]"	"[[""PLACE"", ""FERTILIZER"", 1], [""FEED""], [""EAST""], [""SOUTH""], [""EAST""], [""WATER""], [""NORTH""], [""EAST""], [""WATER""]]"	"[[""SELL"", ""FERTILIZER"", 1]]"
180	7	12	Majkel1337	"[""FEED""]"	"[[""EAST""], [""CARE""], [""EAST""], [""SOUTH""], [""PICKUP"", ""WHEAT"", 3], [""NORTH""], [""WATER""], [""EAST""], [""NORTH""]]"	"[[""SELL"", ""FERTILIZER"", 1], [""BUY_SEED"", ""STRAWBERRY"", 1]]"
180	7	12	DSM	"[""FEED""]"	"[[""PICKUP"", ""WHEAT"", 3], [""CARE""], [""EAST""], [""SOUTH""], [""FEED""], [""NORTH""], [""WATER""], [""EAST""], [""NORTH""]]"	"[[""SELL"", ""FERTILIZER"", 1], [""BUY_SEED"", ""STRAWBERRY"", 1]]"
181	7	13	Majkel1337	"[""CARE""]"	"[[""FEED""], [""EAST""], [""PLANT"", ""STRAWBERRY""], [""PLACE"", ""FERTILIZER"", 1], [""EAST""], [""WATER""], [""NORTH""], [""PLANT"", ""STRAWBERRY""], [""WATER""]]"	"[[""BUY_SEED"", ""STRAWBERRY"", 1], [""BUY_PRODUCT"", ""WHEAT"", 3]]"
181	7	13	DSM	"[""CARE""]"	"[[""EAST""], [""EAST""], [""PLANT"", ""STRAWBERRY""], [""PLACE"", ""FERTILIZER"", 1], [""EAST""], [""WATER""], [""NORTH""], [""PLANT"", ""STRAWBERRY""], [""WATER""]]"	"[[""BUY_SEED"", ""STRAWBERRY"", 1]]"
182	7	14	Majkel1337	"[""EAST""]"	"[[""EAST""], [""FEED""], [""WATER""], [""PICKUP"", ""WHEAT"", 2], [""EAST""], [""WEST""], [""PLANT"", ""STRAWBERRY""], [""WATER""], [""SOUTH""]]"	"[[""SELL"", ""FERTILIZER"", 1], [""BUY_SEED"", ""STRAWBERRY"", 1]]"
182	7	14	DSM	"[""NORTH""]"	"[[""EAST""], [""FEED""], [""WATER""], [""EAST""], [""FEED""], [""WEST""], [""WATER""], [""WATER""], [""SOUTH""]]"	"[[""SELL"", ""FERTILIZER"", 1], [""BUY_SEED"", ""STRAWBERRY"", 1]]"
183	7	15	Majkel1337	"[""FEED""]"	"[[""FEED""], [""CARE""], [""SOUTH""], [""NORTH""], [""FEED""], [""WATER""], [""WATER""], [""SOUTH""], [""EAST""]]"	"[[""BUY_SEED"", ""STRAWBERRY"", 1], [""BUY_PRODUCT"", ""WHEAT"", 3]]"
183	7	15	DSM	"[""SOUTH""]"	"[[""CARE""], [""CARE""], [""SOUTH""], [""EAST""], [""CARE""], [""WATER""], [""WEST""], [""EAST""], [""EAST""]]"	[]
184	7	16	Majkel1337	"[""EAST""]"	"[[""CARE""], [""SOUTH""], [""PLANT"", ""STRAWBERRY""], [""EAST""], [""CARE""], [""SOUTH""], [""WEST""], [""SOUTH""], [""EAST""]]"	"[[""BUY_SEED"", ""STRAWBERRY"", 1]]"
184	7	16	DSM	"[""EAST""]"	"[[""NORTH""], [""SOUTH""], [""PLANT"", ""STRAWBERRY""], [""CARE""], [""NORTH""], [""SOUTH""], [""WATER""], [""WATER""], [""EAST""]]"	[]
185	7	17	Majkel1337	"[""FEED""]"	"[[""NORTH""], [""EAST""], [""WATER""], [""EAST""], [""NORTH""], [""WATER""], [""WATER""], [""DIG""], [""WATER""]]"	[]
185	7	17	DSM	"[""FEED""]"	"[[""FEED""], [""CARE""], [""WATER""], [""NORTH""], [""CARE""], [""WATER""], [""SOUTH""], [""SOUTH""], [""WATER""]]"	[]
186	7	18	Majkel1337	"[""CARE""]"	"[[""CARE""], [""CARE""], [""NORTH""], [""CARE""], [""FEED""], [""SOUTH""], [""WEST""], [""NORTH""], [""EAST""]]"	[]
186	7	18	DSM	"[""EAST""]"	"[[""WEST""], [""EAST""], [""NORTH""], [""CARE""], [""WEST""], [""SOUTH""], [""WATER""], [""WATER""], [""EAST""]]"	[]
187	7	19	Majkel1337	"[""WEST""]"	"[[""SOUTH""], [""SOUTH""], [""NORTH""], [""SOUTH""], [""SOUTH""], [""WATER""], [""WATER""], [""WATER""], [""WATER""]]"	[]
187	7	19	DSM	"[""NORTH""]"	"[[""FEED""], [""NORTH""], [""WEST""], [""EAST""], [""NORTH""], [""WATER""], [""WEST""], [""WEST""], [""WATER""]]"	[]
188	7	20	Majkel1337	"[""CARE""]"	"[[""WEST""], [""CARE""], [""NORTH""], [""CARE""], [""WEST""], [""SOUTH""], [""SOUTH""], [""EAST""], [""NORTH""]]"	[]
188	7	20	DSM	"[""NORTH""]"	"[[""NORTH""], [""NORTH""], [""WATER""], [""EAST""], [""NORTH""], [""SOUTH""], [""WEST""], [""WATER""], [""NORTH""]]"	[]
189	7	21	Majkel1337	"[""NORTH""]"	"[[""NORTH""], [""NORTH""], [""WEST""], [""NORTH""], [""NORTH""], [""WATER""], [""WATER""], [""WATER""], [""WATER""]]"	[]
189	7	21	DSM	"[""SOUTH""]"	"[[""EAST""], [""SOUTH""], [""NORTH""], [""NORTH""], [""NORTH""], [""WATER""], [""SOUTH""], [""SOUTH""], [""WATER""]]"	[]
190	7	22	Majkel1337	"[""EAST""]"	"[[""NORTH""], [""NORTH""], [""WATER""], [""NORTH""], [""NORTH""], [""SOUTH""], [""EAST""], [""EAST""], [""SOUTH""]]"	[]
190	7	22	DSM	"[""EAST""]"	"[[""EAST""], [""EAST""], [""WATER""], [""WATER""], [""SOUTH""], [""SOUTH""], [""EAST""], [""EAST""], [""SOUTH""]]"	[]
191	7	23	Majkel1337	"[""EAST""]"	"[[""EAST""], [""EAST""], [""SOUTH""], [""EAST""], [""EAST""], [""WATER""], [""SOUTH""], [""SOUTH""], [""SOUTH""]]"	[]
191	7	23	DSM	"[""SOUTH""]"	"[[""SOUTH""], [""SOUTH""], [""SOUTH""], [""SOUTH""], [""SOUTH""], [""WATER""], [""SOUTH""], [""SOUTH""], [""SOUTH""]]"	[]
192	8	0	Majkel1337	"[""HARVEST""]"	[]	"[[""SELL"", ""FERTILIZER"", 2], [""HIRE""], [""HIRE""], [""HIRE""], [""HIRE""], [""HIRE""], [""HIRE""], [""HIRE""], [""HIRE""]]"
192	8	0	DSM	"[""HARVEST""]"	[]	"[[""SELL"", ""FERTILIZER"", 2], [""HIRE""], [""HIRE""], [""HIRE""], [""HIRE""], [""HIRE""], [""HIRE""], [""HIRE""], [""HIRE""]]"
193	8	1	Majkel1337	"[""PLACE"", ""MILK"", 6]"	"[[""PICKUP"", ""WHEAT"", 2], [""PICKUP"", ""WHEAT"", 2], [""PICKUP"", ""WHEAT"", 2], [""NORTH""], [""COLLECT_FERTILIZER""], [""NORTH""], [""NORTH""], [""NORTH""]]"	"[[""HIRE""], [""BUY_PRODUCT"", ""WHEAT"", 12]]"
193	8	1	DSM	"[""PLACE"", ""MILK"", 6]"	"[[""PICKUP"", ""WHEAT"", 1], [""PICKUP"", ""WHEAT"", 1], [""PICKUP"", ""WHEAT"", 1], [""NORTH""], [""COLLECT_FERTILIZER""], [""NORTH""], [""NORTH""], [""NORTH""]]"	"[[""HIRE""], [""BUY_PRODUCT"", ""WHEAT"", 13]]"
194	8	2	Majkel1337	"[""COLLECT_FERTILIZER""]"	"[[""FEED""], [""NORTH""], [""NORTH""], [""NORTH""], [""PLACE"", ""FERTILIZER"", 1], [""WEST""], [""NORTH""], [""NORTH""], [""NORTH""]]"	"[[""SELL"", ""MILK"", 6], [""BUY_PRODUCT"", ""WHEAT"", 19]]"
194	8	2	DSM	"[""PICKUP"", ""WHEAT"", 2]"	"[[""FEED""], [""PICKUP"", ""WHEAT"", 2], [""NORTH""], [""NORTH""], [""PLACE"", ""FERTILIZER"", 1], [""WEST""], [""NORTH""], [""NORTH""], [""NORTH""]]"	"[[""SELL"", ""MILK"", 6], [""BUY_PRODUCT"", ""WHEAT"", 16]]"
195	8	3	Majkel1337	"[""PLACE"", ""FERTILIZER"", 1]"	"[[""CARE""], [""WEST""], [""EAST""], [""HARVEST""], [""PICKUP"", ""WHEAT"", 5], [""WEST""], [""NORTH""], [""WEST""], [""NORTH""]]"	"[[""SELL"", ""FERTILIZER"", 1]]"
195	8	3	DSM	"[""NORTH""]"	"[[""CARE""], [""NORTH""], [""PICKUP"", ""WHEAT"", 4], [""HARVEST""], [""PICKUP"", ""WHEAT"", 4], [""WEST""], [""NORTH""], [""WEST""], [""NORTH""]]"	"[[""SELL"", ""FERTILIZER"", 1]]"
196	8	4	Majkel1337	"[""PICKUP"", ""WHEAT"", 16]"	"[[""NORTH""], [""FEED""], [""FEED""], [""SOUTH""], [""NORTH""], [""WEST""], [""EAST""], [""WATER""], [""WEST""]]"	"[[""SELL"", ""FERTILIZER"", 1]]"
196	8	4	DSM	"[""FEED""]"	"[[""NORTH""], [""WEST""], [""EAST""], [""SOUTH""], [""NORTH""], [""WEST""], [""EAST""], [""WATER""], [""WEST""]]"	[]
197	8	5	Majkel1337	"[""FEED""]"	"[[""COLLECT_FERTILIZER""], [""CARE""], [""CARE""], [""SOUTH""], [""FEED""], [""WATER""], [""EAST""], [""NORTH""], [""WATER""]]"	[]
197	8	5	DSM	"[""CARE""]"	"[[""COLLECT_FERTILIZER""], [""FEED""], [""FEED""], [""SOUTH""], [""FEED""], [""WATER""], [""EAST""], [""NORTH""], [""WATER""]]"	[]
198	8	6	Majkel1337	"[""CARE""]"	"[[""SOUTH""], [""WEST""], [""COLLECT_FERTILIZER""], [""DROP""], [""CARE""], [""NORTH""], [""WATER""], [""WATER""], [""WEST""]]"	"[[""BUY_SEED"", ""STRAWBERRY"", 1]]"
198	8	6	DSM	"[""COLLECT_FERTILIZER""]"	"[[""SOUTH""], [""CARE""], [""CARE""], [""DROP""], [""CARE""], [""NORTH""], [""WATER""], [""WATER""], [""WEST""]]"	[]
199	8	7	Majkel1337	"[""NORTH""]"	"[[""PLACE"", ""FERTILIZER"", 1], [""FEED""], [""WEST""], [""WEST""], [""NORTH""], [""WATER""], [""HARVEST""], [""NORTH""], [""WATER""]]"	"[[""SELL"", ""MILK"", 6], [""BUY_ANIMAL"", ""SHEEP"", 1]]"
199	8	7	DSM	"[""NORTH""]"	"[[""PLACE"", ""FERTILIZER"", 1], [""WEST""], [""COLLECT_FERTILIZER""], [""COLLECT_FERTILIZER""], [""NORTH""], [""WATER""], [""HARVEST""], [""NORTH""], [""WATER""]]"	"[[""SELL"", ""MILK"", 6], [""BUY_ANIMAL"", ""SHEEP"", 1]]"
200	8	8	Majkel1337	"[""FEED""]"	"[[""PICKUP"", ""SHEEP"", 1], [""CARE""], [""PLACE"", ""FERTILIZER"", 1], [""COLLECT_FERTILIZER""], [""FEED""], [""NORTH""], [""PLANT"", ""STRAWBERRY""], [""WATER""], [""NORTH""]]"	"[[""SELL"", ""FERTILIZER"", 1], [""BUY_PRODUCT"", ""WHEAT"", 3]]"
200	8	8	DSM	"[""FEED""]"	"[[""PICKUP"", ""SHEEP"", 1], [""FEED""], [""WEST""], [""PICKUP"", ""SHEEP"", 1], [""FEED""], [""NORTH""], [""PLANT"", ""WHEAT""], [""WATER""], [""NORTH""]]"	"[[""SELL"", ""FERTILIZER"", 1]]"
201	8	9	Majkel1337	"[""CARE""]"	"[[""NORTH""], [""COLLECT_FERTILIZER""], [""EAST""], [""EAST""], [""CARE""], [""WATER""], [""WATER""], [""EAST""], [""WATER""]]"	"[[""SELL"", ""FERTILIZER"", 1], [""BUY_SEED"", ""WHEAT"", 1]]"
201	8	9	DSM	"[""CARE""]"	"[[""NORTH""], [""CARE""], [""PLACE"", ""FERTILIZER"", 1], [""PLACE"", ""FERTILIZER"", 1], [""CARE""], [""WATER""], [""WATER""], [""EAST""], [""WATER""]]"	"[[""BUY_SEED"", ""WHEAT"", 1]]"
202	8	10	Majkel1337	"[""COLLECT_FERTILIZER""]"	"[[""NORTH""], [""EAST""], [""EAST""], [""PLACE"", ""FERTILIZER"", 1], [""COLLECT_FERTILIZER""], [""NORTH""], [""EAST""], [""WATER""], [""NORTH""]]"	[]
202	8	10	DSM	"[""COLLECT_FERTILIZER""]"	"[[""NORTH""], [""COLLECT_FERTILIZER""], [""EAST""], [""PICKUP"", ""WHEAT"", 11], [""COLLECT_FERTILIZER""], [""NORTH""], [""EAST""], [""WATER""], [""NORTH""]]"	"[[""SELL"", ""FERTILIZER"", 2]]"
203	8	11	Majkel1337	"[""NORTH""]"	"[[""EAST""], [""EAST""], [""FEED""], [""PICKUP"", ""WHEAT"", 3], [""SOUTH""], [""WATER""], [""WATER""], [""SOUTH""], [""WATER""]]"	"[[""SELL"", ""FERTILIZER"", 1]]"
203	8	11	DSM	"[""SOUTH""]"	"[[""EAST""], [""EAST""], [""EAST""], [""FEED""], [""SOUTH""], [""WATER""], [""WATER""], [""SOUTH""], [""WATER""]]"	[]
204	8	12	Majkel1337	"[""FEED""]"	"[[""BUILD_PASTURE""], [""PLACE"", ""FERTILIZER"", 1], [""CARE""], [""NORTH""], [""EAST""], [""NORTH""], [""HARVEST""], [""WATER""], [""NORTH""]]"	"[[""BUY_ANIMAL"", ""SHEEP"", 1]]"
204	8	12	DSM	"[""SOUTH""]"	"[[""BUILD_PASTURE""], [""EAST""], [""FEED""], [""CARE""], [""EAST""], [""NORTH""], [""HARVEST""], [""WATER""], [""NORTH""]]"	"[[""BUY_ANIMAL"", ""SHEEP"", 1]]"
205	8	13	Majkel1337	"[""CARE""]"	"[[""PLACE"", ""SHEEP"", 1], [""PICKUP"", ""SHEEP"", 1], [""COLLECT_FERTILIZER""], [""EAST""], [""FEED""], [""WATER""], [""PLANT"", ""WHEAT""], [""EAST""], [""WATER""]]"	"[[""SELL"", ""FERTILIZER"", 1], [""BUY_SEED"", ""WHEAT"", 1]]"
205	8	13	DSM	"[""PLACE"", ""FERTILIZER"", 2]"	"[[""PLACE"", ""SHEEP"", 1], [""PLACE"", ""FERTILIZER"", 1], [""CARE""], [""PICKUP"", ""SHEEP"", 1], [""FEED""], [""WATER""], [""PLANT"", ""WHEAT""], [""SOUTH""], [""WATER""]]"	"[[""BUY_SEED"", ""WHEAT"", 1]]"
206	8	14	Majkel1337	"[""COLLECT_FERTILIZER""]"	"[[""FEED""], [""EAST""], [""NORTH""], [""EAST""], [""CARE""], [""WEST""], [""WATER""], [""WATER""], [""WEST""]]"	"[[""BUY_SEED"", ""WHEAT"", 1]]"
206	8	14	DSM	"[""WEST""]"	"[[""CARE""], [""WEST""], [""COLLECT_FERTILIZER""], [""EAST""], [""CARE""], [""WEST""], [""WATER""], [""EAST""], [""WEST""]]"	"[[""SELL"", ""FERTILIZER"", 3], [""BUY_SEED"", ""WHEAT"", 1]]"
207	8	15	Majkel1337	"[""SOUTH""]"	"[[""CARE""], [""EAST""], [""COLLECT_FERTILIZER""], [""EAST""], [""COLLECT_FERTILIZER""], [""WATER""], [""EAST""], [""NORTH""], [""WEST""]]"	[]
207	8	15	DSM	"[""COLLECT_FERTILIZER""]"	"[[""SOUTH""], [""COLLECT_FERTILIZER""], [""NORTH""], [""EAST""], [""COLLECT_FERTILIZER""], [""WATER""], [""EAST""], [""EAST""], [""WEST""]]"	[]
208	8	16	Majkel1337	"[""SOUTH""]"	"[[""SOUTH""], [""EAST""], [""EAST""], [""FEED""], [""EAST""], [""SOUTH""], [""WATER""], [""WATER""], [""SOUTH""]]"	[]
208	8	16	DSM	"[""EAST""]"	"[[""EAST""], [""NORTH""], [""FEED""], [""EAST""], [""NORTH""], [""SOUTH""], [""WATER""], [""EAST""], [""SOUTH""]]"	[]
209	8	17	Majkel1337	"[""PLACE"", ""FERTILIZER"", 2]"	"[[""EAST""], [""EAST""], [""PLANT"", ""WHEAT""], [""CARE""], [""CARE""], [""WATER""], [""NORTH""], [""EAST""], [""WATER""]]"	[]
209	8	17	DSM	"[""PLACE"", ""FERTILIZER"", 1]"	"[[""COLLECT_FERTILIZER""], [""EAST""], [""CARE""], [""EAST""], [""FEED""], [""WATER""], [""NORTH""], [""NORTH""], [""WATER""]]"	[]
210	8	18	Majkel1337	"[""DROP""]"	"[[""NORTH""], [""BUILD_PASTURE""], [""WATER""], [""EAST""], [""EAST""], [""SOUTH""], [""WATER""], [""EAST""], [""SOUTH""]]"	"[[""SELL"", ""FERTILIZER"", 2]]"
210	8	18	DSM	"[""WEST""]"	"[[""EAST""], [""EAST""], [""EAST""], [""BUILD_PASTURE""], [""SOUTH""], [""SOUTH""], [""WATER""], [""WATER""], [""SOUTH""]]"	"[[""SELL"", ""FERTILIZER"", 1]]"
211	8	19	Majkel1337	"[""PICKUP"", ""WHEAT"", 2]"	"[[""NORTH""], [""PLACE"", ""SHEEP"", 1], [""EAST""], [""EAST""], [""EAST""], [""WATER""], [""NORTH""], [""WATER""], [""WATER""]]"	[]
211	8	19	DSM	"[""WEST""]"	"[[""WATER""], [""EAST""], [""WATER""], [""PLACE"", ""SHEEP"", 1], [""SOUTH""], [""WATER""], [""HARVEST""], [""NORTH""], [""WATER""]]"	[]
212	8	20	Majkel1337	"[""EAST""]"	"[[""WATER""], [""CARE""], [""WATER""], [""SOUTH""], [""WATER""], [""SOUTH""], [""WATER""], [""EAST""], [""SOUTH""]]"	[]
212	8	20	DSM	"[""WEST""]"	"[[""NORTH""], [""NORTH""], [""SOUTH""], [""FEED""], [""WEST""], [""SOUTH""], [""PLANT"", ""WHEAT""], [""WATER""], [""SOUTH""]]"	[]
213	8	21	Majkel1337	"[""EAST""]"	"[[""EAST""], [""EAST""], [""NORTH""], [""WEST""], [""SOUTH""], [""WATER""], [""WEST""], [""WATER""], [""WATER""]]"	[]
213	8	21	DSM	"[""WEST""]"	"[[""NORTH""], [""NORTH""], [""CARE""], [""CARE""], [""PLACE"", ""FERTILIZER"", 2], [""WATER""], [""WATER""], [""EAST""], [""WATER""]]"	[]
214	8	22	Majkel1337	"[""EAST""]"	"[[""WATER""], [""WATER""], [""NORTH""], [""FEED""], [""WEST""], [""SOUTH""], [""SOUTH""], [""SOUTH""], [""SOUTH""]]"	[]
214	8	22	DSM	"[""WATER""]"	"[[""WATER""], [""WATER""], [""EAST""], [""EAST""], [""NORTH""], [""SOUTH""], [""NORTH""], [""EAST""], [""SOUTH""]]"	"[[""SELL"", ""FERTILIZER"", 2]]"
215	8	23	Majkel1337	"[""NORTH""]"	"[[""WEST""], [""NORTH""], [""WEST""], [""NORTH""], [""NORTH""], [""WATER""], [""WEST""], [""WEST""], [""WATER""]]"	[]
215	8	23	DSM	"[""PASS""]"	"[[""NORTH""], [""WEST""], [""WATER""], [""WATER""], [""NORTH""], [""PASS""], [""WATER""], [""WATER""], [""EAST""]]"	[]
216	9	0	Majkel1337	"[""NORTH""]"	[]	"[[""SELL"", ""FERTILIZER"", 4], [""HIRE""], [""HIRE""], [""HIRE""], [""HIRE""], [""HIRE""], [""HIRE""], [""HIRE""], [""HIRE""], [""BUY_ANIMAL"", ""COW"", 1]]"
216	9	0	DSM	"[""NORTH""]"	[]	"[[""SELL"", ""FERTILIZER"", 2], [""HIRE""], [""HIRE""], [""HIRE""], [""HIRE""], [""HIRE""], [""HIRE""], [""HIRE""], [""HIRE""], [""BUY_ANIMAL"", ""COW"", 1]]"
217	9	1	Majkel1337	"[""HARVEST""]"	"[[""WEST""], [""PICKUP"", ""COW"", 1], [""PICKUP"", ""WHEAT"", 4], [""PICKUP"", ""WHEAT"", 4], [""NORTH""], [""WEST""], [""NORTH""], [""PICKUP"", ""COW"", 1]]"	"[[""HIRE""], [""HIRE""], [""BUY_PRODUCT"", ""WHEAT"", 5]]"
217	9	1	DSM	"[""HARVEST""]"	"[[""WEST""], [""PICKUP"", ""COW"", 1], [""PICKUP"", ""WHEAT"", 3], [""PICKUP"", ""WHEAT"", 3], [""NORTH""], [""WEST""], [""NORTH""], [""PICKUP"", ""COW"", 1]]"	"[[""HIRE""], [""HIRE""], [""BUY_PRODUCT"", ""WHEAT"", 5]]"
218	9	2	Majkel1337	"[""SOUTH""]"	"[[""HARVEST""], [""PLACE"", ""COW"", 1], [""NORTH""], [""NORTH""], [""NORTH""], [""WEST""], [""WEST""], [""PICKUP"", ""WHEAT"", 4], [""PICKUP"", ""WHEAT"", 3], [""NORTH""]]"	[]
218	9	2	DSM	"[""SOUTH""]"	"[[""HARVEST""], [""PLACE"", ""COW"", 1], [""NORTH""], [""NORTH""], [""NORTH""], [""WEST""], [""WEST""], [""PICKUP"", ""WHEAT"", 3], [""PICKUP"", ""WHEAT"", 3], [""NORTH""]]"	[]
219	9	3	Majkel1337	"[""PLACE"", ""WOOL"", 4]"	"[[""EAST""], [""PICKUP"", ""COW"", 1], [""WEST""], [""EAST""], [""WEST""], [""WEST""], [""WEST""], [""NORTH""], [""FEED""], [""NORTH""]]"	"[[""BUY_LAND""]]"
219	9	3	DSM	"[""PLACE"", ""WOOL"", 4]"	"[[""EAST""], [""PICKUP"", ""COW"", 1], [""WEST""], [""EAST""], [""WEST""], [""WEST""], [""WEST""], [""NORTH""], [""FEED""], [""NORTH""]]"	"[[""BUY_LAND""]]"
220	9	4	Majkel1337	"[""PICKUP"", ""WHEAT"", 3]"	"[[""DROP""], [""PLACE"", ""COW"", 1], [""FEED""], [""FEED""], [""WATER""], [""HARVEST""], [""WEST""], [""EAST""], [""CARE""], [""WEST""]]"	"[[""SELL"", ""WOOL"", 4]]"
220	9	4	DSM	"[""PICKUP"", ""WHEAT"", 3]"	"[[""DROP""], [""PLACE"", ""COW"", 1], [""FEED""], [""FEED""], [""WATER""], [""HARVEST""], [""WEST""], [""EAST""], [""CARE""], [""WEST""]]"	"[[""SELL"", ""WOOL"", 4]]"
221	9	5	Majkel1337	"[""NORTH""]"	"[[""COLLECT_FERTILIZER""], [""PICKUP"", ""COW"", 1], [""CARE""], [""CARE""], [""NORTH""], [""EAST""], [""WATER""], [""EAST""], [""COLLECT_FERTILIZER""], [""WATER""]]"	"[[""SELL"", ""WOOL"", 4], [""BUY_LAND""]]"
221	9	5	DSM	"[""NORTH""]"	"[[""COLLECT_FERTILIZER""], [""PICKUP"", ""COW"", 1], [""CARE""], [""CARE""], [""NORTH""], [""EAST""], [""WATER""], [""EAST""], [""COLLECT_FERTILIZER""], [""WATER""]]"	"[[""SELL"", ""WOOL"", 4], [""BUY_LAND""]]"
222	9	6	Majkel1337	"[""FEED""]"	"[[""PLACE"", ""FERTILIZER"", 1], [""SOUTH""], [""WEST""], [""COLLECT_FERTILIZER""], [""WATER""], [""EAST""], [""NORTH""], [""FEED""], [""PLACE"", ""FERTILIZER"", 1], [""WEST""]]"	[]
222	9	6	DSM	"[""FEED""]"	"[[""PLACE"", ""FERTILIZER"", 1], [""SOUTH""], [""WEST""], [""COLLECT_FERTILIZER""], [""WATER""], [""EAST""], [""NORTH""], [""FEED""], [""PLACE"", ""FERTILIZER"", 1], [""WEST""]]"	[]
223	9	7	Majkel1337	"[""CARE""]"	"[[""PICKUP"", ""WHEAT"", 7], [""WEST""], [""FEED""], [""NORTH""], [""NORTH""], [""DROP""], [""WATER""], [""CARE""], [""NORTH""], [""WATER""]]"	"[[""SELL"", ""FERTILIZER"", 2], [""BUY_SEED"", ""WHEAT"", 1]]"
223	9	7	DSM	"[""CARE""]"	"[[""PICKUP"", ""WHEAT"", 4], [""WEST""], [""FEED""], [""NORTH""], [""NORTH""], [""DROP""], [""WATER""], [""CARE""], [""NORTH""], [""WATER""]]"	"[[""BUY_SEED"", ""WHEAT"", 1]]"
224	9	8	Majkel1337	"[""COLLECT_FERTILIZER""]"	"[[""FEED""], [""WEST""], [""CARE""], [""FEED""], [""WATER""], [""WEST""], [""SOUTH""], [""COLLECT_FERTILIZER""], [""FEED""], [""NORTH""]]"	"[[""SELL"", ""WOOL"", 4], [""BUY_PRODUCT"", ""WHEAT"", 5]]"
224	9	8	DSM	"[""COLLECT_FERTILIZER""]"	"[[""FEED""], [""WEST""], [""CARE""], [""FEED""], [""WATER""], [""WEST""], [""SOUTH""], [""COLLECT_FERTILIZER""], [""FEED""], [""NORTH""]]"	"[[""SELL"", ""WOOL"", 4], [""BUY_PRODUCT"", ""WHEAT"", 5]]"
225	9	9	Majkel1337	"[""NORTH""]"	"[[""CARE""], [""BUILD_PASTURE""], [""COLLECT_FERTILIZER""], [""CARE""], [""EAST""], [""COLLECT_FERTILIZER""], [""SOUTH""], [""EAST""], [""CARE""], [""WATER""]]"	"[[""BUY_ANIMAL"", ""SHEEP"", 1], [""BUY_SEED"", ""WHEAT"", 1]]"
225	9	9	DSM	"[""NORTH""]"	"[[""CARE""], [""BUILD_PASTURE""], [""COLLECT_FERTILIZER""], [""CARE""], [""EAST""], [""COLLECT_FERTILIZER""], [""SOUTH""], [""EAST""], [""CARE""], [""WATER""]]"	"[[""SELL"", ""FERTILIZER"", 2], [""BUY_ANIMAL"", ""SHEEP"", 1], [""BUY_SEED"", ""WHEAT"", 1]]"
226	9	10	Majkel1337	"[""FEED""]"	"[[""PICKUP"", ""SHEEP"", 1], [""PLACE"", ""COW"", 1], [""SOUTH""], [""COLLECT_FERTILIZER""], [""WATER""], [""EAST""], [""PLANT"", ""WHEAT""], [""FEED""], [""COLLECT_FERTILIZER""], [""WEST""]]"	"[[""BUY_SEED"", ""WHEAT"", 1]]"
226	9	10	DSM	"[""FEED""]"	"[[""PICKUP"", ""SHEEP"", 1], [""PLACE"", ""COW"", 1], [""SOUTH""], [""COLLECT_FERTILIZER""], [""WATER""], [""EAST""], [""PLANT"", ""WHEAT""], [""FEED""], [""COLLECT_FERTILIZER""], [""WEST""]]"	"[[""BUY_SEED"", ""WHEAT"", 1]]"
227	9	11	Majkel1337	"[""CARE""]"	"[[""SOUTH""], [""SOUTH""], [""PLANT"", ""WHEAT""], [""EAST""], [""SOUTH""], [""PLACE"", ""FERTILIZER"", 1], [""WATER""], [""CARE""], [""NORTH""], [""WATER""]]"	"[[""BUY_SEED"", ""WHEAT"", 1], [""BUY_SEED"", ""STRAWBERRY"", 1]]"
227	9	11	DSM	"[""CARE""]"	"[[""SOUTH""], [""SOUTH""], [""PLANT"", ""WHEAT""], [""EAST""], [""SOUTH""], [""PLACE"", ""FERTILIZER"", 1], [""WATER""], [""CARE""], [""NORTH""], [""WATER""]]"	"[[""BUY_SEED"", ""WHEAT"", 1], [""BUY_SEED"", ""STRAWBERRY"", 1]]"
228	9	12	Majkel1337	"[""COLLECT_FERTILIZER""]"	"[[""BUILD_PASTURE""], [""PLANT"", ""WHEAT""], [""WATER""], [""FEED""], [""WATER""], [""PICKUP"", ""WHEAT"", 5], [""SOUTH""], [""COLLECT_FERTILIZER""], [""FEED""], [""NORTH""]]"	"[[""SELL"", ""FERTILIZER"", 1], [""BUY_SEED"", ""WHEAT"", 1]]"
228	9	12	DSM	"[""COLLECT_FERTILIZER""]"	"[[""BUILD_PASTURE""], [""PLANT"", ""WHEAT""], [""WATER""], [""FEED""], [""WATER""], [""PICKUP"", ""WHEAT"", 5], [""SOUTH""], [""COLLECT_FERTILIZER""], [""FEED""], [""NORTH""]]"	"[[""SELL"", ""FERTILIZER"", 1], [""BUY_SEED"", ""WHEAT"", 1]]"
229	9	13	Majkel1337	"[""EAST""]"	"[[""PLACE"", ""SHEEP"", 1], [""WATER""], [""WEST""], [""CARE""], [""EAST""], [""NORTH""], [""PLANT"", ""WHEAT""], [""EAST""], [""CARE""], [""WATER""]]"	"[[""BUY_SEED"", ""WHEAT"", 1]]"
229	9	13	DSM	"[""EAST""]"	"[[""PLACE"", ""SHEEP"", 1], [""WATER""], [""WEST""], [""CARE""], [""EAST""], [""SOUTH""], [""PLANT"", ""STRAWBERRY""], [""NORTH""], [""CARE""], [""WATER""]]"	"[[""BUY_SEED"", ""WHEAT"", 1]]"
230	9	14	Majkel1337	"[""EAST""]"	"[[""FEED""], [""SOUTH""], [""WEST""], [""COLLECT_FERTILIZER""], [""WATER""], [""NORTH""], [""WATER""], [""WATER""], [""COLLECT_FERTILIZER""], [""NORTH""]]"	"[[""BUY_SEED"", ""WHEAT"", 1]]"
230	9	14	DSM	"[""EAST""]"	"[[""FEED""], [""SOUTH""], [""WEST""], [""COLLECT_FERTILIZER""], [""WATER""], [""WEST""], [""WATER""], [""WATER""], [""COLLECT_FERTILIZER""], [""NORTH""]]"	"[[""BUY_SEED"", ""WHEAT"", 1]]"
231	9	15	Majkel1337	"[""FEED""]"	"[[""CARE""], [""PLANT"", ""WHEAT""], [""PLANT"", ""WHEAT""], [""EAST""], [""NORTH""], [""EAST""], [""SOUTH""], [""NORTH""], [""SOUTH""], [""WATER""]]"	"[[""BUY_SEED"", ""WHEAT"", 1]]"
231	9	15	DSM	"[""FEED""]"	"[[""CARE""], [""PLANT"", ""WHEAT""], [""PLANT"", ""WHEAT""], [""EAST""], [""NORTH""], [""FEED""], [""SOUTH""], [""HARVEST""], [""SOUTH""], [""WATER""]]"	"[[""BUY_SEED"", ""WHEAT"", 1], [""BUY_SEED"", ""STRAWBERRY"", 1]]"
232	9	16	Majkel1337	"[""CARE""]"	"[[""WEST""], [""WATER""], [""WATER""], [""EAST""], [""WATER""], [""SOUTH""], [""PLANT"", ""WHEAT""], [""WATER""], [""SOUTH""], [""WEST""]]"	"[[""BUY_SEED"", ""WHEAT"", 1]]"
232	9	16	DSM	"[""CARE""]"	"[[""SOUTH""], [""WATER""], [""WATER""], [""EAST""], [""WATER""], [""CARE""], [""PLANT"", ""WHEAT""], [""PLANT"", ""WHEAT""], [""SOUTH""], [""WEST""]]"	"[[""BUY_SEED"", ""WHEAT"", 1], [""BUY_SEED"", ""STRAWBERRY"", 1]]"
233	9	17	Majkel1337	"[""COLLECT_FERTILIZER""]"	"[[""SOUTH""], [""SOUTH""], [""SOUTH""], [""NORTH""], [""EAST""], [""SOUTH""], [""WATER""], [""NORTH""], [""PLACE"", ""FERTILIZER"", 2], [""WATER""]]"	"[[""BUY_SEED"", ""WHEAT"", 4]]"
233	9	17	DSM	"[""COLLECT_FERTILIZER""]"	"[[""SOUTH""], [""SOUTH""], [""SOUTH""], [""WATER""], [""EAST""], [""SOUTH""], [""WATER""], [""WATER""], [""PLACE"", ""FERTILIZER"", 2], [""WATER""]]"	"[[""BUY_SEED"", ""WHEAT"", 3]]"
234	9	18	Majkel1337	"[""NORTH""]"	"[[""WEST""], [""PLANT"", ""STRAWBERRY""], [""PLANT"", ""WHEAT""], [""WATER""], [""WATER""], [""SOUTH""], [""SOUTH""], [""WATER""], [""WEST""], [""SOUTH""]]"	"[[""SELL"", ""FERTILIZER"", 2], [""BUY_SEED"", ""WHEAT"", 1]]"
234	9	18	DSM	"[""NORTH""]"	"[[""PLANT"", ""WHEAT""], [""PLANT"", ""STRAWBERRY""], [""PLANT"", ""WHEAT""], [""NORTH""], [""WATER""], [""WEST""], [""SOUTH""], [""NORTH""], [""WEST""], [""SOUTH""]]"	"[[""SELL"", ""FERTILIZER"", 2], [""BUY_SEED"", ""WHEAT"", 1], [""BUY_SEED"", ""STRAWBERRY"", 1]]"
235	9	19	Majkel1337	"[""WATER""]"	"[[""PLANT"", ""WHEAT""], [""WATER""], [""WATER""], [""NORTH""], [""EAST""], [""WEST""], [""PLANT"", ""WHEAT""], [""NORTH""], [""WEST""], [""WATER""]]"	"[[""BUY_SEED"", ""WHEAT"", 1]]"
235	9	19	DSM	"[""WATER""]"	"[[""WATER""], [""WATER""], [""WATER""], [""WATER""], [""EAST""], [""PLANT"", ""WHEAT""], [""PLANT"", ""WHEAT""], [""NORTH""], [""WEST""], [""WATER""]]"	"[[""BUY_SEED"", ""WHEAT"", 1]]"
236	9	20	Majkel1337	"[""EAST""]"	"[[""WATER""], [""SOUTH""], [""SOUTH""], [""WATER""], [""WATER""], [""WEST""], [""WATER""], [""WATER""], [""WEST""], [""SOUTH""]]"	"[[""BUY_SEED"", ""WHEAT"", 1]]"
236	9	20	DSM	"[""EAST""]"	"[[""SOUTH""], [""SOUTH""], [""SOUTH""], [""NORTH""], [""EAST""], [""WATER""], [""WATER""], [""NORTH""], [""WEST""], [""SOUTH""]]"	"[[""BUY_SEED"", ""WHEAT"", 1]]"
237	9	21	Majkel1337	"[""WATER""]"	"[[""SOUTH""], [""PLANT"", ""WHEAT""], [""PLANT"", ""WHEAT""], [""NORTH""], [""EAST""], [""CARE""], [""WEST""], [""NORTH""], [""WEST""], [""WATER""]]"	"[[""BUY_SEED"", ""WHEAT"", 1]]"
237	9	21	DSM	"[""WATER""]"	"[[""PLANT"", ""WHEAT""], [""PLANT"", ""STRAWBERRY""], [""PLANT"", ""WHEAT""], [""NORTH""], [""WATER""], [""SOUTH""], [""WEST""], [""WATER""], [""WEST""], [""WATER""]]"	"[[""BUY_SEED"", ""WHEAT"", 1]]"
238	9	22	Majkel1337	"[""EAST""]"	"[[""PLANT"", ""WHEAT""], [""WATER""], [""WATER""], [""WATER""], [""WATER""], [""SOUTH""], [""PLANT"", ""WHEAT""], [""WATER""], [""WEST""], [""SOUTH""]]"	[]
238	9	22	DSM	"[""EAST""]"	"[[""WATER""], [""WATER""], [""WATER""], [""WATER""], [""SOUTH""], [""PLANT"", ""STRAWBERRY""], [""PLANT"", ""WHEAT""], [""SOUTH""], [""WEST""], [""SOUTH""]]"	[]
239	9	23	Majkel1337	"[""WATER""]"	"[[""WATER""], [""PASS""], [""SOUTH""], [""SOUTH""], [""SOUTH""], [""SOUTH""], [""WATER""], [""SOUTH""], [""WATER""], [""WATER""]]"	[]
239	9	23	DSM	"[""WATER""]"	"[[""NORTH""], [""PASS""], [""SOUTH""], [""SOUTH""], [""WATER""], [""WATER""], [""WATER""], [""WATER""], [""WATER""], [""WATER""]]"	[]
240	10	0	Majkel1337	"[""HARVEST""]"	[]	"[[""SELL"", ""FERTILIZER"", 9], [""HIRE""], [""HIRE""], [""HIRE""], [""HIRE""], [""HIRE""], [""HIRE""], [""HIRE""], [""HIRE""], [""BUY_PRODUCT"", ""WHEAT"", 13]]"
240	10	0	DSM	"[""HARVEST""]"	[]	"[[""SELL"", ""FERTILIZER"", 9], [""HIRE""], [""HIRE""], [""HIRE""], [""HIRE""], [""HIRE""], [""HIRE""], [""HIRE""], [""HIRE""], [""BUY_PRODUCT"", ""WHEAT"", 11]]"
241	10	1	Majkel1337	"[""PLACE"", ""MILK"", 3]"	"[[""PICKUP"", ""WHEAT"", 5], [""PICKUP"", ""WHEAT"", 4], [""PICKUP"", ""WHEAT"", 5], [""WEST""], [""PICKUP"", ""WHEAT"", 5], [""NORTH""], [""NORTH""], [""NORTH""]]"	"[[""HIRE""], [""HIRE""], [""HIRE""], [""BUY_PRODUCT"", ""WHEAT"", 32]]"
241	10	1	DSM	"[""PLACE"", ""MILK"", 3]"	"[[""PICKUP"", ""WHEAT"", 4], [""PICKUP"", ""WHEAT"", 4], [""PICKUP"", ""WHEAT"", 4], [""WEST""], [""PICKUP"", ""WHEAT"", 4], [""NORTH""], [""NORTH""], [""NORTH""]]"	"[[""HIRE""], [""HIRE""], [""HIRE""], [""BUY_PRODUCT"", ""WHEAT"", 34]]"
242	10	2	Majkel1337	"[""PICKUP"", ""WHEAT"", 4]"	"[[""FEED""], [""FEED""], [""NORTH""], [""WEST""], [""NORTH""], [""WEST""], [""NORTH""], [""NORTH""], [""NORTH""], [""NORTH""], [""NORTH""]]"	"[[""SELL"", ""MILK"", 3], [""BUY_PRODUCT"", ""WHEAT"", 17]]"
242	10	2	DSM	"[""PICKUP"", ""WHEAT"", 5]"	"[[""FEED""], [""FEED""], [""NORTH""], [""WEST""], [""NORTH""], [""WEST""], [""NORTH""], [""NORTH""], [""NORTH""], [""NORTH""], [""NORTH""]]"	"[[""SELL"", ""MILK"", 3], [""BUY_PRODUCT"", ""WHEAT"", 16]]"
243	10	3	Majkel1337	"[""NORTH""]"	"[[""CARE""], [""CARE""], [""EAST""], [""WEST""], [""FEED""], [""WEST""], [""NORTH""], [""WEST""], [""NORTH""], [""NORTH""], [""WEST""]]"	[]
243	10	3	DSM	"[""NORTH""]"	"[[""CARE""], [""CARE""], [""EAST""], [""WEST""], [""FEED""], [""WEST""], [""NORTH""], [""WEST""], [""NORTH""], [""NORTH""], [""WEST""]]"	[]
244	10	4	Majkel1337	"[""FEED""]"	"[[""COLLECT_FERTILIZER""], [""COLLECT_FERTILIZER""], [""FEED""], [""WATER""], [""CARE""], [""WEST""], [""WEST""], [""WATER""], [""WEST""], [""NORTH""], [""WATER""]]"	[]
244	10	4	DSM	"[""FEED""]"	"[[""COLLECT_FERTILIZER""], [""COLLECT_FERTILIZER""], [""FEED""], [""WATER""], [""CARE""], [""WEST""], [""WEST""], [""WATER""], [""WEST""], [""NORTH""], [""WATER""]]"	[]
245	10	5	Majkel1337	"[""CARE""]"	"[[""NORTH""], [""PLACE"", ""FERTILIZER"", 1], [""CARE""], [""NORTH""], [""COLLECT_FERTILIZER""], [""HARVEST""], [""NORTH""], [""NORTH""], [""WEST""], [""EAST""], [""NORTH""]]"	[]
245	10	5	DSM	"[""CARE""]"	"[[""NORTH""], [""WEST""], [""CARE""], [""NORTH""], [""COLLECT_FERTILIZER""], [""HARVEST""], [""NORTH""], [""NORTH""], [""WEST""], [""EAST""], [""NORTH""]]"	[]
246	10	6	Majkel1337	"[""COLLECT_FERTILIZER""]"	"[[""EAST""], [""WEST""], [""COLLECT_FERTILIZER""], [""WATER""], [""NORTH""], [""EAST""], [""WATER""], [""WATER""], [""WATER""], [""EAST""], [""HARVEST""]]"	"[[""SELL"", ""FERTILIZER"", 1]]"
246	10	6	DSM	"[""COLLECT_FERTILIZER""]"	"[[""EAST""], [""FEED""], [""COLLECT_FERTILIZER""], [""WATER""], [""NORTH""], [""EAST""], [""WATER""], [""WATER""], [""WATER""], [""EAST""], [""HARVEST""]]"	[]
247	10	7	Majkel1337	"[""NORTH""]"	"[[""FEED""], [""FEED""], [""EAST""], [""HARVEST""], [""FEED""], [""EAST""], [""HARVEST""], [""HARVEST""], [""WEST""], [""WATER""], [""SOUTH""]]"	[]
247	10	7	DSM	"[""NORTH""]"	"[[""FEED""], [""CARE""], [""EAST""], [""HARVEST""], [""FEED""], [""EAST""], [""HARVEST""], [""HARVEST""], [""WEST""], [""WATER""], [""SOUTH""]]"	[]
248	10	8	Majkel1337	"[""FEED""]"	"[[""CARE""], [""CARE""], [""FEED""], [""SOUTH""], [""CARE""], [""EAST""], [""SOUTH""], [""SOUTH""], [""NORTH""], [""EAST""], [""SOUTH""]]"	[]
248	10	8	DSM	"[""FEED""]"	"[[""CARE""], [""COLLECT_FERTILIZER""], [""FEED""], [""SOUTH""], [""CARE""], [""EAST""], [""SOUTH""], [""SOUTH""], [""NORTH""], [""EAST""], [""SOUTH""]]"	[]
249	10	9	Majkel1337	"[""CARE""]"	"[[""COLLECT_FERTILIZER""], [""COLLECT_FERTILIZER""], [""CARE""], [""EAST""], [""COLLECT_FERTILIZER""], [""DROP""], [""SOUTH""], [""SOUTH""], [""WATER""], [""WATER""], [""EAST""]]"	[]
249	10	9	DSM	"[""CARE""]"	"[[""COLLECT_FERTILIZER""], [""SOUTH""], [""CARE""], [""EAST""], [""COLLECT_FERTILIZER""], [""DROP""], [""SOUTH""], [""SOUTH""], [""WATER""], [""WATER""], [""EAST""]]"	[]
250	10	10	Majkel1337	"[""COLLECT_FERTILIZER""]"	"[[""NORTH""], [""SOUTH""], [""COLLECT_FERTILIZER""], [""EAST""], [""NORTH""], [""PICKUP"", ""WHEAT"", 4], [""SOUTH""], [""SOUTH""], [""HARVEST""], [""EAST""], [""DROP""]]"	"[[""SELL"", ""MELON"", 6], [""BUY_PRODUCT"", ""WHEAT"", 34]]"
250	10	10	DSM	"[""COLLECT_FERTILIZER""]"	"[[""NORTH""], [""SOUTH""], [""COLLECT_FERTILIZER""], [""EAST""], [""NORTH""], [""PICKUP"", ""WHEAT"", 4], [""SOUTH""], [""SOUTH""], [""HARVEST""], [""EAST""], [""DROP""]]"	"[[""SELL"", ""MELON"", 6], [""BUY_PRODUCT"", ""WHEAT"", 35]]"
251	10	11	Majkel1337	"[""HARVEST""]"	"[[""FEED""], [""WATER""], [""EAST""], [""EAST""], [""NORTH""], [""WEST""], [""DROP""], [""EAST""], [""PLANT"", ""WHEAT""], [""WATER""], [""COLLECT_FERTILIZER""]]"	"[[""SELL"", ""MELON"", 6], [""BUY_SEED"", ""WHEAT"", 1], [""BUY_SEED"", ""STRAWBERRY"", 1]]"
251	10	11	DSM	"[""HARVEST""]"	"[[""FEED""], [""SOUTH""], [""EAST""], [""EAST""], [""NORTH""], [""WEST""], [""DROP""], [""EAST""], [""PLANT"", ""WHEAT""], [""WATER""], [""COLLECT_FERTILIZER""]]"	"[[""SELL"", ""MELON"", 6], [""BUY_SEED"", ""WHEAT"", 1], [""BUY_SEED"", ""STRAWBERRY"", 1]]"
252	10	12	Majkel1337	"[""SOUTH""]"	"[[""CARE""], [""SOUTH""], [""FEED""], [""DROP""], [""WEST""], [""FEED""], [""WEST""], [""DROP""], [""WATER""], [""NORTH""], [""PLACE"", ""FERTILIZER"", 1]]"	"[[""SELL"", ""MELON"", 6]]"
252	10	12	DSM	"[""SOUTH""]"	"[[""CARE""], [""WEST""], [""FEED""], [""DROP""], [""WEST""], [""FEED""], [""WEST""], [""DROP""], [""WATER""], [""NORTH""], [""PLACE"", ""FERTILIZER"", 1]]"	"[[""SELL"", ""MELON"", 6], [""BUY_SEED"", ""WHEAT"", 1]]"
253	10	13	Majkel1337	"[""SOUTH""]"	"[[""COLLECT_FERTILIZER""], [""SOUTH""], [""CARE""], [""PICKUP"", ""WHEAT"", 6], [""WATER""], [""CARE""], [""COLLECT_FERTILIZER""], [""WEST""], [""EAST""], [""WATER""], [""PICKUP"", ""WHEAT"", 5]]"	"[[""SELL"", ""MELON"", 12], [""SELL"", ""FERTILIZER"", 1], [""BUY_SEED"", ""WHEAT"", 1]]"
253	10	13	DSM	"[""SOUTH""]"	"[[""COLLECT_FERTILIZER""], [""PLANT"", ""STRAWBERRY""], [""CARE""], [""PICKUP"", ""WHEAT"", 5], [""WATER""], [""CARE""], [""COLLECT_FERTILIZER""], [""WEST""], [""EAST""], [""WATER""], [""PICKUP"", ""WHEAT"", 5]]"	"[[""SELL"", ""MELON"", 12], [""SELL"", ""FERTILIZER"", 1], [""BUY_SEED"", ""WHEAT"", 1]]"
254	10	14	Majkel1337	"[""DROP""]"	"[[""NORTH""], [""WEST""], [""COLLECT_FERTILIZER""], [""FEED""], [""WEST""], [""WEST""], [""WEST""], [""WEST""], [""WATER""], [""NORTH""], [""FEED""]]"	"[[""BUY_SEED"", ""WHEAT"", 1]]"
254	10	14	DSM	"[""DROP""]"	"[[""SOUTH""], [""WATER""], [""COLLECT_FERTILIZER""], [""FEED""], [""WEST""], [""WEST""], [""WEST""], [""WEST""], [""WATER""], [""NORTH""], [""FEED""]]"	"[[""BUY_SEED"", ""WHEAT"", 1], [""BUY_SEED"", ""STRAWBERRY"", 1]]"
255	10	15	Majkel1337	"[""PICKUP"", ""WHEAT"", 5]"	"[[""WATER""], [""PLANT"", ""WHEAT""], [""NORTH""], [""CARE""], [""WATER""], [""FEED""], [""WEST""], [""COLLECT_FERTILIZER""], [""NORTH""], [""WATER""], [""CARE""]]"	"[[""SELL"", ""MILK"", 3], [""SELL"", ""FERTILIZER"", 2], [""BUY_SEED"", ""WHEAT"", 1]]"
255	10	15	DSM	"[""PICKUP"", ""WHEAT"", 5]"	"[[""EAST""], [""SOUTH""], [""EAST""], [""CARE""], [""WATER""], [""FEED""], [""WEST""], [""COLLECT_FERTILIZER""], [""NORTH""], [""WATER""], [""CARE""]]"	"[[""SELL"", ""FERTILIZER"", 2]]"
256	10	16	Majkel1337	"[""NORTH""]"	"[[""SOUTH""], [""WATER""], [""WEST""], [""SOUTH""], [""SOUTH""], [""CARE""], [""PLANT"", ""WHEAT""], [""NORTH""], [""WATER""], [""WEST""], [""DROP""]]"	"[[""BUY_SEED"", ""WHEAT"", 1]]"
256	10	16	DSM	"[""NORTH""]"	"[[""FEED""], [""PLANT"", ""STRAWBERRY""], [""WATER""], [""SOUTH""], [""SOUTH""], [""CARE""], [""PLANT"", ""WHEAT""], [""NORTH""], [""WATER""], [""HARVEST""], [""DROP""]]"	"[[""BUY_SEED"", ""WHEAT"", 1], [""BUY_SEED"", ""STRAWBERRY"", 1]]"
257	10	17	Majkel1337	"[""NORTH""]"	"[[""SOUTH""], [""SOUTH""], [""FEED""], [""SOUTH""], [""PLANT"", ""STRAWBERRY""], [""NORTH""], [""WATER""], [""WEST""], [""NORTH""], [""WATER""], [""NORTH""]]"	"[[""BUY_SEED"", ""WHEAT"", 1], [""BUY_SEED"", ""STRAWBERRY"", 1]]"
257	10	17	DSM	"[""NORTH""]"	"[[""CARE""], [""WATER""], [""NORTH""], [""SOUTH""], [""PLANT"", ""STRAWBERRY""], [""WEST""], [""WATER""], [""WEST""], [""NORTH""], [""PLANT"", ""WHEAT""], [""NORTH""]]"	"[[""BUY_SEED"", ""WHEAT"", 1], [""BUY_SEED"", ""STRAWBERRY"", 2]]"
258	10	18	Majkel1337	"[""NORTH""]"	"[[""EAST""], [""PLANT"", ""WHEAT""], [""CARE""], [""SOUTH""], [""WATER""], [""EAST""], [""WEST""], [""PLANT"", ""WHEAT""], [""WEST""], [""WEST""], [""WEST""]]"	"[[""BUY_SEED"", ""WHEAT"", 1]]"
258	10	18	DSM	"[""NORTH""]"	"[[""COLLECT_FERTILIZER""], [""WEST""], [""WATER""], [""PLANT"", ""WHEAT""], [""WATER""], [""WEST""], [""WEST""], [""PLANT"", ""WHEAT""], [""WEST""], [""WATER""], [""WEST""]]"	"[[""BUY_SEED"", ""WHEAT"", 1], [""BUY_SEED"", ""STRAWBERRY"", 1]]"
259	10	19	Majkel1337	"[""PLANT"", ""STRAWBERRY""]"	"[[""EAST""], [""WATER""], [""COLLECT_FERTILIZER""], [""PLANT"", ""WHEAT""], [""NORTH""], [""EAST""], [""WATER""], [""WATER""], [""WATER""], [""WATER""], [""NORTH""]]"	"[[""BUY_SEED"", ""WHEAT"", 1], [""BUY_SEED"", ""STRAWBERRY"", 1]]"
259	10	19	DSM	"[""PLANT"", ""STRAWBERRY""]"	"[[""NORTH""], [""PLANT"", ""WHEAT""], [""WEST""], [""WATER""], [""NORTH""], [""WATER""], [""WATER""], [""WATER""], [""WATER""], [""WEST""], [""NORTH""]]"	"[[""BUY_SEED"", ""WHEAT"", 1], [""BUY_SEED"", ""STRAWBERRY"", 1]]"
260	10	20	Majkel1337	"[""WATER""]"	"[[""WATER""], [""WEST""], [""EAST""], [""WATER""], [""WEST""], [""NORTH""], [""NORTH""], [""NORTH""], [""WEST""], [""SOUTH""], [""PLANT"", ""STRAWBERRY""]]"	"[[""BUY_SEED"", ""WHEAT"", 1]]"
260	10	20	DSM	"[""WATER""]"	"[[""NORTH""], [""WATER""], [""WATER""], [""SOUTH""], [""WEST""], [""NORTH""], [""NORTH""], [""NORTH""], [""WEST""], [""WEST""], [""PLANT"", ""STRAWBERRY""]]"	"[[""BUY_SEED"", ""WHEAT"", 1]]"
261	10	21	Majkel1337	"[""NORTH""]"	"[[""EAST""], [""PLANT"", ""WHEAT""], [""EAST""], [""SOUTH""], [""WATER""], [""WEST""], [""WATER""], [""NORTH""], [""WATER""], [""WATER""], [""WATER""]]"	[]
261	10	21	DSM	"[""NORTH""]"	"[[""WATER""], [""WEST""], [""NORTH""], [""SOUTH""], [""WATER""], [""WATER""], [""WATER""], [""NORTH""], [""WATER""], [""WATER""], [""WATER""]]"	[]
262	10	22	Majkel1337	"[""SOUTH""]"	"[[""WATER""], [""WATER""], [""WATER""], [""PLANT"", ""WHEAT""], [""SOUTH""], [""NORTH""], [""NORTH""], [""WATER""], [""SOUTH""], [""EAST""], [""NORTH""]]"	[]
262	10	22	DSM	"[""SOUTH""]"	"[[""EAST""], [""PLANT"", ""WHEAT""], [""NORTH""], [""SOUTH""], [""SOUTH""], [""NORTH""], [""NORTH""], [""WATER""], [""SOUTH""], [""WEST""], [""NORTH""]]"	[]
263	10	23	Majkel1337	"[""WEST""]"	"[[""NORTH""], [""EAST""], [""NORTH""], [""WATER""], [""WEST""], [""WEST""], [""WATER""], [""PASS""], [""WATER""], [""WATER""], [""WEST""]]"	[]
263	10	23	DSM	"[""WEST""]"	"[[""WATER""], [""WATER""], [""WATER""], [""WEST""], [""WEST""], [""WATER""], [""WATER""], [""PASS""], [""WATER""], [""WATER""], [""WEST""]]"	[]
264	11	0	Majkel1337	"[""PICKUP"", ""WHEAT"", 7]"	[]	"[[""SELL"", ""FERTILIZER"", 12], [""SELL"", ""MELON"", 3], [""HIRE""], [""HIRE""], [""HIRE""], [""HIRE""], [""HIRE""], [""HIRE""], [""HIRE""], [""HIRE""]]"
264	11	0	DSM	"[""PICKUP"", ""WHEAT"", 7]"	[]	"[[""SELL"", ""MELON"", 6], [""SELL"", ""FERTILIZER"", 13], [""HIRE""], [""HIRE""], [""HIRE""], [""HIRE""], [""HIRE""], [""HIRE""], [""HIRE""], [""HIRE""]]"
265	11	1	Majkel1337	"[""NORTH""]"	"[[""PICKUP"", ""WHEAT"", 8], [""PICKUP"", ""WHEAT"", 8], [""PICKUP"", ""WHEAT"", 8], [""NORTH""], [""PICKUP"", ""WHEAT"", 8], [""WEST""], [""NORTH""], [""NORTH""]]"	"[[""SELL"", ""WHEAT"", 13], [""HIRE""], [""HIRE""], [""HIRE""]]"
265	11	1	DSM	"[""NORTH""]"	"[[""PICKUP"", ""WHEAT"", 7], [""PICKUP"", ""WHEAT"", 7], [""PICKUP"", ""WHEAT"", 7], [""NORTH""], [""PICKUP"", ""WHEAT"", 8], [""WEST""], [""NORTH""], [""NORTH""]]"	"[[""HIRE""], [""HIRE""], [""HIRE""]]"
266	11	2	Majkel1337	"[""FEED""]"	"[[""FEED""], [""FEED""], [""NORTH""], [""WEST""], [""NORTH""], [""WEST""], [""NORTH""], [""NORTH""], [""PICKUP"", ""WHEAT"", 3], [""NORTH""], [""SOUTH""]]"	[]
266	11	2	DSM	"[""FEED""]"	"[[""FEED""], [""FEED""], [""NORTH""], [""WEST""], [""NORTH""], [""WEST""], [""NORTH""], [""NORTH""], [""PICKUP"", ""WHEAT"", 5], [""NORTH""], [""SOUTH""]]"	[]
267	11	3	Majkel1337	"[""CARE""]"	"[[""CARE""], [""CARE""], [""EAST""], [""WATER""], [""FEED""], [""WATER""], [""WEST""], [""NORTH""], [""WEST""], [""WEST""], [""WEST""]]"	[]
267	11	3	DSM	"[""CARE""]"	"[[""CARE""], [""CARE""], [""EAST""], [""WATER""], [""FEED""], [""WATER""], [""WEST""], [""NORTH""], [""WEST""], [""WEST""], [""SOUTH""]]"	[]
268	11	4	Majkel1337	"[""COLLECT_FERTILIZER""]"	"[[""COLLECT_FERTILIZER""], [""COLLECT_FERTILIZER""], [""FEED""], [""HARVEST""], [""CARE""], [""WEST""], [""WEST""], [""NORTH""], [""FEED""], [""WEST""], [""WATER""]]"	[]
268	11	4	DSM	"[""COLLECT_FERTILIZER""]"	"[[""COLLECT_FERTILIZER""], [""COLLECT_FERTILIZER""], [""FEED""], [""HARVEST""], [""CARE""], [""WEST""], [""WEST""], [""NORTH""], [""FEED""], [""WEST""], [""WATER""]]"	[]
269	11	5	Majkel1337	"[""NORTH""]"	"[[""NORTH""], [""WEST""], [""CARE""], [""SOUTH""], [""COLLECT_FERTILIZER""], [""WATER""], [""WEST""], [""WATER""], [""CARE""], [""WATER""], [""SOUTH""]]"	"[[""SELL"", ""MELON"", 3]]"
269	11	5	DSM	"[""NORTH""]"	"[[""NORTH""], [""WEST""], [""CARE""], [""SOUTH""], [""COLLECT_FERTILIZER""], [""WATER""], [""WEST""], [""WATER""], [""CARE""], [""WATER""], [""SOUTH""]]"	[]
270	11	6	Majkel1337	"[""FEED""]"	"[[""EAST""], [""FEED""], [""COLLECT_FERTILIZER""], [""EAST""], [""NORTH""], [""WEST""], [""HARVEST""], [""HARVEST""], [""COLLECT_FERTILIZER""], [""NORTH""], [""WATER""]]"	[]
270	11	6	DSM	"[""FEED""]"	"[[""EAST""], [""FEED""], [""COLLECT_FERTILIZER""], [""EAST""], [""NORTH""], [""WEST""], [""HARVEST""], [""HARVEST""], [""COLLECT_FERTILIZER""], [""NORTH""], [""WATER""]]"	[]
271	11	7	Majkel1337	"[""CARE""]"	"[[""FEED""], [""CARE""], [""EAST""], [""DROP""], [""FEED""], [""WATER""], [""SOUTH""], [""SOUTH""], [""WEST""], [""WATER""], [""SOUTH""]]"	"[[""SELL"", ""WHEAT"", 5]]"
271	11	7	DSM	"[""CARE""]"	"[[""FEED""], [""CARE""], [""EAST""], [""DROP""], [""FEED""], [""WATER""], [""SOUTH""], [""SOUTH""], [""WEST""], [""WATER""], [""WEST""]]"	"[[""SELL"", ""WHEAT"", 10]]"
272	11	8	Majkel1337	"[""COLLECT_FERTILIZER""]"	"[[""CARE""], [""COLLECT_FERTILIZER""], [""FEED""], [""PICKUP"", ""WHEAT"", 2], [""CARE""], [""SOUTH""], [""EAST""], [""SOUTH""], [""FEED""], [""NORTH""], [""WATER""]]"	"[[""SELL"", ""MELON"", 6]]"
272	11	8	DSM	"[""COLLECT_FERTILIZER""]"	"[[""CARE""], [""COLLECT_FERTILIZER""], [""FEED""], [""PICKUP"", ""WHEAT"", 3], [""CARE""], [""SOUTH""], [""EAST""], [""SOUTH""], [""FEED""], [""NORTH""], [""WATER""]]"	"[[""SELL"", ""MELON"", 6]]"
273	11	9	Majkel1337	"[""NORTH""]"	"[[""COLLECT_FERTILIZER""], [""SOUTH""], [""CARE""], [""FEED""], [""COLLECT_FERTILIZER""], [""WATER""], [""EAST""], [""SOUTH""], [""CARE""], [""NORTH""], [""SOUTH""]]"	[]
273	11	9	DSM	"[""NORTH""]"	"[[""COLLECT_FERTILIZER""], [""SOUTH""], [""CARE""], [""FEED""], [""COLLECT_FERTILIZER""], [""WATER""], [""EAST""], [""SOUTH""], [""CARE""], [""NORTH""], [""SOUTH""]]"	[]
274	11	10	Majkel1337	"[""NORTH""]"	"[[""EAST""], [""WEST""], [""COLLECT_FERTILIZER""], [""CARE""], [""NORTH""], [""HARVEST""], [""DROP""], [""SOUTH""], [""COLLECT_FERTILIZER""], [""WEST""], [""WATER""]]"	[]
274	11	10	DSM	"[""NORTH""]"	"[[""EAST""], [""WATER""], [""COLLECT_FERTILIZER""], [""CARE""], [""NORTH""], [""HARVEST""], [""DROP""], [""SOUTH""], [""COLLECT_FERTILIZER""], [""WEST""], [""WATER""]]"	[]
275	11	11	Majkel1337	"[""WEST""]"	"[[""FEED""], [""WATER""], [""EAST""], [""NORTH""], [""WATER""], [""PLANT"", ""WHEAT""], [""COLLECT_FERTILIZER""], [""DROP""], [""WEST""], [""WATER""], [""HARVEST""]]"	"[[""SELL"", ""MELON"", 6], [""BUY_SEED"", ""WHEAT"", 1], [""BUY_SEED"", ""TOMATO"", 1], [""BUY_SEED"", ""STRAWBERRY"", 1]]"
275	11	11	DSM	"[""WEST""]"	"[[""FEED""], [""WEST""], [""EAST""], [""NORTH""], [""WATER""], [""PLANT"", ""WHEAT""], [""COLLECT_FERTILIZER""], [""DROP""], [""WEST""], [""WATER""], [""WEST""]]"	"[[""SELL"", ""MELON"", 6], [""BUY_SEED"", ""WHEAT"", 1]]"
276	11	12	Majkel1337	"[""WATER""]"	"[[""CARE""], [""SOUTH""], [""FEED""], [""NORTH""], [""NORTH""], [""WATER""], [""NORTH""], [""NORTH""], [""WEST""], [""WEST""], [""PLANT"", ""WHEAT""]]"	"[[""SELL"", ""MELON"", 6], [""BUY_SEED"", ""WHEAT"", 1]]"
276	11	12	DSM	"[""WATER""]"	"[[""CARE""], [""WATER""], [""FEED""], [""NORTH""], [""NORTH""], [""WATER""], [""NORTH""], [""NORTH""], [""WEST""], [""WEST""], [""WATER""]]"	"[[""SELL"", ""MELON"", 6], [""BUY_SEED"", ""WHEAT"", 1]]"
277	11	13	Majkel1337	"[""HARVEST""]"	"[[""COLLECT_FERTILIZER""], [""WATER""], [""CARE""], [""EAST""], [""WEST""], [""SOUTH""], [""WEST""], [""NORTH""], [""WATER""], [""WATER""], [""WATER""]]"	"[[""BUY_SEED"", ""WHEAT"", 1], [""BUY_SEED"", ""STRAWBERRY"", 1]]"
277	11	13	DSM	"[""HARVEST""]"	"[[""COLLECT_FERTILIZER""], [""SOUTH""], [""CARE""], [""EAST""], [""WEST""], [""SOUTH""], [""WEST""], [""NORTH""], [""WATER""], [""WATER""], [""NORTH""]]"	[]
278	11	14	Majkel1337	"[""PLANT"", ""STRAWBERRY""]"	"[[""EAST""], [""WEST""], [""COLLECT_FERTILIZER""], [""EAST""], [""PLANT"", ""STRAWBERRY""], [""WATER""], [""WEST""], [""EAST""], [""SOUTH""], [""SOUTH""], [""WEST""]]"	"[[""BUY_SEED"", ""WHEAT"", 1], [""BUY_SEED"", ""STRAWBERRY"", 1]]"
278	11	14	DSM	"[""PLANT"", ""STRAWBERRY""]"	"[[""NORTH""], [""WATER""], [""COLLECT_FERTILIZER""], [""EAST""], [""PLANT"", ""STRAWBERRY""], [""WATER""], [""WEST""], [""EAST""], [""SOUTH""], [""SOUTH""], [""WATER""]]"	"[[""BUY_SEED"", ""WHEAT"", 1], [""BUY_SEED"", ""STRAWBERRY"", 1]]"
279	11	15	Majkel1337	"[""WATER""]"	"[[""WATER""], [""WATER""], [""EAST""], [""FEED""], [""WATER""], [""HARVEST""], [""PLANT"", ""WHEAT""], [""EAST""], [""HARVEST""], [""WATER""], [""WATER""]]"	"[[""BUY_SEED"", ""WHEAT"", 1]]"
279	11	15	DSM	"[""WATER""]"	"[[""WATER""], [""EAST""], [""NORTH""], [""FEED""], [""WATER""], [""HARVEST""], [""PLANT"", ""WHEAT""], [""EAST""], [""HARVEST""], [""WATER""], [""WEST""]]"	"[[""BUY_SEED"", ""WHEAT"", 1]]"
280	11	16	Majkel1337	"[""WEST""]"	"[[""NORTH""], [""SOUTH""], [""WATER""], [""CARE""], [""EAST""], [""PLANT"", ""WHEAT""], [""WATER""], [""COLLECT_FERTILIZER""], [""PLANT"", ""WHEAT""], [""EAST""], [""NORTH""]]"	"[[""BUY_SEED"", ""WHEAT"", 1]]"
280	11	16	DSM	"[""WEST""]"	"[[""NORTH""], [""WATER""], [""WATER""], [""CARE""], [""EAST""], [""PLANT"", ""WHEAT""], [""WATER""], [""COLLECT_FERTILIZER""], [""PLANT"", ""WHEAT""], [""EAST""], [""WATER""]]"	"[[""BUY_SEED"", ""WHEAT"", 1]]"
281	11	17	Majkel1337	"[""WATER""]"	"[[""WATER""], [""WATER""], [""NORTH""], [""NORTH""], [""WATER""], [""WATER""], [""WEST""], [""SOUTH""], [""WATER""], [""WATER""], [""NORTH""]]"	"[[""BUY_SEED"", ""WHEAT"", 1]]"
281	11	17	DSM	"[""WATER""]"	"[[""WATER""], [""WEST""], [""NORTH""], [""NORTH""], [""WATER""], [""WATER""], [""WEST""], [""SOUTH""], [""WATER""], [""WATER""], [""WEST""]]"	"[[""BUY_SEED"", ""WHEAT"", 1]]"
282	11	18	Majkel1337	"[""WEST""]"	"[[""HARVEST""], [""WEST""], [""WATER""], [""WATER""], [""EAST""], [""SOUTH""], [""WEST""], [""WEST""], [""SOUTH""], [""EAST""], [""SOUTH""]]"	[]
282	11	18	DSM	"[""WEST""]"	"[[""EAST""], [""WEST""], [""WATER""], [""WATER""], [""EAST""], [""EAST""], [""WEST""], [""WEST""], [""SOUTH""], [""EAST""], [""WATER""]]"	"[[""BUY_SEED"", ""WHEAT"", 1]]"
283	11	19	Majkel1337	"[""WEST""]"	"[[""PLANT"", ""WHEAT""], [""WATER""], [""NORTH""], [""EAST""], [""WATER""], [""WATER""], [""WATER""], [""WEST""], [""EAST""], [""WATER""], [""WATER""]]"	"[[""BUY_SEED"", ""WHEAT"", 1]]"
283	11	19	DSM	"[""WEST""]"	"[[""EAST""], [""WATER""], [""HARVEST""], [""NORTH""], [""WATER""], [""WATER""], [""WATER""], [""WEST""], [""EAST""], [""WATER""], [""HARVEST""]]"	[]
284	11	20	Majkel1337	"[""FERTILIZE""]"	"[[""WATER""], [""SOUTH""], [""WATER""], [""WATER""], [""EAST""], [""HARVEST""], [""NORTH""], [""WEST""], [""WATER""], [""EAST""], [""SOUTH""]]"	"[[""BUY_SEED"", ""WHEAT"", 1]]"
284	11	20	DSM	"[""FERTILIZE""]"	"[[""WATER""], [""NORTH""], [""PLANT"", ""WHEAT""], [""EAST""], [""EAST""], [""HARVEST""], [""NORTH""], [""WEST""], [""WATER""], [""EAST""], [""PLANT"", ""WHEAT""]]"	"[[""BUY_SEED"", ""WHEAT"", 1]]"
285	11	21	Majkel1337	"[""SOUTH""]"	"[[""NORTH""], [""PLANT"", ""WHEAT""], [""NORTH""], [""SOUTH""], [""WATER""], [""PLANT"", ""WHEAT""], [""WATER""], [""PLANT"", ""WHEAT""], [""HARVEST""], [""WATER""], [""WEST""]]"	[]
285	11	21	DSM	"[""SOUTH""]"	"[[""HARVEST""], [""SOUTH""], [""WATER""], [""EAST""], [""EAST""], [""PLANT"", ""WHEAT""], [""WATER""], [""PLANT"", ""WHEAT""], [""SOUTH""], [""WATER""], [""WATER""]]"	[]
286	11	22	Majkel1337	"[""EAST""]"	"[[""WATER""], [""WATER""], [""WATER""], [""WATER""], [""EAST""], [""WATER""], [""EAST""], [""WATER""], [""PLANT"", ""WHEAT""], [""EAST""], [""WATER""]]"	[]
286	11	22	DSM	"[""EAST""]"	"[[""PLANT"", ""WHEAT""], [""WATER""], [""NORTH""], [""WATER""], [""WATER""], [""WATER""], [""EAST""], [""WATER""], [""WATER""], [""EAST""], [""SOUTH""]]"	[]
287	11	23	Majkel1337	"[""FERTILIZE""]"	"[[""NORTH""], [""NORTH""], [""NORTH""], [""NORTH""], [""WATER""], [""EAST""], [""WATER""], [""NORTH""], [""WATER""], [""WATER""], [""NORTH""]]"	[]
287	11	23	DSM	"[""FERTILIZE""]"	"[[""WATER""], [""SOUTH""], [""WATER""], [""WEST""], [""WEST""], [""SOUTH""], [""WATER""], [""NORTH""], [""SOUTH""], [""WATER""], [""WATER""]]"	[]
288	12	0	Majkel1337	"[""HARVEST""]"	[]	"[[""SELL"", ""MELON"", 6], [""SELL"", ""FERTILIZER"", 14], [""HIRE""], [""HIRE""], [""HIRE""], [""HIRE""], [""HIRE""], [""HIRE""], [""HIRE""], [""HIRE""]]"
288	12	0	DSM	"[""HARVEST""]"	[]	"[[""SELL"", ""MELON"", 6], [""SELL"", ""FERTILIZER"", 14], [""HIRE""], [""HIRE""], [""HIRE""], [""HIRE""], [""HIRE""], [""HIRE""], [""HIRE""], [""HIRE""]]"
289	12	1	Majkel1337	"[""PLACE"", ""MILK"", 3]"	"[[""HARVEST""], [""PICKUP"", ""WHEAT"", 6], [""PICKUP"", ""WHEAT"", 6], [""NORTH""], [""EAST""], [""WEST""], [""NORTH""], [""NORTH""]]"	"[[""HIRE""], [""HIRE""], [""HIRE""], [""BUY_SEED"", ""TOMATO"", 1]]"
289	12	1	DSM	"[""PLACE"", ""MILK"", 3]"	"[[""HARVEST""], [""PICKUP"", ""WHEAT"", 5], [""PICKUP"", ""WHEAT"", 6], [""NORTH""], [""EAST""], [""WEST""], [""NORTH""], [""NORTH""]]"	"[[""SELL"", ""WHEAT"", 16], [""HIRE""], [""HIRE""], [""HIRE""]]"
290	12	2	Majkel1337	"[""WEST""]"	"[[""PLACE"", ""WOOL"", 6], [""FEED""], [""NORTH""], [""HARVEST""], [""HARVEST""], [""NORTH""], [""EAST""], [""NORTH""], [""NORTH""], [""SOUTH""], [""NORTH""]]"	[]
290	12	2	DSM	"[""WEST""]"	"[[""PLACE"", ""WOOL"", 6], [""FEED""], [""NORTH""], [""HARVEST""], [""HARVEST""], [""NORTH""], [""EAST""], [""NORTH""], [""NORTH""], [""SOUTH""], [""NORTH""]]"	[]
291	12	3	Majkel1337	"[""HARVEST""]"	"[[""PICKUP"", ""WHEAT"", 5], [""CARE""], [""EAST""], [""SOUTH""], [""WEST""], [""WEST""], [""EAST""], [""WEST""], [""NORTH""], [""SOUTH""], [""EAST""]]"	"[[""SELL"", ""WOOL"", 6]]"
291	12	3	DSM	"[""HARVEST""]"	"[[""PICKUP"", ""WHEAT"", 4], [""CARE""], [""EAST""], [""SOUTH""], [""WEST""], [""WEST""], [""EAST""], [""WEST""], [""NORTH""], [""WATER""], [""EAST""]]"	"[[""SELL"", ""WOOL"", 6]]"
292	12	4	Majkel1337	"[""EAST""]"	"[[""FEED""], [""COLLECT_FERTILIZER""], [""FEED""], [""PLACE"", ""WOOL"", 4], [""PLACE"", ""WOOL"", 6], [""HARVEST""], [""EAST""], [""WEST""], [""WEST""], [""WATER""], [""COLLECT_FERTILIZER""]]"	[]
292	12	4	DSM	"[""EAST""]"	"[[""FEED""], [""COLLECT_FERTILIZER""], [""FEED""], [""PLACE"", ""WOOL"", 4], [""PLACE"", ""WOOL"", 6], [""HARVEST""], [""EAST""], [""WEST""], [""WEST""], [""SOUTH""], [""COLLECT_FERTILIZER""]]"	"[[""SELL"", ""WOOL"", 8]]"
293	12	5	Majkel1337	"[""PLACE"", ""WOOL"", 4]"	"[[""CARE""], [""WEST""], [""CARE""], [""PICKUP"", ""WHEAT"", 5], [""PICKUP"", ""WHEAT"", 5], [""EAST""], [""EAST""], [""WATER""], [""WEST""], [""SOUTH""], [""NORTH""]]"	"[[""SELL"", ""WOOL"", 10]]"
293	12	5	DSM	"[""PLACE"", ""WOOL"", 4]"	"[[""CARE""], [""WEST""], [""CARE""], [""PICKUP"", ""WHEAT"", 4], [""PICKUP"", ""WHEAT"", 4], [""EAST""], [""EAST""], [""WATER""], [""WEST""], [""WATER""], [""NORTH""]]"	"[[""SELL"", ""WOOL"", 4]]"
294	12	6	Majkel1337	"[""PICKUP"", ""WHEAT"", 4]"	"[[""COLLECT_FERTILIZER""], [""FEED""], [""EAST""], [""FEED""], [""NORTH""], [""EAST""], [""WATER""], [""HARVEST""], [""NORTH""], [""WATER""], [""HARVEST""]]"	"[[""SELL"", ""WOOL"", 4]]"
294	12	6	DSM	"[""PICKUP"", ""WHEAT"", 3]"	"[[""COLLECT_FERTILIZER""], [""FEED""], [""EAST""], [""FEED""], [""NORTH""], [""EAST""], [""WATER""], [""HARVEST""], [""NORTH""], [""HARVEST""], [""HARVEST""]]"	"[[""SELL"", ""WOOL"", 1]]"
295	12	7	Majkel1337	"[""NORTH""]"	"[[""NORTH""], [""CARE""], [""FEED""], [""CARE""], [""NORTH""], [""DROP""], [""NORTH""], [""SOUTH""], [""NORTH""], [""WEST""], [""SOUTH""]]"	[]
295	12	7	DSM	"[""NORTH""]"	"[[""NORTH""], [""CARE""], [""FEED""], [""CARE""], [""NORTH""], [""DROP""], [""NORTH""], [""SOUTH""], [""NORTH""], [""PLANT"", ""WHEAT""], [""SOUTH""]]"	"[[""SELL"", ""WOOL"", 1]]"
296	12	8	Majkel1337	"[""FEED""]"	"[[""FEED""], [""COLLECT_FERTILIZER""], [""CARE""], [""WEST""], [""FEED""], [""COLLECT_FERTILIZER""], [""WATER""], [""SOUTH""], [""WEST""], [""WATER""], [""WEST""]]"	"[[""SELL"", ""WOOL"", 4]]"
296	12	8	DSM	"[""FEED""]"	"[[""FEED""], [""COLLECT_FERTILIZER""], [""CARE""], [""WEST""], [""FEED""], [""COLLECT_FERTILIZER""], [""WATER""], [""SOUTH""], [""WEST""], [""WATER""], [""WEST""]]"	"[[""SELL"", ""WOOL"", 4]]"
297	12	9	Majkel1337	"[""CARE""]"	"[[""CARE""], [""SOUTH""], [""COLLECT_FERTILIZER""], [""FEED""], [""CARE""], [""WEST""], [""NORTH""], [""EAST""], [""WATER""], [""WEST""], [""DROP""]]"	[]
297	12	9	DSM	"[""CARE""]"	"[[""CARE""], [""SOUTH""], [""COLLECT_FERTILIZER""], [""FEED""], [""CARE""], [""WEST""], [""NORTH""], [""EAST""], [""WATER""], [""SOUTH""], [""DROP""]]"	[]
298	12	10	Majkel1337	"[""COLLECT_FERTILIZER""]"	"[[""COLLECT_FERTILIZER""], [""WATER""], [""HARVEST""], [""CARE""], [""COLLECT_FERTILIZER""], [""WEST""], [""WATER""], [""EAST""], [""HARVEST""], [""WATER""], [""PICKUP"", ""WHEAT"", 3]]"	"[[""SELL"", ""WOOL"", 6], [""SELL"", ""FERTILIZER"", 1]]"
298	12	10	DSM	"[""COLLECT_FERTILIZER""]"	"[[""COLLECT_FERTILIZER""], [""WATER""], [""HARVEST""], [""CARE""], [""COLLECT_FERTILIZER""], [""WEST""], [""WATER""], [""EAST""], [""HARVEST""], [""WATER""], [""PICKUP"", ""WHEAT"", 3]]"	"[[""SELL"", ""WOOL"", 6], [""SELL"", ""FERTILIZER"", 1]]"
299	12	11	Majkel1337	"[""NORTH""]"	"[[""EAST""], [""SOUTH""], [""EAST""], [""WEST""], [""EAST""], [""WEST""], [""NORTH""], [""DROP""], [""PLANT"", ""STRAWBERRY""], [""SOUTH""], [""EAST""]]"	"[[""BUY_SEED"", ""WHEAT"", 1]]"
299	12	11	DSM	"[""NORTH""]"	"[[""EAST""], [""WEST""], [""EAST""], [""WEST""], [""EAST""], [""WEST""], [""NORTH""], [""DROP""], [""PLANT"", ""STRAWBERRY""], [""WEST""], [""EAST""]]"	"[[""BUY_SEED"", ""WHEAT"", 1]]"
300	12	12	Majkel1337	"[""FEED""]"	"[[""FEED""], [""WATER""], [""FEED""], [""FEED""], [""FEED""], [""WEST""], [""WATER""], [""WEST""], [""WATER""], [""WATER""], [""EAST""]]"	"[[""SELL"", ""MELON"", 6]]"
300	12	12	DSM	"[""FEED""]"	"[[""FEED""], [""WATER""], [""FEED""], [""FEED""], [""FEED""], [""WEST""], [""NORTH""], [""WEST""], [""WATER""], [""WATER""], [""EAST""]]"	"[[""SELL"", ""MELON"", 6]]"
301	12	13	Majkel1337	"[""CARE""]"	"[[""CARE""], [""WEST""], [""CARE""], [""CARE""], [""CARE""], [""FERTILIZE""], [""NORTH""], [""COLLECT_FERTILIZER""], [""WEST""], [""WEST""], [""NORTH""]]"	[]
301	12	13	DSM	"[""CARE""]"	"[[""CARE""], [""HARVEST""], [""CARE""], [""CARE""], [""CARE""], [""FERTILIZE""], [""WATER""], [""COLLECT_FERTILIZER""], [""WEST""], [""SOUTH""], [""NORTH""]]"	[]
302	12	14	Majkel1337	"[""COLLECT_FERTILIZER""]"	"[[""COLLECT_FERTILIZER""], [""WATER""], [""COLLECT_FERTILIZER""], [""COLLECT_FERTILIZER""], [""COLLECT_FERTILIZER""], [""WATER""], [""WATER""], [""NORTH""], [""WATER""], [""WATER""], [""FEED""]]"	[]
302	12	14	DSM	"[""COLLECT_FERTILIZER""]"	"[[""COLLECT_FERTILIZER""], [""PLANT"", ""WHEAT""], [""COLLECT_FERTILIZER""], [""COLLECT_FERTILIZER""], [""COLLECT_FERTILIZER""], [""WATER""], [""HARVEST""], [""NORTH""], [""WATER""], [""WATER""], [""FEED""]]"	"[[""SELL"", ""WHEAT"", 6], [""BUY_SEED"", ""WHEAT"", 1]]"
303	12	15	Majkel1337	"[""HARVEST""]"	"[[""EAST""], [""NORTH""], [""NORTH""], [""WEST""], [""NORTH""], [""NORTH""], [""WEST""], [""NORTH""], [""HARVEST""], [""NORTH""], [""CARE""]]"	[]
303	12	15	DSM	"[""HARVEST""]"	"[[""EAST""], [""WATER""], [""NORTH""], [""WEST""], [""NORTH""], [""NORTH""], [""PLANT"", ""WHEAT""], [""WEST""], [""HARVEST""], [""WEST""], [""CARE""]]"	"[[""BUY_SEED"", ""WHEAT"", 1], [""BUY_SEED"", ""TOMATO"", 1]]"
304	12	16	Majkel1337	"[""NORTH""]"	"[[""HARVEST""], [""WATER""], [""WATER""], [""WATER""], [""WATER""], [""WATER""], [""WATER""], [""WEST""], [""SOUTH""], [""WATER""], [""COLLECT_FERTILIZER""]]"	[]
304	12	16	DSM	"[""WEST""]"	"[[""COLLECT_FERTILIZER""], [""NORTH""], [""WATER""], [""WATER""], [""WATER""], [""WATER""], [""WATER""], [""WEST""], [""SOUTH""], [""WATER""], [""COLLECT_FERTILIZER""]]"	"[[""BUY_SEED"", ""WHEAT"", 1]]"
305	12	17	Majkel1337	"[""WATER""]"	"[[""SOUTH""], [""HARVEST""], [""HARVEST""], [""NORTH""], [""WEST""], [""NORTH""], [""WEST""], [""PLANT"", ""TOMATO""], [""WATER""], [""HARVEST""], [""NORTH""]]"	"[[""SELL"", ""MILK"", 1]]"
305	12	17	DSM	"[""WATER""]"	"[[""HARVEST""], [""WATER""], [""HARVEST""], [""NORTH""], [""WEST""], [""NORTH""], [""WEST""], [""WEST""], [""WATER""], [""WEST""], [""HARVEST""]]"	[]
306	12	18	Majkel1337	"[""WEST""]"	"[[""WEST""], [""PLANT"", ""WHEAT""], [""PLANT"", ""WHEAT""], [""WATER""], [""WATER""], [""WATER""], [""WATER""], [""WATER""], [""EAST""], [""PLANT"", ""WHEAT""], [""WATER""]]"	"[[""BUY_SEED"", ""WHEAT"", 1]]"
306	12	18	DSM	"[""NORTH""]"	"[[""SOUTH""], [""WEST""], [""PLANT"", ""WHEAT""], [""WATER""], [""WATER""], [""WATER""], [""WATER""], [""FERTILIZE""], [""EAST""], [""WATER""], [""NORTH""]]"	"[[""BUY_SEED"", ""WHEAT"", 1]]"
307	12	19	Majkel1337	"[""WEST""]"	"[[""WEST""], [""WATER""], [""WATER""], [""NORTH""], [""NORTH""], [""EAST""], [""WEST""], [""EAST""], [""HARVEST""], [""WATER""], [""NORTH""]]"	"[[""BUY_SEED"", ""WHEAT"", 1], [""BUY_SEED"", ""TOMATO"", 1]]"
307	12	19	DSM	"[""WEST""]"	"[[""WEST""], [""WATER""], [""WATER""], [""NORTH""], [""NORTH""], [""EAST""], [""WEST""], [""NORTH""], [""HARVEST""], [""WEST""], [""WATER""]]"	[]
308	12	20	Majkel1337	"[""WATER""]"	"[[""DROP""], [""NORTH""], [""NORTH""], [""WATER""], [""WATER""], [""EAST""], [""WATER""], [""WATER""], [""WATER""], [""NORTH""], [""WATER""]]"	[]
308	12	20	DSM	"[""WATER""]"	"[[""WEST""], [""SOUTH""], [""NORTH""], [""WATER""], [""WATER""], [""EAST""], [""WATER""], [""EAST""], [""WATER""], [""WATER""], [""HARVEST""]]"	[]
309	12	21	Majkel1337	"[""FERTILIZE""]"	"[[""PICKUP"", ""WHEAT"", 3], [""WATER""], [""WATER""], [""WEST""], [""WEST""], [""NORTH""], [""SOUTH""], [""NORTH""], [""NORTH""], [""WATER""], [""EAST""]]"	"[[""SELL"", ""WOOL"", 4], [""SELL"", ""FERTILIZER"", 3], [""SELL"", ""MILK"", 1]]"
309	12	21	DSM	"[""FERTILIZE""]"	"[[""DROP""], [""WATER""], [""NORTH""], [""WEST""], [""EAST""], [""PLANT"", ""STRAWBERRY""], [""SOUTH""], [""EAST""], [""NORTH""], [""HARVEST""], [""PLANT"", ""WHEAT""]]"	[]
310	12	22	Majkel1337	"[""NORTH""]"	"[[""PICKUP"", ""WHEAT"", 1], [""WEST""], [""NORTH""], [""FERTILIZE""], [""WATER""], [""NORTH""], [""EAST""], [""WATER""], [""EAST""], [""NORTH""], [""WATER""]]"	[]
310	12	22	DSM	"[""NORTH""]"	"[[""PICKUP"", ""WHEAT"", 2], [""SOUTH""], [""WATER""], [""FERTILIZE""], [""WATER""], [""WATER""], [""WATER""], [""WATER""], [""EAST""], [""PLANT"", ""WHEAT""], [""WATER""]]"	"[[""SELL"", ""WOOL"", 6], [""SELL"", ""FERTILIZER"", 3]]"
311	12	23	Majkel1337	"[""FERTILIZE""]"	"[[""DROP""], [""WATER""], [""NORTH""], [""SOUTH""], [""WEST""], [""WATER""], [""NORTH""], [""NORTH""], [""WATER""], [""WATER""], [""NORTH""]]"	[]
311	12	23	DSM	"[""FERTILIZE""]"	"[[""DROP""], [""FERTILIZE""], [""SOUTH""], [""SOUTH""], [""WEST""], [""PASS""], [""EAST""], [""PASS""], [""WATER""], [""WATER""], [""EAST""]]"	"[[""SELL"", ""FERTILIZER"", 1]]"
312	13	0	Majkel1337	"[""PICKUP"", ""WHEAT"", 5]"	[]	"[[""SELL"", ""FERTILIZER"", 8], [""SELL"", ""MELON"", 2], [""HIRE""], [""HIRE""], [""HIRE""], [""HIRE""], [""HIRE""], [""HIRE""], [""HIRE""], [""HIRE""]]"
312	13	0	DSM	"[""PICKUP"", ""WHEAT"", 4]"	[]	"[[""SELL"", ""FERTILIZER"", 5], [""HIRE""], [""HIRE""], [""HIRE""], [""HIRE""], [""HIRE""], [""HIRE""], [""HIRE""], [""HIRE""]]"
313	13	1	Majkel1337	"[""WEST""]"	"[[""PICKUP"", ""WHEAT"", 5], [""PICKUP"", ""WHEAT"", 5], [""PICKUP"", ""WHEAT"", 6], [""NORTH""], [""PICKUP"", ""WHEAT"", 6], [""WEST""], [""SOUTH""], [""NORTH""]]"	"[[""HIRE""], [""HIRE""], [""HIRE""]]"
313	13	1	DSM	"[""WEST""]"	"[[""PICKUP"", ""WHEAT"", 5], [""PICKUP"", ""WHEAT"", 4], [""PICKUP"", ""WHEAT"", 5], [""NORTH""], [""PICKUP"", ""WHEAT"", 5], [""WEST""], [""SOUTH""], [""NORTH""]]"	"[[""SELL"", ""WOOL"", 6], [""HIRE""], [""HIRE""], [""HIRE""]]"
314	13	2	Majkel1337	"[""FEED""]"	"[[""FEED""], [""FEED""], [""NORTH""], [""WEST""], [""NORTH""], [""WEST""], [""SOUTH""], [""NORTH""], [""PICKUP"", ""WHEAT"", 4], [""CARE""], [""SOUTH""]]"	[]
314	13	2	DSM	"[""FEED""]"	"[[""FEED""], [""FEED""], [""NORTH""], [""WEST""], [""NORTH""], [""WEST""], [""SOUTH""], [""NORTH""], [""PICKUP"", ""WHEAT"", 4], [""CARE""], [""SOUTH""]]"	[]
315	13	3	Majkel1337	"[""CARE""]"	"[[""CARE""], [""CARE""], [""EAST""], [""WATER""], [""FEED""], [""WATER""], [""WEST""], [""NORTH""], [""FEED""], [""COLLECT_FERTILIZER""], [""SOUTH""]]"	[]
315	13	3	DSM	"[""CARE""]"	"[[""CARE""], [""CARE""], [""EAST""], [""WATER""], [""FEED""], [""WATER""], [""WEST""], [""NORTH""], [""FEED""], [""COLLECT_FERTILIZER""], [""WATER""]]"	[]
316	13	4	Majkel1337	"[""WEST""]"	"[[""COLLECT_FERTILIZER""], [""COLLECT_FERTILIZER""], [""FEED""], [""WEST""], [""CARE""], [""HARVEST""], [""WEST""], [""NORTH""], [""NORTH""], [""NORTH""], [""WATER""]]"	"[[""SELL"", ""WHEAT"", 4]]"
316	13	4	DSM	"[""WEST""]"	"[[""COLLECT_FERTILIZER""], [""COLLECT_FERTILIZER""], [""FEED""], [""WEST""], [""CARE""], [""HARVEST""], [""WEST""], [""NORTH""], [""NORTH""], [""NORTH""], [""WEST""]]"	[]
317	13	5	Majkel1337	"[""FEED""]"	"[[""NORTH""], [""WEST""], [""CARE""], [""WATER""], [""COLLECT_FERTILIZER""], [""PLANT"", ""WHEAT""], [""WATER""], [""WATER""], [""FEED""], [""WEST""], [""HARVEST""]]"	"[[""SELL"", ""MILK"", 2], [""SELL"", ""WHEAT"", 3], [""BUY_SEED"", ""WHEAT"", 1]]"
317	13	5	DSM	"[""FEED""]"	"[[""NORTH""], [""WEST""], [""CARE""], [""WATER""], [""COLLECT_FERTILIZER""], [""PLANT"", ""WHEAT""], [""WATER""], [""WATER""], [""FEED""], [""WEST""], [""WATER""]]"	"[[""SELL"", ""WHEAT"", 4], [""BUY_SEED"", ""WHEAT"", 1]]"
318	13	6	Majkel1337	"[""CARE""]"	"[[""EAST""], [""FEED""], [""COLLECT_FERTILIZER""], [""WEST""], [""NORTH""], [""WATER""], [""HARVEST""], [""WEST""], [""CARE""], [""WEST""], [""PLANT"", ""WHEAT""]]"	[]
318	13	6	DSM	"[""CARE""]"	"[[""EAST""], [""FEED""], [""COLLECT_FERTILIZER""], [""WEST""], [""NORTH""], [""WATER""], [""HARVEST""], [""WEST""], [""CARE""], [""WEST""], [""HARVEST""]]"	[]
319	13	7	Majkel1337	"[""COLLECT_FERTILIZER""]"	"[[""FEED""], [""CARE""], [""EAST""], [""WATER""], [""FEED""], [""WEST""], [""PLANT"", ""WHEAT""], [""WEST""], [""COLLECT_FERTILIZER""], [""WEST""], [""WATER""]]"	"[[""BUY_SEED"", ""WHEAT"", 1]]"
319	13	7	DSM	"[""COLLECT_FERTILIZER""]"	"[[""FEED""], [""CARE""], [""EAST""], [""WATER""], [""FEED""], [""WEST""], [""PLANT"", ""WHEAT""], [""WEST""], [""COLLECT_FERTILIZER""], [""WEST""], [""PLANT"", ""WHEAT""]]"	"[[""BUY_SEED"", ""WHEAT"", 1]]"
320	13	8	Majkel1337	"[""WEST""]"	"[[""CARE""], [""COLLECT_FERTILIZER""], [""FEED""], [""HARVEST""], [""CARE""], [""WATER""], [""WATER""], [""WATER""], [""NORTH""], [""WEST""], [""SOUTH""]]"	[]
320	13	8	DSM	"[""WEST""]"	"[[""CARE""], [""COLLECT_FERTILIZER""], [""FEED""], [""HARVEST""], [""CARE""], [""WATER""], [""WATER""], [""WATER""], [""NORTH""], [""WEST""], [""WATER""]]"	"[[""BUY_SEED"", ""WHEAT"", 1]]"
321	13	9	Majkel1337	"[""WATER""]"	"[[""COLLECT_FERTILIZER""], [""WEST""], [""CARE""], [""PLANT"", ""WHEAT""], [""COLLECT_FERTILIZER""], [""HARVEST""], [""WEST""], [""HARVEST""], [""FEED""], [""FERTILIZE""], [""WATER""]]"	"[[""SELL"", ""MILK"", 1], [""SELL"", ""WHEAT"", 2], [""BUY_SEED"", ""WHEAT"", 1]]"
321	13	9	DSM	"[""WATER""]"	"[[""COLLECT_FERTILIZER""], [""WEST""], [""CARE""], [""PLANT"", ""TOMATO""], [""COLLECT_FERTILIZER""], [""HARVEST""], [""SOUTH""], [""HARVEST""], [""FEED""], [""WATER""], [""SOUTH""]]"	"[[""SELL"", ""WHEAT"", 2], [""BUY_SEED"", ""WHEAT"", 1]]"
322	13	10	Majkel1337	"[""HARVEST""]"	"[[""EAST""], [""WEST""], [""COLLECT_FERTILIZER""], [""WATER""], [""EAST""], [""PLANT"", ""WHEAT""], [""WATER""], [""SOUTH""], [""CARE""], [""WATER""], [""WEST""]]"	"[[""SELL"", ""WHEAT"", 1], [""BUY_SEED"", ""WHEAT"", 1]]"
322	13	10	DSM	"[""HARVEST""]"	"[[""EAST""], [""WEST""], [""COLLECT_FERTILIZER""], [""WATER""], [""EAST""], [""PLANT"", ""WHEAT""], [""WATER""], [""SOUTH""], [""CARE""], [""HARVEST""], [""WEST""]]"	"[[""SELL"", ""WHEAT"", 2], [""BUY_SEED"", ""WHEAT"", 1]]"
323	13	11	Majkel1337	"[""PLANT"", ""WHEAT""]"	"[[""FEED""], [""WEST""], [""EAST""], [""NORTH""], [""FEED""], [""WATER""], [""HARVEST""], [""WATER""], [""COLLECT_FERTILIZER""], [""NORTH""], [""WATER""]]"	"[[""BUY_SEED"", ""WHEAT"", 1], [""BUY_SEED"", ""TOMATO"", 1]]"
323	13	11	DSM	"[""PLANT"", ""WHEAT""]"	"[[""FEED""], [""WEST""], [""EAST""], [""NORTH""], [""FEED""], [""WATER""], [""EAST""], [""WATER""], [""COLLECT_FERTILIZER""], [""NORTH""], [""WATER""]]"	"[[""SELL"", ""WHEAT"", 1], [""BUY_SEED"", ""WHEAT"", 1]]"
324	13	12	Majkel1337	"[""WATER""]"	"[[""CARE""], [""FERTILIZE""], [""FEED""], [""WATER""], [""CARE""], [""SOUTH""], [""PLANT"", ""WHEAT""], [""SOUTH""], [""NORTH""], [""WATER""], [""SOUTH""]]"	"[[""BUY_SEED"", ""WHEAT"", 1]]"
324	13	12	DSM	"[""WATER""]"	"[[""CARE""], [""FERTILIZE""], [""FEED""], [""WATER""], [""CARE""], [""SOUTH""], [""WATER""], [""HARVEST""], [""NORTH""], [""NORTH""], [""SOUTH""]]"	"[[""BUY_SEED"", ""WHEAT"", 1]]"
325	13	13	Majkel1337	"[""WEST""]"	"[[""COLLECT_FERTILIZER""], [""WATER""], [""CARE""], [""HARVEST""], [""COLLECT_FERTILIZER""], [""WATER""], [""WATER""], [""SOUTH""], [""WATER""], [""NORTH""], [""WATER""]]"	"[[""BUY_SEED"", ""WHEAT"", 1], [""BUY_SEED"", ""TOMATO"", 1]]"
325	13	13	DSM	"[""WEST""]"	"[[""COLLECT_FERTILIZER""], [""WATER""], [""CARE""], [""HARVEST""], [""COLLECT_FERTILIZER""], [""WATER""], [""HARVEST""], [""SOUTH""], [""WATER""], [""FERTILIZE""], [""WATER""]]"	"[[""BUY_SEED"", ""WHEAT"", 1]]"
326	13	14	Majkel1337	"[""WATER""]"	"[[""NORTH""], [""SOUTH""], [""COLLECT_FERTILIZER""], [""PLANT"", ""TOMATO""], [""NORTH""], [""HARVEST""], [""WEST""], [""SOUTH""], [""EAST""], [""WATER""], [""HARVEST""]]"	"[[""SELL"", ""STRAWBERRY"", 4], [""SELL"", ""MILK"", 1], [""BUY_SEED"", ""WHEAT"", 1]]"
326	13	14	DSM	"[""WATER""]"	"[[""NORTH""], [""SOUTH""], [""COLLECT_FERTILIZER""], [""PLANT"", ""WHEAT""], [""NORTH""], [""SOUTH""], [""PLANT"", ""WHEAT""], [""SOUTH""], [""WEST""], [""WATER""], [""WEST""]]"	"[[""SELL"", ""STRAWBERRY"", 4], [""BUY_SEED"", ""WHEAT"", 1]]"
327	13	15	Majkel1337	"[""HARVEST""]"	"[[""WATER""], [""FERTILIZE""], [""EAST""], [""WATER""], [""WATER""], [""PLANT"", ""TOMATO""], [""WATER""], [""EAST""], [""WATER""], [""NORTH""], [""PLANT"", ""WHEAT""]]"	"[[""BUY_SEED"", ""WHEAT"", 1]]"
327	13	15	DSM	"[""HARVEST""]"	"[[""EAST""], [""FERTILIZE""], [""EAST""], [""WATER""], [""WATER""], [""WATER""], [""WATER""], [""SOUTH""], [""WATER""], [""NORTH""], [""WATER""]]"	"[[""BUY_SEED"", ""WHEAT"", 1], [""BUY_SEED"", ""TOMATO"", 1]]"
328	13	16	Majkel1337	"[""NORTH""]"	"[[""EAST""], [""WATER""], [""WATER""], [""NORTH""], [""EAST""], [""WATER""], [""HARVEST""], [""EAST""], [""NORTH""], [""WATER""], [""WATER""]]"	"[[""BUY_SEED"", ""WHEAT"", 1]]"
328	13	16	DSM	"[""NORTH""]"	"[[""FERTILIZE""], [""WATER""], [""WATER""], [""NORTH""], [""NORTH""], [""SOUTH""], [""SOUTH""], [""EAST""], [""NORTH""], [""WATER""], [""HARVEST""]]"	"[[""BUY_SEED"", ""WHEAT"", 1]]"
329	13	17	Majkel1337	"[""NORTH""]"	"[[""WATER""], [""SOUTH""], [""NORTH""], [""WATER""], [""WATER""], [""EAST""], [""PLANT"", ""TOMATO""], [""DROP""], [""WATER""], [""EAST""], [""WEST""]]"	"[[""BUY_SEED"", ""WHEAT"", 1]]"
329	13	17	DSM	"[""NORTH""]"	"[[""WATER""], [""SOUTH""], [""NORTH""], [""WATER""], [""WATER""], [""SOUTH""], [""WEST""], [""EAST""], [""WATER""], [""EAST""], [""PLANT"", ""WHEAT""]]"	"[[""BUY_SEED"", ""WHEAT"", 1]]"
330	13	18	Majkel1337	"[""NORTH""]"	"[[""NORTH""], [""WATER""], [""WATER""], [""EAST""], [""EAST""], [""EAST""], [""WATER""], [""WEST""], [""EAST""], [""WATER""], [""WATER""]]"	"[[""BUY_SEED"", ""TOMATO"", 1]]"
330	13	18	DSM	"[""WATER""]"	"[[""NORTH""], [""WATER""], [""WATER""], [""SOUTH""], [""EAST""], [""WATER""], [""WATER""], [""DROP""], [""EAST""], [""WATER""], [""WATER""]]"	"[[""BUY_SEED"", ""WHEAT"", 1], [""BUY_SEED"", ""TOMATO"", 1]]"
331	13	19	Majkel1337	"[""FERTILIZE""]"	"[[""WATER""], [""SOUTH""], [""NORTH""], [""EAST""], [""WATER""], [""WATER""], [""SOUTH""], [""COLLECT_FERTILIZER""], [""WATER""], [""EAST""], [""HARVEST""]]"	[]
331	13	19	DSM	"[""HARVEST""]"	"[[""EAST""], [""HARVEST""], [""NORTH""], [""EAST""], [""WATER""], [""HARVEST""], [""WEST""], [""WEST""], [""EAST""], [""EAST""], [""WEST""]]"	[]
332	13	20	Majkel1337	"[""NORTH""]"	"[[""EAST""], [""WATER""], [""WATER""], [""WATER""], [""EAST""], [""HARVEST""], [""EAST""], [""NORTH""], [""EAST""], [""EAST""], [""PLANT"", ""WHEAT""]]"	"[[""BUY_SEED"", ""WHEAT"", 1]]"
332	13	20	DSM	"[""NORTH""]"	"[[""FERTILIZE""], [""PLANT"", ""TOMATO""], [""WATER""], [""EAST""], [""EAST""], [""PLANT"", ""WHEAT""], [""WATER""], [""COLLECT_FERTILIZER""], [""WATER""], [""EAST""], [""WATER""]]"	"[[""BUY_SEED"", ""WHEAT"", 1]]"
333	13	21	Majkel1337	"[""EAST""]"	"[[""WATER""], [""SOUTH""], [""NORTH""], [""NORTH""], [""WATER""], [""PLANT"", ""WHEAT""], [""WATER""], [""NORTH""], [""WATER""], [""WATER""], [""WATER""]]"	"[[""SELL"", ""STRAWBERRY"", 1]]"
333	13	21	DSM	"[""EAST""]"	"[[""WATER""], [""WATER""], [""NORTH""], [""WATER""], [""WATER""], [""WATER""], [""WEST""], [""NORTH""], [""SOUTH""], [""SOUTH""], [""HARVEST""]]"	"[[""SELL"", ""MILK"", 2]]"
334	13	22	Majkel1337	"[""SOUTH""]"	"[[""NORTH""], [""WATER""], [""NORTH""], [""SOUTH""], [""NORTH""], [""WATER""], [""SOUTH""], [""WATER""], [""EAST""], [""EAST""], [""WEST""]]"	[]
334	13	22	DSM	"[""SOUTH""]"	"[[""WEST""], [""SOUTH""], [""WEST""], [""WEST""], [""SOUTH""], [""WEST""], [""WEST""], [""NORTH""], [""WATER""], [""EAST""], [""PLANT"", ""WHEAT""]]"	[]
335	13	23	Majkel1337	"[""SOUTH""]"	"[[""WATER""], [""EAST""], [""WATER""], [""SOUTH""], [""WATER""], [""SOUTH""], [""WEST""], [""PASS""], [""WATER""], [""EAST""], [""WATER""]]"	[]
335	13	23	DSM	"[""EAST""]"	"[[""WATER""], [""WATER""], [""WATER""], [""WATER""], [""WATER""], [""WATER""], [""WATER""], [""PASS""], [""EAST""], [""EAST""], [""WATER""]]"	[]
336	14	0	Majkel1337	"[""HARVEST""]"	[]	"[[""SELL"", ""FERTILIZER"", 12], [""HIRE""], [""HIRE""], [""HIRE""], [""HIRE""], [""HIRE""], [""HIRE""], [""HIRE""], [""HIRE""]]"
336	14	0	DSM	"[""HARVEST""]"	[]	"[[""SELL"", ""FERTILIZER"", 11], [""HIRE""], [""HIRE""], [""HIRE""], [""HIRE""], [""HIRE""], [""HIRE""], [""HIRE""], [""HIRE""]]"
337	14	1	Majkel1337	"[""PLACE"", ""MILK"", 3]"	"[[""PICKUP"", ""WHEAT"", 8], [""PICKUP"", ""WHEAT"", 6], [""PICKUP"", ""WHEAT"", 6], [""NORTH""], [""NORTH""], [""WEST""], [""NORTH""], [""NORTH""]]"	"[[""SELL"", ""WHEAT"", 18], [""HIRE""], [""HIRE""], [""HIRE""], [""BUY_SEED"", ""TOMATO"", 1]]"
337	14	1	DSM	"[""PLACE"", ""MILK"", 3]"	"[[""PICKUP"", ""WHEAT"", 6], [""PICKUP"", ""WHEAT"", 5], [""PICKUP"", ""WHEAT"", 5], [""NORTH""], [""NORTH""], [""WEST""], [""NORTH""], [""NORTH""]]"	"[[""SELL"", ""MILK"", 6], [""HIRE""], [""HIRE""], [""HIRE""]]"
338	14	2	Majkel1337	"[""PICKUP"", ""WHEAT"", 3]"	"[[""FEED""], [""FEED""], [""NORTH""], [""NORTH""], [""HARVEST""], [""WEST""], [""EAST""], [""WEST""], [""PICKUP"", ""WHEAT"", 3], [""SOUTH""], [""NORTH""]]"	"[[""SELL"", ""MILK"", 3]]"
338	14	2	DSM	"[""PICKUP"", ""WHEAT"", 4]"	"[[""FEED""], [""FEED""], [""NORTH""], [""NORTH""], [""HARVEST""], [""WEST""], [""EAST""], [""WEST""], [""PICKUP"", ""WHEAT"", 4], [""SOUTH""], [""NORTH""]]"	"[[""SELL"", ""MILK"", 6]]"
339	14	3	Majkel1337	"[""NORTH""]"	"[[""CARE""], [""CARE""], [""EAST""], [""HARVEST""], [""SOUTH""], [""WEST""], [""EAST""], [""WEST""], [""WEST""], [""SOUTH""], [""EAST""]]"	[]
339	14	3	DSM	"[""NORTH""]"	"[[""CARE""], [""CARE""], [""EAST""], [""HARVEST""], [""SOUTH""], [""WEST""], [""EAST""], [""WEST""], [""WEST""], [""WATER""], [""EAST""]]"	[]
340	14	4	Majkel1337	"[""FEED""]"	"[[""COLLECT_FERTILIZER""], [""COLLECT_FERTILIZER""], [""FEED""], [""SOUTH""], [""PLACE"", ""MILK"", 6], [""WEST""], [""EAST""], [""WATER""], [""FEED""], [""SOUTH""], [""COLLECT_FERTILIZER""]]"	"[[""SELL"", ""WHEAT"", 6]]"
340	14	4	DSM	"[""FEED""]"	"[[""COLLECT_FERTILIZER""], [""COLLECT_FERTILIZER""], [""FEED""], [""SOUTH""], [""PLACE"", ""MILK"", 6], [""WEST""], [""EAST""], [""WATER""], [""FEED""], [""HARVEST""], [""COLLECT_FERTILIZER""]]"	"[[""SELL"", ""WHEAT"", 10]]"
341	14	5	Majkel1337	"[""CARE""]"	"[[""NORTH""], [""WEST""], [""CARE""], [""SOUTH""], [""PICKUP"", ""WHEAT"", 2], [""WATER""], [""HARVEST""], [""HARVEST""], [""CARE""], [""WATER""], [""NORTH""]]"	"[[""SELL"", ""MILK"", 5]]"
341	14	5	DSM	"[""CARE""]"	"[[""NORTH""], [""WEST""], [""CARE""], [""SOUTH""], [""PICKUP"", ""WHEAT"", 3], [""WATER""], [""HARVEST""], [""HARVEST""], [""CARE""], [""PLANT"", ""WHEAT""], [""EAST""]]"	"[[""SELL"", ""MILK"", 6]]"
342	14	6	Majkel1337	"[""COLLECT_FERTILIZER""]"	"[[""FEED""], [""FEED""], [""EAST""], [""PLACE"", ""MILK"", 3], [""NORTH""], [""HARVEST""], [""WEST""], [""PLANT"", ""WHEAT""], [""COLLECT_FERTILIZER""], [""HARVEST""], [""NORTH""]]"	"[[""SELL"", ""WHEAT"", 3], [""BUY_SEED"", ""WHEAT"", 1]]"
342	14	6	DSM	"[""COLLECT_FERTILIZER""]"	"[[""FEED""], [""FEED""], [""EAST""], [""PLACE"", ""MILK"", 3], [""NORTH""], [""HARVEST""], [""WEST""], [""PLANT"", ""WHEAT""], [""COLLECT_FERTILIZER""], [""WATER""], [""NORTH""]]"	"[[""SELL"", ""WHEAT"", 6], [""BUY_SEED"", ""WHEAT"", 1]]"
343	14	7	Majkel1337	"[""NORTH""]"	"[[""CARE""], [""CARE""], [""FEED""], [""PICKUP"", ""WHEAT"", 2], [""NORTH""], [""PLANT"", ""WHEAT""], [""WEST""], [""WATER""], [""WEST""], [""PLANT"", ""WHEAT""], [""HARVEST""]]"	"[[""SELL"", ""STRAWBERRY"", 2], [""SELL"", ""WHEAT"", 2], [""BUY_SEED"", ""WHEAT"", 1]]"
343	14	7	DSM	"[""NORTH""]"	"[[""CARE""], [""CARE""], [""FEED""], [""PICKUP"", ""WHEAT"", 2], [""NORTH""], [""PLANT"", ""WHEAT""], [""WEST""], [""WATER""], [""WEST""], [""SOUTH""], [""EAST""]]"	"[[""SELL"", ""WHEAT"", 3], [""BUY_SEED"", ""WHEAT"", 1]]"
344	14	8	Majkel1337	"[""FEED""]"	"[[""COLLECT_FERTILIZER""], [""COLLECT_FERTILIZER""], [""CARE""], [""FEED""], [""FEED""], [""WATER""], [""WEST""], [""NORTH""], [""FEED""], [""WATER""], [""SOUTH""]]"	"[[""BUY_SEED"", ""WHEAT"", 1]]"
344	14	8	DSM	"[""FEED""]"	"[[""COLLECT_FERTILIZER""], [""COLLECT_FERTILIZER""], [""CARE""], [""FEED""], [""FEED""], [""WATER""], [""WEST""], [""NORTH""], [""FEED""], [""WATER""], [""FERTILIZE""]]"	"[[""BUY_SEED"", ""WHEAT"", 1]]"
345	14	9	Majkel1337	"[""CARE""]"	"[[""EAST""], [""SOUTH""], [""COLLECT_FERTILIZER""], [""CARE""], [""CARE""], [""SOUTH""], [""DROP""], [""WATER""], [""CARE""], [""WEST""], [""SOUTH""]]"	"[[""SELL"", ""WOOL"", 8], [""SELL"", ""STRAWBERRY"", 1]]"
345	14	9	DSM	"[""CARE""]"	"[[""EAST""], [""SOUTH""], [""COLLECT_FERTILIZER""], [""CARE""], [""CARE""], [""SOUTH""], [""DROP""], [""WATER""], [""CARE""], [""SOUTH""], [""WATER""]]"	[]
346	14	10	Majkel1337	"[""COLLECT_FERTILIZER""]"	"[[""FEED""], [""WEST""], [""EAST""], [""COLLECT_FERTILIZER""], [""COLLECT_FERTILIZER""], [""WATER""], [""EAST""], [""NORTH""], [""COLLECT_FERTILIZER""], [""WATER""], [""WEST""]]"	"[[""SELL"", ""WOOL"", 6]]"
346	14	10	DSM	"[""COLLECT_FERTILIZER""]"	"[[""FEED""], [""WEST""], [""EAST""], [""COLLECT_FERTILIZER""], [""COLLECT_FERTILIZER""], [""WATER""], [""PICKUP"", ""WHEAT"", 1], [""NORTH""], [""COLLECT_FERTILIZER""], [""WEST""], [""NORTH""]]"	"[[""SELL"", ""WOOL"", 6]]"
347	14	11	Majkel1337	"[""NORTH""]"	"[[""CARE""], [""FERTILIZE""], [""FEED""], [""NORTH""], [""HARVEST""], [""HARVEST""], [""EAST""], [""WATER""], [""WEST""], [""WEST""], [""DROP""]]"	[]
347	14	11	DSM	"[""NORTH""]"	"[[""CARE""], [""FERTILIZE""], [""FEED""], [""NORTH""], [""HARVEST""], [""HARVEST""], [""NORTH""], [""WATER""], [""WEST""], [""WATER""], [""WATER""]]"	[]
348	14	12	Majkel1337	"[""NORTH""]"	"[[""COLLECT_FERTILIZER""], [""WATER""], [""CARE""], [""WEST""], [""EAST""], [""PLANT"", ""WHEAT""], [""EAST""], [""HARVEST""], [""WEST""], [""WATER""], [""NORTH""]]"	"[[""SELL"", ""FERTILIZER"", 1], [""BUY_SEED"", ""WHEAT"", 1]]"
348	14	12	DSM	"[""WATER""]"	"[[""COLLECT_FERTILIZER""], [""WATER""], [""CARE""], [""WEST""], [""EAST""], [""PLANT"", ""TOMATO""], [""NORTH""], [""NORTH""], [""WEST""], [""SOUTH""], [""HARVEST""]]"	"[[""BUY_SEED"", ""WHEAT"", 1]]"
349	14	13	Majkel1337	"[""WATER""]"	"[[""EAST""], [""SOUTH""], [""COLLECT_FERTILIZER""], [""FERTILIZE""], [""FEED""], [""WATER""], [""EAST""], [""NORTH""], [""WATER""], [""HARVEST""], [""EAST""]]"	"[[""SELL"", ""MILK"", 1], [""BUY_SEED"", ""WHEAT"", 1], [""BUY_SEED"", ""TOMATO"", 1]]"
349	14	13	DSM	"[""NORTH""]"	"[[""EAST""], [""SOUTH""], [""COLLECT_FERTILIZER""], [""FERTILIZE""], [""FEED""], [""WATER""], [""EAST""], [""WATER""], [""WATER""], [""WATER""], [""PLANT"", ""WHEAT""]]"	"[[""BUY_SEED"", ""WHEAT"", 1], [""BUY_SEED"", ""TOMATO"", 1]]"
350	14	14	Majkel1337	"[""EAST""]"	"[[""FEED""], [""SOUTH""], [""NORTH""], [""WATER""], [""CARE""], [""SOUTH""], [""WATER""], [""WATER""], [""NORTH""], [""PLANT"", ""WHEAT""], [""EAST""]]"	"[[""BUY_SEED"", ""WHEAT"", 1]]"
350	14	14	DSM	"[""WATER""]"	"[[""FEED""], [""WATER""], [""EAST""], [""WATER""], [""CARE""], [""SOUTH""], [""CARE""], [""WEST""], [""NORTH""], [""WEST""], [""WATER""]]"	[]
351	14	15	Majkel1337	"[""FERTILIZE""]"	"[[""CARE""], [""WEST""], [""WATER""], [""NORTH""], [""COLLECT_FERTILIZER""], [""WATER""], [""NORTH""], [""WEST""], [""HARVEST""], [""WATER""], [""COLLECT_FERTILIZER""]]"	[]
351	14	15	DSM	"[""EAST""]"	"[[""CARE""], [""SOUTH""], [""WATER""], [""NORTH""], [""COLLECT_FERTILIZER""], [""WATER""], [""COLLECT_FERTILIZER""], [""WATER""], [""WATER""], [""WATER""], [""NORTH""]]"	[]
352	14	16	Majkel1337	"[""EAST""]"	"[[""NORTH""], [""FERTILIZE""], [""NORTH""], [""WATER""], [""NORTH""], [""HARVEST""], [""WATER""], [""WATER""], [""WATER""], [""SOUTH""], [""NORTH""]]"	[]
352	14	16	DSM	"[""FERTILIZE""]"	"[[""COLLECT_FERTILIZER""], [""WATER""], [""NORTH""], [""WATER""], [""HARVEST""], [""EAST""], [""HARVEST""], [""WEST""], [""NORTH""], [""WEST""], [""WATER""]]"	[]
353	14	17	Majkel1337	"[""EAST""]"	"[[""WATER""], [""WATER""], [""WATER""], [""NORTH""], [""WATER""], [""PLANT"", ""WHEAT""], [""NORTH""], [""WEST""], [""NORTH""], [""WEST""], [""WATER""]]"	"[[""SELL"", ""WOOL"", 1], [""SELL"", ""MILK"", 1], [""BUY_SEED"", ""WHEAT"", 1]]"
353	14	17	DSM	"[""WATER""]"	"[[""NORTH""], [""WEST""], [""WATER""], [""NORTH""], [""SOUTH""], [""WATER""], [""EAST""], [""WATER""], [""NORTH""], [""WEST""], [""EAST""]]"	[]
354	14	18	Majkel1337	"[""FERTILIZE""]"	"[[""NORTH""], [""SOUTH""], [""HARVEST""], [""WATER""], [""WEST""], [""WATER""], [""WATER""], [""WATER""], [""WATER""], [""WATER""], [""NORTH""]]"	"[[""BUY_SEED"", ""WHEAT"", 1]]"
354	14	18	DSM	"[""EAST""]"	"[[""FERTILIZE""], [""FERTILIZE""], [""NORTH""], [""WATER""], [""SOUTH""], [""HARVEST""], [""WATER""], [""HARVEST""], [""HARVEST""], [""WATER""], [""WATER""]]"	[]
355	14	19	Majkel1337	"[""WATER""]"	"[[""WATER""], [""WEST""], [""PLANT"", ""WHEAT""], [""WEST""], [""WATER""], [""SOUTH""], [""NORTH""], [""HARVEST""], [""HARVEST""], [""HARVEST""], [""WATER""]]"	"[[""BUY_SEED"", ""WHEAT"", 1]]"
355	14	19	DSM	"[""WATER""]"	"[[""NORTH""], [""WATER""], [""WATER""], [""WEST""], [""WEST""], [""PLANT"", ""TOMATO""], [""NORTH""], [""SOUTH""], [""EAST""], [""HARVEST""], [""HARVEST""]]"	"[[""BUY_SEED"", ""WHEAT"", 1]]"
356	14	20	Majkel1337	"[""WEST""]"	"[[""EAST""], [""WATER""], [""WATER""], [""WEST""], [""NORTH""], [""WATER""], [""WATER""], [""SOUTH""], [""NORTH""], [""PLANT"", ""WHEAT""], [""EAST""]]"	"[[""BUY_SEED"", ""WHEAT"", 1]]"
356	14	20	DSM	"[""EAST""]"	"[[""WATER""], [""WEST""], [""NORTH""], [""WEST""], [""DROP""], [""WATER""], [""WATER""], [""WATER""], [""HARVEST""], [""PLANT"", ""WHEAT""], [""PLANT"", ""WHEAT""]]"	"[[""BUY_SEED"", ""WHEAT"", 1]]"
357	14	21	Majkel1337	"[""WEST""]"	"[[""WATER""], [""HARVEST""], [""NORTH""], [""WATER""], [""WATER""], [""HARVEST""], [""NORTH""], [""WATER""], [""HARVEST""], [""WATER""], [""WATER""]]"	"[[""SELL"", ""WOOL"", 5], [""SELL"", ""MILK"", 1]]"
357	14	21	DSM	"[""FERTILIZE""]"	"[[""WEST""], [""WATER""], [""NORTH""], [""WATER""], [""NORTH""], [""NORTH""], [""WEST""], [""SOUTH""], [""FERTILIZE""], [""WATER""], [""WATER""]]"	"[[""SELL"", ""WOOL"", 6], [""SELL"", ""STRAWBERRY"", 2], [""SELL"", ""MILK"", 2], [""SELL"", ""FERTILIZER"", 2]]"
358	14	22	Majkel1337	"[""EAST""]"	"[[""NORTH""], [""PLANT"", ""WHEAT""], [""NORTH""], [""HARVEST""], [""EAST""], [""PLANT"", ""WHEAT""], [""WATER""], [""SOUTH""], [""NORTH""], [""EAST""], [""NORTH""]]"	[]
358	14	22	DSM	"[""WATER""]"	"[[""WATER""], [""SOUTH""], [""WATER""], [""SOUTH""], [""NORTH""], [""WATER""], [""WATER""], [""WATER""], [""SOUTH""], [""EAST""], [""NORTH""]]"	"[[""SELL"", ""WHEAT"", 1]]"
359	14	23	Majkel1337	"[""WATER""]"	"[[""WATER""], [""WATER""], [""WATER""], [""PASS""], [""WATER""], [""WATER""], [""WEST""], [""EAST""], [""FERTILIZE""], [""WATER""], [""WATER""]]"	[]
359	14	23	DSM	"[""EAST""]"	"[[""WEST""], [""EAST""], [""WEST""], [""WATER""], [""NORTH""], [""PASS""], [""WEST""], [""EAST""], [""WATER""], [""WATER""], [""WEST""]]"	[]
360	15	0	Majkel1337	"[""NORTH""]"	[]	"[[""SELL"", ""FERTILIZER"", 9], [""SELL"", ""MILK"", 3], [""HIRE""], [""HIRE""], [""HIRE""], [""HIRE""], [""HIRE""], [""HIRE""], [""HIRE""], [""HIRE""]]"
360	15	0	DSM	"[""NORTH""]"	[]	"[[""SELL"", ""FERTILIZER"", 6], [""HIRE""], [""HIRE""], [""HIRE""], [""HIRE""], [""HIRE""], [""HIRE""], [""HIRE""], [""HIRE""]]"
361	15	1	Majkel1337	"[""HARVEST""]"	"[[""WEST""], [""HARVEST""], [""HARVEST""], [""PICKUP"", ""WHEAT"", 5], [""NORTH""], [""EAST""], [""WEST""], [""NORTH""]]"	"[[""SELL"", ""STRAWBERRY"", 6], [""SELL"", ""MILK"", 4], [""HIRE""], [""HIRE""], [""HIRE""]]"
361	15	1	DSM	"[""HARVEST""]"	"[[""WEST""], [""HARVEST""], [""HARVEST""], [""PICKUP"", ""WHEAT"", 5], [""NORTH""], [""EAST""], [""WEST""], [""NORTH""]]"	"[[""SELL"", ""STRAWBERRY"", 11], [""HIRE""], [""HIRE""], [""HIRE""], [""BUY_SEED"", ""TOMATO"", 1]]"
362	15	2	Majkel1337	"[""SOUTH""]"	"[[""HARVEST""], [""PLACE"", ""WOOL"", 4], [""PLACE"", ""WOOL"", 6], [""NORTH""], [""WEST""], [""HARVEST""], [""WEST""], [""EAST""], [""PICKUP"", ""WHEAT"", 5], [""CARE""], [""SOUTH""]]"	"[[""SELL"", ""WHEAT"", 18]]"
362	15	2	DSM	"[""SOUTH""]"	"[[""HARVEST""], [""PLACE"", ""WOOL"", 4], [""PLACE"", ""WOOL"", 6], [""NORTH""], [""WEST""], [""HARVEST""], [""WEST""], [""EAST""], [""PICKUP"", ""WHEAT"", 4], [""CARE""], [""SOUTH""]]"	"[[""SELL"", ""WOOL"", 8]]"
363	15	3	Majkel1337	"[""PLACE"", ""WOOL"", 4]"	"[[""EAST""], [""PICKUP"", ""WHEAT"", 4], [""PICKUP"", ""WHEAT"", 3], [""EAST""], [""WATER""], [""WEST""], [""WATER""], [""COLLECT_FERTILIZER""], [""WEST""], [""COLLECT_FERTILIZER""], [""PLANT"", ""TOMATO""]]"	"[[""SELL"", ""WOOL"", 10]]"
363	15	3	DSM	"[""PLACE"", ""WOOL"", 4]"	"[[""EAST""], [""PICKUP"", ""WHEAT"", 4], [""PICKUP"", ""WHEAT"", 4], [""EAST""], [""WATER""], [""WEST""], [""WATER""], [""CARE""], [""WEST""], [""COLLECT_FERTILIZER""], [""SOUTH""]]"	"[[""SELL"", ""WOOL"", 4]]"
364	15	4	Majkel1337	"[""PICKUP"", ""WHEAT"", 3]"	"[[""PLACE"", ""WOOL"", 4], [""FEED""], [""FEED""], [""FEED""], [""HARVEST""], [""PLACE"", ""WOOL"", 4], [""HARVEST""], [""EAST""], [""FEED""], [""WEST""], [""WATER""]]"	"[[""SELL"", ""WOOL"", 4]]"
364	15	4	DSM	"[""PICKUP"", ""WHEAT"", 3]"	"[[""PLACE"", ""WOOL"", 4], [""FEED""], [""FEED""], [""FEED""], [""HARVEST""], [""PLACE"", ""WOOL"", 4], [""HARVEST""], [""COLLECT_FERTILIZER""], [""FEED""], [""WEST""], [""WATER""]]"	"[[""SELL"", ""WOOL"", 4]]"
365	15	5	Majkel1337	"[""FEED""]"	"[[""PICKUP"", ""WHEAT"", 3], [""CARE""], [""CARE""], [""CARE""], [""PLANT"", ""WHEAT""], [""PICKUP"", ""WHEAT"", 3], [""PLANT"", ""WHEAT""], [""HARVEST""], [""CARE""], [""WEST""], [""SOUTH""]]"	"[[""SELL"", ""WOOL"", 5], [""BUY_SEED"", ""WHEAT"", 1]]"
365	15	5	DSM	"[""FEED""]"	"[[""PICKUP"", ""WHEAT"", 3], [""CARE""], [""CARE""], [""EAST""], [""PLANT"", ""WHEAT""], [""PICKUP"", ""WHEAT"", 3], [""PLANT"", ""TOMATO""], [""EAST""], [""CARE""], [""WEST""], [""HARVEST""]]"	"[[""SELL"", ""WOOL"", 4]]"
366	15	6	Majkel1337	"[""NORTH""]"	"[[""NORTH""], [""COLLECT_FERTILIZER""], [""COLLECT_FERTILIZER""], [""EAST""], [""WATER""], [""NORTH""], [""WATER""], [""NORTH""], [""COLLECT_FERTILIZER""], [""WEST""], [""WATER""]]"	[]
366	15	6	DSM	"[""NORTH""]"	"[[""NORTH""], [""COLLECT_FERTILIZER""], [""COLLECT_FERTILIZER""], [""FEED""], [""WATER""], [""NORTH""], [""WATER""], [""HARVEST""], [""COLLECT_FERTILIZER""], [""WEST""], [""PLANT"", ""WHEAT""]]"	"[[""SELL"", ""WOOL"", 1]]"
367	15	7	Majkel1337	"[""COLLECT_FERTILIZER""]"	"[[""FEED""], [""NORTH""], [""WEST""], [""FEED""], [""NORTH""], [""NORTH""], [""SOUTH""], [""HARVEST""], [""WEST""], [""FERTILIZE""], [""SOUTH""]]"	[]
367	15	7	DSM	"[""COLLECT_FERTILIZER""]"	"[[""FEED""], [""NORTH""], [""WEST""], [""CARE""], [""NORTH""], [""NORTH""], [""SOUTH""], [""NORTH""], [""WEST""], [""FERTILIZE""], [""WATER""]]"	[]
368	15	8	Majkel1337	"[""NORTH""]"	"[[""CARE""], [""FEED""], [""FEED""], [""CARE""], [""WATER""], [""FEED""], [""WATER""], [""COLLECT_FERTILIZER""], [""FEED""], [""WATER""], [""WEST""]]"	[]
368	15	8	DSM	"[""NORTH""]"	"[[""CARE""], [""FEED""], [""FEED""], [""COLLECT_FERTILIZER""], [""WATER""], [""FEED""], [""WATER""], [""HARVEST""], [""FEED""], [""WATER""], [""SOUTH""]]"	[]
369	15	9	Majkel1337	"[""FEED""]"	"[[""NORTH""], [""CARE""], [""CARE""], [""COLLECT_FERTILIZER""], [""NORTH""], [""CARE""], [""HARVEST""], [""NORTH""], [""CARE""], [""WEST""], [""WATER""]]"	"[[""SELL"", ""STRAWBERRY"", 2], [""SELL"", ""WOOL"", 1]]"
369	15	9	DSM	"[""FEED""]"	"[[""NORTH""], [""CARE""], [""CARE""], [""EAST""], [""NORTH""], [""CARE""], [""HARVEST""], [""SOUTH""], [""CARE""], [""WEST""], [""WATER""]]"	"[[""SELL"", ""WOOL"", 1]]"
370	15	10	Majkel1337	"[""CARE""]"	"[[""EAST""], [""COLLECT_FERTILIZER""], [""COLLECT_FERTILIZER""], [""EAST""], [""WATER""], [""COLLECT_FERTILIZER""], [""PLANT"", ""WHEAT""], [""WATER""], [""COLLECT_FERTILIZER""], [""WATER""], [""SOUTH""]]"	"[[""SELL"", ""WHEAT"", 4], [""BUY_SEED"", ""WHEAT"", 1]]"
370	15	10	DSM	"[""CARE""]"	"[[""EAST""], [""COLLECT_FERTILIZER""], [""COLLECT_FERTILIZER""], [""FEED""], [""WATER""], [""COLLECT_FERTILIZER""], [""PLANT"", ""WHEAT""], [""WEST""], [""COLLECT_FERTILIZER""], [""WATER""], [""WEST""]]"	"[[""SELL"", ""WHEAT"", 10], [""BUY_SEED"", ""WHEAT"", 1]]"
371	15	11	Majkel1337	"[""COLLECT_FERTILIZER""]"	"[[""EAST""], [""EAST""], [""SOUTH""], [""FEED""], [""NORTH""], [""NORTH""], [""WATER""], [""EAST""], [""HARVEST""], [""HARVEST""], [""WATER""]]"	"[[""BUY_SEED"", ""TOMATO"", 1]]"
371	15	11	DSM	"[""COLLECT_FERTILIZER""]"	"[[""EAST""], [""EAST""], [""SOUTH""], [""CARE""], [""NORTH""], [""NORTH""], [""WATER""], [""WEST""], [""HARVEST""], [""HARVEST""], [""WATER""]]"	"[[""BUY_SEED"", ""WHEAT"", 1], [""BUY_SEED"", ""TOMATO"", 1]]"
372	15	12	Majkel1337	"[""NORTH""]"	"[[""FEED""], [""FEED""], [""FERTILIZE""], [""CARE""], [""WATER""], [""WATER""], [""WEST""], [""EAST""], [""NORTH""], [""NORTH""], [""HARVEST""]]"	"[[""BUY_SEED"", ""WHEAT"", 1]]"
372	15	12	DSM	"[""NORTH""]"	"[[""FEED""], [""FEED""], [""FERTILIZE""], [""COLLECT_FERTILIZER""], [""WATER""], [""WATER""], [""WEST""], [""DROP""], [""NORTH""], [""NORTH""], [""SOUTH""]]"	"[[""BUY_SEED"", ""WHEAT"", 1]]"
373	15	13	Majkel1337	"[""WATER""]"	"[[""CARE""], [""CARE""], [""WATER""], [""COLLECT_FERTILIZER""], [""WEST""], [""FERTILIZE""], [""WATER""], [""WATER""], [""WEST""], [""WATER""], [""PLANT"", ""WHEAT""]]"	"[[""SELL"", ""WOOL"", 1], [""BUY_SEED"", ""WHEAT"", 1]]"
373	15	13	DSM	"[""WATER""]"	"[[""CARE""], [""CARE""], [""WATER""], [""NORTH""], [""WEST""], [""FERTILIZE""], [""WATER""], [""PICKUP"", ""WHEAT"", 2], [""WEST""], [""WATER""], [""WATER""]]"	"[[""SELL"", ""WOOL"", 4], [""SELL"", ""FERTILIZER"", 1]]"
374	15	14	Majkel1337	"[""WEST""]"	"[[""COLLECT_FERTILIZER""], [""COLLECT_FERTILIZER""], [""SOUTH""], [""NORTH""], [""WATER""], [""NORTH""], [""NORTH""], [""NORTH""], [""WATER""], [""NORTH""], [""WATER""]]"	"[[""BUY_SEED"", ""WHEAT"", 1]]"
374	15	14	DSM	"[""WEST""]"	"[[""COLLECT_FERTILIZER""], [""COLLECT_FERTILIZER""], [""SOUTH""], [""WATER""], [""WATER""], [""NORTH""], [""NORTH""], [""NORTH""], [""WATER""], [""HARVEST""], [""WEST""]]"	[]
375	15	15	Majkel1337	"[""WEST""]"	"[[""NORTH""], [""HARVEST""], [""FERTILIZE""], [""WATER""], [""HARVEST""], [""WATER""], [""WATER""], [""WATER""], [""NORTH""], [""WATER""], [""WEST""]]"	[]
375	15	15	DSM	"[""WEST""]"	"[[""NORTH""], [""HARVEST""], [""FERTILIZE""], [""HARVEST""], [""HARVEST""], [""WATER""], [""WATER""], [""EAST""], [""NORTH""], [""NORTH""], [""WATER""]]"	[]
376	15	16	Majkel1337	"[""WATER""]"	"[[""WATER""], [""NORTH""], [""WATER""], [""HARVEST""], [""WEST""], [""EAST""], [""SOUTH""], [""FERTILIZE""], [""WATER""], [""NORTH""], [""WATER""]]"	[]
376	15	16	DSM	"[""WATER""]"	"[[""WATER""], [""NORTH""], [""WATER""], [""PLANT"", ""WHEAT""], [""WEST""], [""EAST""], [""SOUTH""], [""EAST""], [""WATER""], [""HARVEST""], [""WEST""]]"	"[[""SELL"", ""STRAWBERRY"", 1], [""BUY_SEED"", ""WHEAT"", 1]]"
377	15	17	Majkel1337	"[""FERTILIZE""]"	"[[""EAST""], [""NORTH""], [""WEST""], [""PLANT"", ""WHEAT""], [""WATER""], [""WATER""], [""SOUTH""], [""NORTH""], [""NORTH""], [""WATER""], [""HARVEST""]]"	"[[""SELL"", ""STRAWBERRY"", 4], [""SELL"", ""WOOL"", 1], [""BUY_SEED"", ""WHEAT"", 1]]"
377	15	17	DSM	"[""HARVEST""]"	"[[""EAST""], [""NORTH""], [""WEST""], [""WATER""], [""WATER""], [""WATER""], [""SOUTH""], [""COLLECT_FERTILIZER""], [""WEST""], [""WATER""], [""WATER""]]"	"[[""SELL"", ""STRAWBERRY"", 1], [""SELL"", ""WOOL"", 1]]"
378	15	18	Majkel1337	"[""NORTH""]"	"[[""WATER""], [""FERTILIZE""], [""WATER""], [""WATER""], [""WEST""], [""EAST""], [""WATER""], [""FERTILIZE""], [""FERTILIZE""], [""EAST""], [""PLANT"", ""WHEAT""]]"	"[[""BUY_SEED"", ""WHEAT"", 1]]"
378	15	18	DSM	"[""FERTILIZE""]"	"[[""WATER""], [""FERTILIZE""], [""WATER""], [""NORTH""], [""SOUTH""], [""EAST""], [""SOUTH""], [""NORTH""], [""FERTILIZE""], [""NORTH""], [""HARVEST""]]"	"[[""SELL"", ""STRAWBERRY"", 1]]"
379	15	19	Majkel1337	"[""FERTILIZE""]"	"[[""FERTILIZE""], [""EAST""], [""SOUTH""], [""WEST""], [""WATER""], [""WATER""], [""SOUTH""], [""WATER""], [""SOUTH""], [""WATER""], [""WATER""]]"	"[[""BUY_SEED"", ""WHEAT"", 1]]"
379	15	19	DSM	"[""NORTH""]"	"[[""EAST""], [""EAST""], [""SOUTH""], [""NORTH""], [""WATER""], [""WATER""], [""WATER""], [""WATER""], [""NORTH""], [""WATER""], [""PLANT"", ""WHEAT""]]"	"[[""BUY_SEED"", ""WHEAT"", 1]]"
380	15	20	Majkel1337	"[""EAST""]"	"[[""EAST""], [""EAST""], [""WEST""], [""FEED""], [""EAST""], [""EAST""], [""WATER""], [""WEST""], [""WEST""], [""SOUTH""], [""WEST""]]"	[]
380	15	20	DSM	"[""FERTILIZE""]"	"[[""FERTILIZE""], [""FERTILIZE""], [""WATER""], [""WATER""], [""SOUTH""], [""EAST""], [""WEST""], [""HARVEST""], [""NORTH""], [""NORTH""], [""WATER""]]"	"[[""BUY_SEED"", ""WHEAT"", 1]]"
381	15	21	Majkel1337	"[""EAST""]"	"[[""WATER""], [""FERTILIZE""], [""HARVEST""], [""CARE""], [""EAST""], [""WATER""], [""HARVEST""], [""WATER""], [""FERTILIZE""], [""EAST""], [""WATER""]]"	[]
381	15	21	DSM	"[""EAST""]"	"[[""NORTH""], [""NORTH""], [""WEST""], [""NORTH""], [""EAST""], [""WATER""], [""WATER""], [""PLANT"", ""WHEAT""], [""FERTILIZE""], [""WATER""], [""WEST""]]"	"[[""SELL"", ""WOOL"", 2]]"
382	15	22	Majkel1337	"[""WATER""]"	"[[""SOUTH""], [""NORTH""], [""PLANT"", ""TOMATO""], [""EAST""], [""EAST""], [""SOUTH""], [""PLANT"", ""WHEAT""], [""SOUTH""], [""EAST""], [""WATER""], [""WEST""]]"	"[[""SELL"", ""WHEAT"", 3]]"
382	15	22	DSM	"[""EAST""]"	"[[""EAST""], [""EAST""], [""NORTH""], [""FERTILIZE""], [""WATER""], [""EAST""], [""NORTH""], [""WATER""], [""EAST""], [""EAST""], [""WATER""]]"	"[[""SELL"", ""WHEAT"", 13]]"
383	15	23	Majkel1337	"[""PASS""]"	"[[""WATER""], [""FERTILIZE""], [""WATER""], [""EAST""], [""SOUTH""], [""SOUTH""], [""WATER""], [""SOUTH""], [""SOUTH""], [""PASS""], [""WATER""]]"	[]
383	15	23	DSM	"[""WATER""]"	"[[""WATER""], [""EAST""], [""WATER""], [""EAST""], [""PASS""], [""WATER""], [""WATER""], [""EAST""], [""EAST""], [""EAST""], [""NORTH""]]"	[]
384	16	0	Majkel1337	"[""HARVEST""]"	[]	"[[""SELL"", ""WOOL"", 3], [""SELL"", ""FERTILIZER"", 2], [""HIRE""], [""HIRE""], [""HIRE""], [""HIRE""], [""HIRE""], [""HIRE""], [""HIRE""], [""HIRE""]]"
384	16	0	DSM	"[""HARVEST""]"	[]	"[[""SELL"", ""STRAWBERRY"", 6], [""SELL"", ""FERTILIZER"", 3], [""HIRE""], [""HIRE""], [""HIRE""], [""HIRE""], [""HIRE""], [""HIRE""], [""HIRE""], [""HIRE""]]"
385	16	1	Majkel1337	"[""PLACE"", ""MILK"", 3]"	"[[""PICKUP"", ""WHEAT"", 5], [""PICKUP"", ""WHEAT"", 4], [""PICKUP"", ""WHEAT"", 4], [""COLLECT_FERTILIZER""], [""NORTH""], [""SOUTH""], [""NORTH""], [""WEST""]]"	"[[""SELL"", ""WOOL"", 2], [""HIRE""], [""HIRE""], [""HIRE""], [""BUY_SEED"", ""CARROT"", 5]]"
385	16	1	DSM	"[""PLACE"", ""MILK"", 3]"	"[[""PICKUP"", ""WHEAT"", 5], [""PICKUP"", ""WHEAT"", 4], [""PICKUP"", ""WHEAT"", 4], [""NORTH""], [""NORTH""], [""SOUTH""], [""NORTH""], [""WEST""]]"	"[[""SELL"", ""MILK"", 6], [""SELL"", ""WOOL"", 1], [""HIRE""], [""HIRE""], [""HIRE""]]"
386	16	2	Majkel1337	"[""WEST""]"	"[[""FEED""], [""FEED""], [""NORTH""], [""WEST""], [""HARVEST""], [""WEST""], [""EAST""], [""WEST""], [""SOUTH""], [""NORTH""], [""NORTH""]]"	"[[""SELL"", ""MILK"", 3]]"
386	16	2	DSM	"[""PICKUP"", ""WHEAT"", 4]"	"[[""FEED""], [""FEED""], [""NORTH""], [""NORTH""], [""HARVEST""], [""WEST""], [""EAST""], [""WEST""], [""COLLECT_FERTILIZER""], [""SOUTH""], [""NORTH""]]"	"[[""SELL"", ""MILK"", 6]]"
387	16	3	Majkel1337	"[""COLLECT_FERTILIZER""]"	"[[""CARE""], [""CARE""], [""EAST""], [""WEST""], [""NORTH""], [""WATER""], [""EAST""], [""WEST""], [""SOUTH""], [""EAST""], [""COLLECT_FERTILIZER""]]"	"[[""SELL"", ""STRAWBERRY"", 2], [""SELL"", ""WHEAT"", 9]]"
387	16	3	DSM	"[""NORTH""]"	"[[""CARE""], [""CARE""], [""EAST""], [""HARVEST""], [""NORTH""], [""WATER""], [""EAST""], [""WEST""], [""WEST""], [""WATER""], [""EAST""]]"	[]
388	16	4	Majkel1337	"[""WEST""]"	"[[""COLLECT_FERTILIZER""], [""COLLECT_FERTILIZER""], [""FEED""], [""WEST""], [""NORTH""], [""HARVEST""], [""EAST""], [""WATER""], [""WATER""], [""COLLECT_FERTILIZER""], [""NORTH""]]"	"[[""SELL"", ""WHEAT"", 6], [""SELL"", ""STRAWBERRY"", 1]]"
388	16	4	DSM	"[""FEED""]"	"[[""COLLECT_FERTILIZER""], [""COLLECT_FERTILIZER""], [""FEED""], [""SOUTH""], [""NORTH""], [""HARVEST""], [""EAST""], [""WATER""], [""WEST""], [""SOUTH""], [""CARE""]]"	"[[""SELL"", ""WHEAT"", 10]]"
389	16	5	Majkel1337	"[""COLLECT_FERTILIZER""]"	"[[""NORTH""], [""WEST""], [""CARE""], [""WEST""], [""HARVEST""], [""PLANT"", ""WHEAT""], [""EAST""], [""HARVEST""], [""HARVEST""], [""NORTH""], [""COLLECT_FERTILIZER""]]"	"[[""SELL"", ""STRAWBERRY"", 1], [""SELL"", ""WOOL"", 1]]"
389	16	5	DSM	"[""CARE""]"	"[[""NORTH""], [""WEST""], [""EAST""], [""SOUTH""], [""HARVEST""], [""PLANT"", ""TOMATO""], [""EAST""], [""HARVEST""], [""WEST""], [""SOUTH""], [""COLLECT_FERTILIZER""]]"	"[[""SELL"", ""STRAWBERRY"", 4], [""SELL"", ""WOOL"", 1]]"
390	16	6	Majkel1337	"[""NORTH""]"	"[[""FEED""], [""FEED""], [""EAST""], [""FERTILIZE""], [""NORTH""], [""WATER""], [""WATER""], [""PLANT"", ""WHEAT""], [""PLANT"", ""CARROT""], [""NORTH""], [""HARVEST""]]"	"[[""SELL"", ""WHEAT"", 4], [""BUY_SEED"", ""WHEAT"", 1]]"
390	16	6	DSM	"[""COLLECT_FERTILIZER""]"	"[[""FEED""], [""FEED""], [""FEED""], [""PLACE"", ""MILK"", 3], [""NORTH""], [""WATER""], [""WATER""], [""PLANT"", ""WHEAT""], [""WEST""], [""WATER""], [""NORTH""]]"	"[[""SELL"", ""WHEAT"", 8], [""BUY_SEED"", ""WHEAT"", 1]]"
391	16	7	Majkel1337	"[""FERTILIZE""]"	"[[""CARE""], [""CARE""], [""FEED""], [""WATER""], [""HARVEST""], [""SOUTH""], [""NORTH""], [""WATER""], [""WATER""], [""NORTH""], [""NORTH""]]"	[]
391	16	7	DSM	"[""NORTH""]"	"[[""CARE""], [""CARE""], [""CARE""], [""WEST""], [""HARVEST""], [""SOUTH""], [""NORTH""], [""WATER""], [""FERTILIZE""], [""WEST""], [""NORTH""]]"	[]
392	16	8	Majkel1337	"[""WEST""]"	"[[""COLLECT_FERTILIZER""], [""COLLECT_FERTILIZER""], [""CARE""], [""NORTH""], [""SOUTH""], [""WATER""], [""WATER""], [""NORTH""], [""SOUTH""], [""HARVEST""], [""NORTH""]]"	[]
392	16	8	DSM	"[""FEED""]"	"[[""COLLECT_FERTILIZER""], [""COLLECT_FERTILIZER""], [""COLLECT_FERTILIZER""], [""COLLECT_FERTILIZER""], [""SOUTH""], [""WATER""], [""WATER""], [""NORTH""], [""WATER""], [""WATER""], [""NORTH""]]"	[]
393	16	9	Majkel1337	"[""FERTILIZE""]"	"[[""EAST""], [""WEST""], [""COLLECT_FERTILIZER""], [""WATER""], [""SOUTH""], [""HARVEST""], [""NORTH""], [""WATER""], [""WATER""], [""EAST""], [""WATER""]]"	"[[""SELL"", ""WOOL"", 1]]"
393	16	9	DSM	"[""CARE""]"	"[[""EAST""], [""WEST""], [""EAST""], [""WEST""], [""SOUTH""], [""HARVEST""], [""NORTH""], [""WATER""], [""NORTH""], [""SOUTH""], [""HARVEST""]]"	"[[""SELL"", ""WOOL"", 1]]"
394	16	10	Majkel1337	"[""EAST""]"	"[[""FEED""], [""WEST""], [""EAST""], [""HARVEST""], [""SOUTH""], [""PLANT"", ""WHEAT""], [""WATER""], [""NORTH""], [""WEST""], [""HARVEST""], [""EAST""]]"	"[[""BUY_SEED"", ""WHEAT"", 1]]"
394	16	10	DSM	"[""COLLECT_FERTILIZER""]"	"[[""FEED""], [""WEST""], [""FEED""], [""COLLECT_FERTILIZER""], [""SOUTH""], [""PLANT"", ""WHEAT""], [""WATER""], [""NORTH""], [""WATER""], [""WATER""], [""EAST""]]"	"[[""BUY_SEED"", ""WHEAT"", 1]]"
395	16	11	Majkel1337	"[""WATER""]"	"[[""CARE""], [""FERTILIZE""], [""FEED""], [""NORTH""], [""SOUTH""], [""WATER""], [""NORTH""], [""WATER""], [""WATER""], [""NORTH""], [""WATER""]]"	[]
395	16	11	DSM	"[""NORTH""]"	"[[""CARE""], [""FERTILIZE""], [""CARE""], [""NORTH""], [""SOUTH""], [""WATER""], [""NORTH""], [""WATER""], [""NORTH""], [""WEST""], [""HARVEST""]]"	[]
396	16	12	Majkel1337	"[""NORTH""]"	"[[""COLLECT_FERTILIZER""], [""WATER""], [""CARE""], [""WATER""], [""DROP""], [""WEST""], [""WATER""], [""NORTH""], [""WEST""], [""HARVEST""], [""EAST""]]"	[]
396	16	12	DSM	"[""NORTH""]"	"[[""COLLECT_FERTILIZER""], [""WATER""], [""COLLECT_FERTILIZER""], [""FERTILIZE""], [""DROP""], [""WEST""], [""WATER""], [""HARVEST""], [""WATER""], [""WATER""], [""NORTH""]]"	[]
397	16	13	Majkel1337	"[""WATER""]"	"[[""EAST""], [""WEST""], [""COLLECT_FERTILIZER""], [""HARVEST""], [""PICKUP"", ""WHEAT"", 2], [""WATER""], [""HARVEST""], [""WATER""], [""WATER""], [""SOUTH""], [""WATER""]]"	"[[""SELL"", ""MILK"", 3], [""SELL"", ""WOOL"", 1]]"
397	16	13	DSM	"[""WATER""]"	"[[""EAST""], [""WEST""], [""EAST""], [""WATER""], [""PICKUP"", ""WHEAT"", 2], [""WATER""], [""NORTH""], [""PLANT"", ""WHEAT""], [""NORTH""], [""WEST""], [""HARVEST""]]"	"[[""SELL"", ""STRAWBERRY"", 4], [""SELL"", ""WOOL"", 1], [""BUY_SEED"", ""WHEAT"", 1]]"
398	16	14	Majkel1337	"[""NORTH""]"	"[[""FEED""], [""FERTILIZE""], [""EAST""], [""NORTH""], [""NORTH""], [""HARVEST""], [""NORTH""], [""HARVEST""], [""SOUTH""], [""SOUTH""], [""FERTILIZE""]]"	"[[""SELL"", ""STRAWBERRY"", 4]]"
398	16	14	DSM	"[""EAST""]"	"[[""FEED""], [""FERTILIZE""], [""FERTILIZE""], [""WEST""], [""NORTH""], [""SOUTH""], [""WATER""], [""WATER""], [""HARVEST""], [""WEST""], [""SOUTH""]]"	"[[""BUY_SEED"", ""WHEAT"", 1]]"
399	16	15	Majkel1337	"[""WATER""]"	"[[""CARE""], [""WATER""], [""FERTILIZE""], [""HARVEST""], [""NORTH""], [""PLANT"", ""CARROT""], [""WATER""], [""EAST""], [""WEST""], [""SOUTH""], [""EAST""]]"	"[[""BUY_SEED"", ""WHEAT"", 1], [""BUY_SEED"", ""TOMATO"", 1]]"
399	16	15	DSM	"[""WATER""]"	"[[""CARE""], [""WATER""], [""NORTH""], [""WEST""], [""NORTH""], [""WATER""], [""HARVEST""], [""NORTH""], [""WATER""], [""WATER""], [""SOUTH""]]"	[]
400	16	16	Majkel1337	"[""HARVEST""]"	"[[""COLLECT_FERTILIZER""], [""SOUTH""], [""NORTH""], [""NORTH""], [""FEED""], [""WATER""], [""WEST""], [""SOUTH""], [""WATER""], [""SOUTH""], [""WATER""]]"	"[[""BUY_SEED"", ""CARROT"", 6], [""BUY_SEED"", ""TOMATO"", 1]]"
400	16	16	DSM	"[""EAST""]"	"[[""COLLECT_FERTILIZER""], [""SOUTH""], [""FERTILIZE""], [""FERTILIZE""], [""FEED""], [""WEST""], [""PLANT"", ""WHEAT""], [""WATER""], [""NORTH""], [""HARVEST""], [""SOUTH""]]"	[]
401	16	17	Majkel1337	"[""SOUTH""]"	"[[""EAST""], [""WATER""], [""FERTILIZE""], [""HARVEST""], [""CARE""], [""WEST""], [""HARVEST""], [""SOUTH""], [""WEST""], [""WEST""], [""SOUTH""]]"	"[[""SELL"", ""WOOL"", 1]]"
401	16	17	DSM	"[""WATER""]"	"[[""NORTH""], [""WATER""], [""NORTH""], [""NORTH""], [""CARE""], [""WATER""], [""WATER""], [""HARVEST""], [""WATER""], [""PLANT"", ""WHEAT""], [""SOUTH""]]"	"[[""SELL"", ""WOOL"", 1], [""BUY_SEED"", ""WHEAT"", 1]]"
402	16	18	Majkel1337	"[""SOUTH""]"	"[[""NORTH""], [""SOUTH""], [""NORTH""], [""WATER""], [""COLLECT_FERTILIZER""], [""WATER""], [""SOUTH""], [""SOUTH""], [""WATER""], [""WEST""], [""WATER""]]"	[]
402	16	18	DSM	"[""FERTILIZE""]"	"[[""EAST""], [""SOUTH""], [""WEST""], [""EAST""], [""COLLECT_FERTILIZER""], [""HARVEST""], [""WEST""], [""EAST""], [""HARVEST""], [""WATER""], [""WEST""]]"	"[[""BUY_SEED"", ""WHEAT"", 1], [""BUY_SEED"", ""TOMATO"", 1]]"
403	16	19	Majkel1337	"[""SOUTH""]"	"[[""EAST""], [""WATER""], [""WEST""], [""EAST""], [""HARVEST""], [""SOUTH""], [""HARVEST""], [""EAST""], [""HARVEST""], [""DROP""], [""WEST""]]"	[]
403	16	19	DSM	"[""EAST""]"	"[[""EAST""], [""SOUTH""], [""WATER""], [""EAST""], [""HARVEST""], [""PLANT"", ""TOMATO""], [""HARVEST""], [""WATER""], [""EAST""], [""NORTH""], [""WEST""]]"	"[[""BUY_SEED"", ""WHEAT"", 1]]"
404	16	20	Majkel1337	"[""EAST""]"	"[[""FERTILIZE""], [""SOUTH""], [""WATER""], [""WATER""], [""EAST""], [""WEST""], [""WATER""], [""EAST""], [""PLANT"", ""CARROT""], [""NORTH""], [""WATER""]]"	"[[""SELL"", ""STRAWBERRY"", 6], [""SELL"", ""FERTILIZER"", 1], [""BUY_SEED"", ""WHEAT"", 1]]"
404	16	20	DSM	"[""WATER""]"	"[[""FERTILIZE""], [""WATER""], [""NORTH""], [""WATER""], [""EAST""], [""WATER""], [""SOUTH""], [""EAST""], [""WATER""], [""WATER""], [""DROP""]]"	"[[""BUY_SEED"", ""WHEAT"", 1]]"
405	16	21	Majkel1337	"[""EAST""]"	"[[""WEST""], [""WATER""], [""WEST""], [""EAST""], [""FEED""], [""WATER""], [""NORTH""], [""DROP""], [""WATER""], [""NORTH""], [""WEST""]]"	"[[""SELL"", ""WOOL"", 1]]"
405	16	21	DSM	"[""EAST""]"	"[[""NORTH""], [""HARVEST""], [""HARVEST""], [""EAST""], [""FEED""], [""NORTH""], [""HARVEST""], [""WATER""], [""EAST""], [""HARVEST""], [""NORTH""]]"	"[[""SELL"", ""STRAWBERRY"", 6], [""SELL"", ""MILK"", 2], [""SELL"", ""WOOL"", 1], [""SELL"", ""FERTILIZER"", 1]]"
406	16	22	Majkel1337	"[""DROP""]"	"[[""WEST""], [""EAST""], [""WATER""], [""WATER""], [""CARE""], [""EAST""], [""WATER""], [""NORTH""], [""EAST""], [""EAST""], [""WATER""]]"	"[[""SELL"", ""STRAWBERRY"", 2], [""SELL"", ""WHEAT"", 6]]"
406	16	22	DSM	"[""WATER""]"	"[[""WEST""], [""PLANT"", ""WHEAT""], [""WATER""], [""WATER""], [""CARE""], [""NORTH""], [""WEST""], [""NORTH""], [""WATER""], [""NORTH""], [""NORTH""]]"	"[[""SELL"", ""WHEAT"", 4]]"
407	16	23	Majkel1337	"[""PASS""]"	"[[""FERTILIZE""], [""WATER""], [""SOUTH""], [""EAST""], [""COLLECT_FERTILIZER""], [""WATER""], [""SOUTH""], [""NORTH""], [""EAST""], [""COLLECT_FERTILIZER""], [""WEST""]]"	"[[""SELL"", ""STRAWBERRY"", 2]]"
407	16	23	DSM	"[""SOUTH""]"	"[[""WEST""], [""WATER""], [""WEST""], [""PASS""], [""COLLECT_FERTILIZER""], [""WATER""], [""WATER""], [""WATER""], [""EAST""], [""WATER""], [""EAST""]]"	[]
408	17	0	Majkel1337	"[""PICKUP"", ""WHEAT"", 4]"	[]	"[[""SELL"", ""STRAWBERRY"", 7], [""SELL"", ""MILK"", 6], [""HIRE""], [""HIRE""], [""HIRE""], [""HIRE""], [""HIRE""], [""HIRE""], [""HIRE""], [""HIRE""]]"
408	17	0	DSM	"[""PICKUP"", ""WHEAT"", 4]"	[]	"[[""SELL"", ""STRAWBERRY"", 11], [""SELL"", ""FERTILIZER"", 6], [""HIRE""], [""HIRE""], [""HIRE""], [""HIRE""], [""HIRE""], [""HIRE""], [""HIRE""], [""HIRE""]]"
409	17	1	Majkel1337	"[""WEST""]"	"[[""PICKUP"", ""WHEAT"", 4], [""PICKUP"", ""WHEAT"", 3], [""PICKUP"", ""WHEAT"", 3], [""PICKUP"", ""WHEAT"", 3], [""PICKUP"", ""WHEAT"", 3], [""WEST""], [""NORTH""], [""NORTH""]]"	"[[""SELL"", ""WOOL"", 2], [""HIRE""], [""HIRE""], [""HIRE""], [""BUY_PRODUCT"", ""WHEAT"", 10]]"
409	17	1	DSM	"[""WEST""]"	"[[""PICKUP"", ""WHEAT"", 4], [""PICKUP"", ""WHEAT"", 4], [""PICKUP"", ""WHEAT"", 4], [""PICKUP"", ""WHEAT"", 4], [""PICKUP"", ""WHEAT"", 4], [""WEST""], [""NORTH""], [""NORTH""]]"	"[[""SELL"", ""MILK"", 6], [""SELL"", ""WOOL"", 1], [""HIRE""], [""HIRE""], [""HIRE""]]"
410	17	2	Majkel1337	"[""FEED""]"	"[[""FEED""], [""FEED""], [""NORTH""], [""FEED""], [""NORTH""], [""HARVEST""], [""EAST""], [""WEST""], [""COLLECT_FERTILIZER""], [""SOUTH""], [""NORTH""]]"	"[[""SELL"", ""MELON"", 2], [""SELL"", ""FERTILIZER"", 5]]"
410	17	2	DSM	"[""FEED""]"	"[[""FEED""], [""FEED""], [""NORTH""], [""FEED""], [""NORTH""], [""HARVEST""], [""EAST""], [""WEST""], [""COLLECT_FERTILIZER""], [""SOUTH""], [""NORTH""]]"	[]
411	17	3	Majkel1337	"[""CARE""]"	"[[""CARE""], [""CARE""], [""EAST""], [""CARE""], [""NORTH""], [""WEST""], [""EAST""], [""WEST""], [""NORTH""], [""WATER""], [""EAST""]]"	[]
411	17	3	DSM	"[""CARE""]"	"[[""CARE""], [""CARE""], [""EAST""], [""CARE""], [""NORTH""], [""EAST""], [""EAST""], [""WEST""], [""NORTH""], [""WATER""], [""EAST""]]"	[]
412	17	4	Majkel1337	"[""WEST""]"	"[[""COLLECT_FERTILIZER""], [""COLLECT_FERTILIZER""], [""FEED""], [""NORTH""], [""FEED""], [""WEST""], [""EAST""], [""WATER""], [""WEST""], [""SOUTH""], [""CARE""]]"	[]
412	17	4	DSM	"[""WEST""]"	"[[""COLLECT_FERTILIZER""], [""COLLECT_FERTILIZER""], [""FEED""], [""NORTH""], [""FEED""], [""PLACE"", ""MILK"", 6], [""EAST""], [""WATER""], [""WEST""], [""SOUTH""], [""CARE""]]"	[]
413	17	5	Majkel1337	"[""FEED""]"	"[[""NORTH""], [""WEST""], [""EAST""], [""FEED""], [""CARE""], [""WATER""], [""EAST""], [""HARVEST""], [""FERTILIZE""], [""SOUTH""], [""COLLECT_FERTILIZER""]]"	"[[""SELL"", ""WOOL"", 1]]"
413	17	5	DSM	"[""FEED""]"	"[[""NORTH""], [""WEST""], [""EAST""], [""FEED""], [""CARE""], [""WEST""], [""EAST""], [""HARVEST""], [""FERTILIZE""], [""WATER""], [""COLLECT_FERTILIZER""]]"	"[[""SELL"", ""WOOL"", 1]]"
414	17	6	Majkel1337	"[""CARE""]"	"[[""FEED""], [""FEED""], [""FEED""], [""CARE""], [""COLLECT_FERTILIZER""], [""HARVEST""], [""HARVEST""], [""PLANT"", ""WHEAT""], [""WATER""], [""WATER""], [""NORTH""]]"	"[[""SELL"", ""WHEAT"", 6], [""BUY_SEED"", ""WHEAT"", 1]]"
414	17	6	DSM	"[""CARE""]"	"[[""FEED""], [""FEED""], [""FEED""], [""CARE""], [""COLLECT_FERTILIZER""], [""WEST""], [""HARVEST""], [""PLANT"", ""WHEAT""], [""WATER""], [""SOUTH""], [""NORTH""]]"	"[[""SELL"", ""WHEAT"", 8], [""BUY_SEED"", ""WHEAT"", 1]]"
415	17	7	Majkel1337	"[""COLLECT_FERTILIZER""]"	"[[""CARE""], [""CARE""], [""CARE""], [""COLLECT_FERTILIZER""], [""EAST""], [""PLANT"", ""WHEAT""], [""NORTH""], [""WATER""], [""NORTH""], [""WEST""], [""EAST""]]"	"[[""SELL"", ""WHEAT"", 3], [""BUY_SEED"", ""WHEAT"", 1]]"
415	17	7	DSM	"[""COLLECT_FERTILIZER""]"	"[[""CARE""], [""CARE""], [""CARE""], [""COLLECT_FERTILIZER""], [""EAST""], [""WATER""], [""NORTH""], [""WATER""], [""NORTH""], [""WATER""], [""EAST""]]"	[]
416	17	8	Majkel1337	"[""WEST""]"	"[[""COLLECT_FERTILIZER""], [""COLLECT_FERTILIZER""], [""COLLECT_FERTILIZER""], [""NORTH""], [""FEED""], [""WATER""], [""HARVEST""], [""WEST""], [""WATER""], [""WATER""], [""EAST""]]"	[]
416	17	8	DSM	"[""WEST""]"	"[[""COLLECT_FERTILIZER""], [""COLLECT_FERTILIZER""], [""COLLECT_FERTILIZER""], [""NORTH""], [""FEED""], [""WEST""], [""HARVEST""], [""WEST""], [""WATER""], [""HARVEST""], [""EAST""]]"	[]
417	17	9	Majkel1337	"[""WEST""]"	"[[""EAST""], [""WEST""], [""EAST""], [""FEED""], [""CARE""], [""WEST""], [""SOUTH""], [""WATER""], [""NORTH""], [""SOUTH""], [""FERTILIZE""]]"	"[[""SELL"", ""STRAWBERRY"", 7], [""SELL"", ""WOOL"", 1]]"
417	17	9	DSM	"[""WEST""]"	"[[""EAST""], [""SOUTH""], [""EAST""], [""FEED""], [""CARE""], [""WATER""], [""SOUTH""], [""WATER""], [""NORTH""], [""PLANT"", ""WHEAT""], [""FERTILIZE""]]"	"[[""SELL"", ""WOOL"", 1], [""BUY_SEED"", ""WHEAT"", 1]]"
418	17	10	Majkel1337	"[""WATER""]"	"[[""FEED""], [""FERTILIZE""], [""FEED""], [""CARE""], [""COLLECT_FERTILIZER""], [""WATER""], [""WEST""], [""HARVEST""], [""WATER""], [""WATER""], [""WATER""]]"	[]
418	17	10	DSM	"[""WATER""]"	"[[""FEED""], [""WEST""], [""FEED""], [""CARE""], [""COLLECT_FERTILIZER""], [""HARVEST""], [""WEST""], [""WEST""], [""WATER""], [""WATER""], [""WATER""]]"	[]
419	17	11	Majkel1337	"[""HARVEST""]"	"[[""CARE""], [""WATER""], [""CARE""], [""COLLECT_FERTILIZER""], [""HARVEST""], [""HARVEST""], [""HARVEST""], [""PLANT"", ""TOMATO""], [""NORTH""], [""HARVEST""], [""NORTH""]]"	"[[""BUY_SEED"", ""WHEAT"", 1]]"
419	17	11	DSM	"[""HARVEST""]"	"[[""CARE""], [""FERTILIZE""], [""CARE""], [""COLLECT_FERTILIZER""], [""HARVEST""], [""PLANT"", ""WHEAT""], [""HARVEST""], [""HARVEST""], [""NORTH""], [""WEST""], [""NORTH""]]"	"[[""SELL"", ""WHEAT"", 4], [""BUY_SEED"", ""WHEAT"", 1]]"
420	17	12	Majkel1337	"[""NORTH""]"	"[[""COLLECT_FERTILIZER""], [""SOUTH""], [""COLLECT_FERTILIZER""], [""NORTH""], [""NORTH""], [""PLANT"", ""WHEAT""], [""WEST""], [""WATER""], [""WATER""], [""PLANT"", ""CARROT""], [""WATER""]]"	"[[""SELL"", ""WHEAT"", 2], [""BUY_SEED"", ""WHEAT"", 1]]"
420	17	12	DSM	"[""NORTH""]"	"[[""COLLECT_FERTILIZER""], [""WATER""], [""COLLECT_FERTILIZER""], [""NORTH""], [""NORTH""], [""WATER""], [""WEST""], [""WATER""], [""WATER""], [""WATER""], [""WATER""]]"	"[[""BUY_SEED"", ""WHEAT"", 1], [""BUY_SEED"", ""CARROT"", 6], [""BUY_SEED"", ""TOMATO"", 1]]"
421	17	13	Majkel1337	"[""FERTILIZE""]"	"[[""EAST""], [""FERTILIZE""], [""EAST""], [""WATER""], [""WATER""], [""WATER""], [""WEST""], [""SOUTH""], [""WEST""], [""WATER""], [""HARVEST""]]"	"[[""SELL"", ""WOOL"", 2], [""BUY_SEED"", ""WHEAT"", 1], [""BUY_SEED"", ""TOMATO"", 1]]"
421	17	13	DSM	"[""NORTH""]"	"[[""EAST""], [""SOUTH""], [""NORTH""], [""WATER""], [""WATER""], [""WEST""], [""WEST""], [""NORTH""], [""WEST""], [""SOUTH""], [""HARVEST""]]"	[]
422	17	14	Majkel1337	"[""WATER""]"	"[[""FEED""], [""WATER""], [""WATER""], [""WEST""], [""WEST""], [""SOUTH""], [""WEST""], [""SOUTH""], [""WATER""], [""WEST""], [""PLANT"", ""TOMATO""]]"	"[[""BUY_SEED"", ""WHEAT"", 1]]"
422	17	14	DSM	"[""NORTH""]"	"[[""FEED""], [""FERTILIZE""], [""EAST""], [""WEST""], [""WEST""], [""WATER""], [""WEST""], [""HARVEST""], [""WATER""], [""WATER""], [""PLANT"", ""TOMATO""]]"	"[[""BUY_SEED"", ""WHEAT"", 1]]"
423	17	15	Majkel1337	"[""NORTH""]"	"[[""CARE""], [""WEST""], [""NORTH""], [""WEST""], [""WATER""], [""WATER""], [""DROP""], [""SOUTH""], [""HARVEST""], [""WATER""], [""WATER""]]"	[]
423	17	15	DSM	"[""FERTILIZE""]"	"[[""CARE""], [""WATER""], [""WATER""], [""WEST""], [""WATER""], [""HARVEST""], [""DROP""], [""WATER""], [""HARVEST""], [""WEST""], [""WATER""]]"	[]
424	17	16	Majkel1337	"[""WATER""]"	"[[""COLLECT_FERTILIZER""], [""WATER""], [""WATER""], [""WATER""], [""NORTH""], [""HARVEST""], [""WEST""], [""SOUTH""], [""WEST""], [""HARVEST""], [""NORTH""]]"	"[[""SELL"", ""STRAWBERRY"", 4], [""SELL"", ""WOOL"", 1]]"
424	17	16	DSM	"[""WATER""]"	"[[""COLLECT_FERTILIZER""], [""WEST""], [""NORTH""], [""WATER""], [""NORTH""], [""PLANT"", ""WHEAT""], [""WEST""], [""NORTH""], [""WEST""], [""WATER""], [""NORTH""]]"	"[[""SELL"", ""STRAWBERRY"", 4], [""SELL"", ""WHEAT"", 2], [""BUY_SEED"", ""WHEAT"", 1], [""BUY_SEED"", ""TOMATO"", 1]]"
425	17	17	Majkel1337	"[""NORTH""]"	"[[""NORTH""], [""SOUTH""], [""NORTH""], [""WEST""], [""FERTILIZE""], [""PLANT"", ""TOMATO""], [""WEST""], [""SOUTH""], [""WATER""], [""PLANT"", ""CARROT""], [""WATER""]]"	"[[""SELL"", ""WOOL"", 2], [""BUY_SEED"", ""WHEAT"", 1]]"
425	17	17	DSM	"[""EAST""]"	"[[""NORTH""], [""WATER""], [""WATER""], [""HARVEST""], [""FERTILIZE""], [""WATER""], [""WEST""], [""EAST""], [""WATER""], [""WEST""], [""WATER""]]"	"[[""SELL"", ""WOOL"", 1], [""BUY_SEED"", ""WHEAT"", 1], [""BUY_SEED"", ""CARROT"", 6], [""BUY_SEED"", ""TOMATO"", 1]]"
426	17	18	Majkel1337	"[""WATER""]"	"[[""WATER""], [""WATER""], [""WATER""], [""WEST""], [""WATER""], [""WATER""], [""COLLECT_FERTILIZER""], [""SOUTH""], [""WEST""], [""WATER""], [""NORTH""]]"	[]
426	17	18	DSM	"[""WATER""]"	"[[""FERTILIZE""], [""SOUTH""], [""HARVEST""], [""WEST""], [""WATER""], [""SOUTH""], [""COLLECT_FERTILIZER""], [""WATER""], [""WEST""], [""WATER""], [""NORTH""]]"	[]
427	17	19	Majkel1337	"[""EAST""]"	"[[""NORTH""], [""SOUTH""], [""HARVEST""], [""FERTILIZE""], [""EAST""], [""SOUTH""], [""NORTH""], [""WATER""], [""WATER""], [""NORTH""], [""WATER""]]"	[]
427	17	19	DSM	"[""SOUTH""]"	"[[""WATER""], [""WATER""], [""NORTH""], [""FERTILIZE""], [""EAST""], [""WATER""], [""NORTH""], [""SOUTH""], [""WATER""], [""HARVEST""], [""WATER""]]"	"[[""BUY_SEED"", ""WHEAT"", 1]]"
428	17	20	Majkel1337	"[""WATER""]"	"[[""WATER""], [""WATER""], [""NORTH""], [""NORTH""], [""WATER""], [""WATER""], [""NORTH""], [""HARVEST""], [""SOUTH""], [""WATER""], [""EAST""]]"	[]
428	17	20	DSM	"[""EAST""]"	"[[""NORTH""], [""EAST""], [""WATER""], [""EAST""], [""WATER""], [""SOUTH""], [""NORTH""], [""EAST""], [""EAST""], [""PLANT"", ""CARROT""], [""WEST""]]"	"[[""BUY_SEED"", ""WHEAT"", 1]]"
429	17	21	Majkel1337	"[""SOUTH""]"	"[[""NORTH""], [""WEST""], [""WATER""], [""FERTILIZE""], [""HARVEST""], [""HARVEST""], [""WEST""], [""PLANT"", ""CARROT""], [""SOUTH""], [""HARVEST""], [""WATER""]]"	"[[""SELL"", ""WOOL"", 1]]"
429	17	21	DSM	"[""WATER""]"	"[[""WATER""], [""WATER""], [""HARVEST""], [""EAST""], [""HARVEST""], [""WATER""], [""WEST""], [""WATER""], [""EAST""], [""WATER""], [""WATER""]]"	"[[""SELL"", ""WOOL"", 2]]"
430	17	22	Majkel1337	"[""WATER""]"	"[[""WATER""], [""WATER""], [""NORTH""], [""EAST""], [""EAST""], [""PLANT"", ""TOMATO""], [""WATER""], [""WATER""], [""EAST""], [""PLANT"", ""CARROT""], [""HARVEST""]]"	"[[""SELL"", ""WHEAT"", 1]]"
430	17	22	DSM	"[""WEST""]"	"[[""NORTH""], [""NORTH""], [""PLANT"", ""WHEAT""], [""NORTH""], [""EAST""], [""SOUTH""], [""WEST""], [""WEST""], [""EAST""], [""WEST""], [""EAST""]]"	[]
431	17	23	Majkel1337	"[""PASS""]"	"[[""WEST""], [""HARVEST""], [""WEST""], [""EAST""], [""WEST""], [""WATER""], [""PASS""], [""WEST""], [""PASS""], [""WATER""], [""WEST""]]"	[]
431	17	23	DSM	"[""WATER""]"	"[[""FERTILIZE""], [""NORTH""], [""WATER""], [""EAST""], [""EAST""], [""WATER""], [""WATER""], [""WATER""], [""EAST""], [""WATER""], [""EAST""]]"	[]
432	18	0	Majkel1337	"[""HARVEST""]"	[]	"[[""SELL"", ""STRAWBERRY"", 7], [""SELL"", ""FERTILIZER"", 8], [""HIRE""], [""HIRE""], [""HIRE""], [""HIRE""], [""HIRE""], [""HIRE""], [""HIRE""], [""HIRE""]]"
432	18	0	DSM	"[""HARVEST""]"	[]	"[[""SELL"", ""STRAWBERRY"", 11], [""SELL"", ""FERTILIZER"", 7], [""HIRE""], [""HIRE""], [""HIRE""], [""HIRE""], [""HIRE""], [""HIRE""], [""HIRE""], [""HIRE""]]"
433	18	1	Majkel1337	"[""PLACE"", ""MILK"", 2]"	"[[""HARVEST""], [""PICKUP"", ""WHEAT"", 4], [""PICKUP"", ""WHEAT"", 4], [""COLLECT_FERTILIZER""], [""NORTH""], [""WEST""], [""NORTH""], [""NORTH""]]"	"[[""SELL"", ""WOOL"", 4], [""HIRE""], [""HIRE""], [""HIRE""], [""BUY_SEED"", ""TOMATO"", 1]]"
433	18	1	DSM	"[""PLACE"", ""MILK"", 2]"	"[[""HARVEST""], [""HARVEST""], [""PICKUP"", ""WHEAT"", 4], [""COLLECT_FERTILIZER""], [""NORTH""], [""SOUTH""], [""NORTH""], [""NORTH""]]"	"[[""SELL"", ""WOOL"", 1], [""HIRE""], [""HIRE""], [""HIRE""]]"
434	18	2	Majkel1337	"[""WEST""]"	"[[""PLACE"", ""WOOL"", 4], [""FEED""], [""NORTH""], [""WEST""], [""HARVEST""], [""WEST""], [""EAST""], [""WEST""], [""SOUTH""], [""NORTH""], [""NORTH""]]"	"[[""SELL"", ""WHEAT"", 17], [""SELL"", ""STRAWBERRY"", 1], [""SELL"", ""MELON"", 1]]"
434	18	2	DSM	"[""WEST""]"	"[[""PLACE"", ""WOOL"", 4], [""PLACE"", ""WOOL"", 4], [""NORTH""], [""WEST""], [""HARVEST""], [""WATER""], [""EAST""], [""WEST""], [""SOUTH""], [""NORTH""], [""NORTH""]]"	"[[""SELL"", ""STRAWBERRY"", 2]]"
435	18	3	Majkel1337	"[""COLLECT_FERTILIZER""]"	"[[""PICKUP"", ""WHEAT"", 3], [""CARE""], [""EAST""], [""WEST""], [""NORTH""], [""WATER""], [""EAST""], [""WATER""], [""WATER""], [""EAST""], [""COLLECT_FERTILIZER""]]"	[]
435	18	3	DSM	"[""COLLECT_FERTILIZER""]"	"[[""COLLECT_FERTILIZER""], [""PICKUP"", ""WHEAT"", 3], [""EAST""], [""WEST""], [""NORTH""], [""HARVEST""], [""EAST""], [""WATER""], [""SOUTH""], [""EAST""], [""COLLECT_FERTILIZER""]]"	[]
436	18	4	Majkel1337	"[""WEST""]"	"[[""FEED""], [""COLLECT_FERTILIZER""], [""FEED""], [""WEST""], [""NORTH""], [""HARVEST""], [""EAST""], [""HARVEST""], [""SOUTH""], [""NORTH""], [""NORTH""]]"	"[[""SELL"", ""WHEAT"", 9]]"
436	18	4	DSM	"[""WEST""]"	"[[""NORTH""], [""FEED""], [""FEED""], [""WEST""], [""NORTH""], [""PLANT"", ""CARROT""], [""EAST""], [""HARVEST""], [""WATER""], [""COLLECT_FERTILIZER""], [""NORTH""]]"	"[[""SELL"", ""WHEAT"", 10], [""SELL"", ""STRAWBERRY"", 1]]"
437	18	5	Majkel1337	"[""COLLECT_FERTILIZER""]"	"[[""CARE""], [""WEST""], [""CARE""], [""FERTILIZE""], [""HARVEST""], [""PLANT"", ""WHEAT""], [""EAST""], [""PLANT"", ""WHEAT""], [""WATER""], [""EAST""], [""COLLECT_FERTILIZER""]]"	"[[""SELL"", ""WOOL"", 1]]"
437	18	5	DSM	"[""COLLECT_FERTILIZER""]"	"[[""COLLECT_FERTILIZER""], [""CARE""], [""CARE""], [""FERTILIZE""], [""HARVEST""], [""WATER""], [""EAST""], [""PLANT"", ""WHEAT""], [""HARVEST""], [""HARVEST""], [""COLLECT_FERTILIZER""]]"	"[[""SELL"", ""WOOL"", 1]]"
438	18	6	Majkel1337	"[""NORTH""]"	"[[""COLLECT_FERTILIZER""], [""FEED""], [""EAST""], [""WATER""], [""NORTH""], [""WATER""], [""WATER""], [""WATER""], [""SOUTH""], [""NORTH""], [""HARVEST""]]"	[]
438	18	6	DSM	"[""SOUTH""]"	"[[""EAST""], [""COLLECT_FERTILIZER""], [""EAST""], [""WATER""], [""NORTH""], [""WEST""], [""WATER""], [""WATER""], [""PLANT"", ""CARROT""], [""NORTH""], [""HARVEST""]]"	[]
439	18	7	Majkel1337	"[""NORTH""]"	"[[""NORTH""], [""CARE""], [""FEED""], [""WEST""], [""HARVEST""], [""SOUTH""], [""NORTH""], [""NORTH""], [""WATER""], [""HARVEST""], [""NORTH""]]"	[]
439	18	7	DSM	"[""SOUTH""]"	"[[""COLLECT_FERTILIZER""], [""WEST""], [""FEED""], [""WEST""], [""HARVEST""], [""WATER""], [""NORTH""], [""NORTH""], [""WATER""], [""NORTH""], [""NORTH""]]"	[]
440	18	8	Majkel1337	"[""WEST""]"	"[[""FEED""], [""COLLECT_FERTILIZER""], [""CARE""], [""WATER""], [""SOUTH""], [""WATER""], [""WATER""], [""WATER""], [""HARVEST""], [""NORTH""], [""NORTH""]]"	[]
440	18	8	DSM	"[""SOUTH""]"	"[[""HARVEST""], [""FEED""], [""CARE""], [""WATER""], [""SOUTH""], [""SOUTH""], [""WATER""], [""WATER""], [""SOUTH""], [""EAST""], [""NORTH""]]"	[]
441	18	9	Majkel1337	"[""FERTILIZE""]"	"[[""CARE""], [""SOUTH""], [""COLLECT_FERTILIZER""], [""NORTH""], [""SOUTH""], [""HARVEST""], [""NORTH""], [""WEST""], [""PLANT"", ""TOMATO""], [""HARVEST""], [""WATER""]]"	"[[""SELL"", ""STRAWBERRY"", 2], [""SELL"", ""WOOL"", 3]]"
441	18	9	DSM	"[""SOUTH""]"	"[[""NORTH""], [""CARE""], [""COLLECT_FERTILIZER""], [""NORTH""], [""SOUTH""], [""WATER""], [""NORTH""], [""WEST""], [""WEST""], [""NORTH""], [""WATER""]]"	"[[""SELL"", ""WOOL"", 1]]"
442	18	10	Majkel1337	"[""WATER""]"	"[[""COLLECT_FERTILIZER""], [""FERTILIZE""], [""HARVEST""], [""HARVEST""], [""SOUTH""], [""PLANT"", ""TOMATO""], [""WATER""], [""WATER""], [""WATER""], [""WEST""], [""EAST""]]"	"[[""SELL"", ""WHEAT"", 6], [""BUY_SEED"", ""WHEAT"", 1]]"
442	18	10	DSM	"[""FERTILIZE""]"	"[[""NORTH""], [""COLLECT_FERTILIZER""], [""HARVEST""], [""WATER""], [""SOUTH""], [""HARVEST""], [""WATER""], [""WATER""], [""WATER""], [""HARVEST""], [""EAST""]]"	[]
443	18	11	Majkel1337	"[""NORTH""]"	"[[""EAST""], [""WATER""], [""EAST""], [""WATER""], [""SOUTH""], [""WATER""], [""NORTH""], [""NORTH""], [""WEST""], [""HARVEST""], [""WATER""]]"	"[[""BUY_SEED"", ""TOMATO"", 1]]"
443	18	11	DSM	"[""WATER""]"	"[[""HARVEST""], [""SOUTH""], [""EAST""], [""NORTH""], [""SOUTH""], [""PLANT"", ""WHEAT""], [""NORTH""], [""NORTH""], [""SOUTH""], [""WEST""], [""WATER""]]"	"[[""BUY_SEED"", ""WHEAT"", 1]]"
444	18	12	Majkel1337	"[""HARVEST""]"	"[[""FEED""], [""SOUTH""], [""FEED""], [""NORTH""], [""DROP""], [""WEST""], [""WATER""], [""WATER""], [""WATER""], [""SOUTH""], [""EAST""]]"	[]
444	18	12	DSM	"[""SOUTH""]"	"[[""EAST""], [""WEST""], [""FEED""], [""WATER""], [""DROP""], [""WATER""], [""NORTH""], [""WATER""], [""WATER""], [""EAST""], [""EAST""]]"	[]
445	18	13	Majkel1337	"[""DIG""]"	"[[""CARE""], [""FERTILIZE""], [""CARE""], [""WATER""], [""PICKUP"", ""WHEAT"", 2], [""WATER""], [""HARVEST""], [""HARVEST""], [""SOUTH""], [""SOUTH""], [""WATER""]]"	"[[""SELL"", ""STRAWBERRY"", 4], [""BUY_SEED"", ""TOMATO"", 1]]"
445	18	13	DSM	"[""FERTILIZE""]"	"[[""EAST""], [""WEST""], [""CARE""], [""NORTH""], [""NORTH""], [""WEST""], [""WATER""], [""WEST""], [""WEST""], [""NORTH""], [""WATER""]]"	"[[""SELL"", ""STRAWBERRY"", 4]]"
446	18	14	Majkel1337	"[""PLANT"", ""TOMATO""]"	"[[""COLLECT_FERTILIZER""], [""WATER""], [""COLLECT_FERTILIZER""], [""HARVEST""], [""NORTH""], [""SOUTH""], [""DIG""], [""SOUTH""], [""WEST""], [""SOUTH""], [""EAST""]]"	"[[""BUY_SEED"", ""WHEAT"", 1]]"
446	18	14	DSM	"[""WATER""]"	"[[""HARVEST""], [""FERTILIZE""], [""COLLECT_FERTILIZER""], [""HARVEST""], [""NORTH""], [""WATER""], [""HARVEST""], [""HARVEST""], [""WATER""], [""HARVEST""], [""SOUTH""]]"	[]
447	18	15	Majkel1337	"[""WATER""]"	"[[""HARVEST""], [""WEST""], [""NORTH""], [""NORTH""], [""NORTH""], [""WATER""], [""PLANT"", ""CARROT""], [""SOUTH""], [""WEST""], [""WEST""], [""HARVEST""]]"	"[[""BUY_SEED"", ""WHEAT"", 1]]"
447	18	15	DSM	"[""WEST""]"	"[[""SOUTH""], [""WATER""], [""NORTH""], [""NORTH""], [""COLLECT_FERTILIZER""], [""NORTH""], [""PLANT"", ""CARROT""], [""DIG""], [""WEST""], [""SOUTH""], [""FERTILIZE""]]"	"[[""BUY_SEED"", ""TOMATO"", 1]]"
448	18	16	Majkel1337	"[""EAST""]"	"[[""NORTH""], [""WATER""], [""WATER""], [""HARVEST""], [""FEED""], [""SOUTH""], [""WATER""], [""SOUTH""], [""WEST""], [""DROP""], [""EAST""]]"	[]
448	18	16	DSM	"[""WEST""]"	"[[""SOUTH""], [""SOUTH""], [""WATER""], [""HARVEST""], [""HARVEST""], [""WATER""], [""WATER""], [""PLANT"", ""TOMATO""], [""WEST""], [""SOUTH""], [""WATER""]]"	"[[""BUY_SEED"", ""WHEAT"", 1], [""BUY_SEED"", ""TOMATO"", 1]]"
449	18	17	Majkel1337	"[""FERTILIZE""]"	"[[""NORTH""], [""SOUTH""], [""HARVEST""], [""NORTH""], [""CARE""], [""WEST""], [""NORTH""], [""EAST""], [""WATER""], [""EAST""], [""HARVEST""]]"	"[[""SELL"", ""STRAWBERRY"", 6], [""SELL"", ""MILK"", 2]]"
449	18	17	DSM	"[""WATER""]"	"[[""SOUTH""], [""SOUTH""], [""HARVEST""], [""DIG""], [""EAST""], [""HARVEST""], [""WEST""], [""WATER""], [""WATER""], [""SOUTH""], [""EAST""]]"	"[[""SELL"", ""WOOL"", 2]]"
450	18	18	Majkel1337	"[""NORTH""]"	"[[""EAST""], [""WATER""], [""PLANT"", ""WHEAT""], [""HARVEST""], [""COLLECT_FERTILIZER""], [""PLANT"", ""CARROT""], [""WATER""], [""EAST""], [""HARVEST""], [""COLLECT_FERTILIZER""], [""DIG""]]"	"[[""BUY_SEED"", ""WHEAT"", 1]]"
450	18	18	DSM	"[""HARVEST""]"	"[[""WEST""], [""EAST""], [""PLANT"", ""WHEAT""], [""PLANT"", ""TOMATO""], [""COLLECT_FERTILIZER""], [""PLANT"", ""WHEAT""], [""HARVEST""], [""SOUTH""], [""HARVEST""], [""SOUTH""], [""WATER""]]"	"[[""SELL"", ""WHEAT"", 13], [""BUY_SEED"", ""WHEAT"", 1]]"
451	18	19	Majkel1337	"[""WATER""]"	"[[""EAST""], [""WEST""], [""WATER""], [""DIG""], [""HARVEST""], [""WATER""], [""SOUTH""], [""DROP""], [""PLANT"", ""CARROT""], [""NORTH""], [""PLANT"", ""TOMATO""]]"	"[[""BUY_SEED"", ""WHEAT"", 1], [""BUY_SEED"", ""TOMATO"", 1]]"
451	18	19	DSM	"[""PLANT"", ""CARROT""]"	"[[""WEST""], [""EAST""], [""WATER""], [""WATER""], [""EAST""], [""WATER""], [""DIG""], [""WATER""], [""NORTH""], [""WEST""], [""EAST""]]"	"[[""BUY_SEED"", ""WHEAT"", 1]]"
452	18	20	Majkel1337	"[""EAST""]"	"[[""FERTILIZE""], [""WATER""], [""NORTH""], [""PLANT"", ""TOMATO""], [""EAST""], [""NORTH""], [""WEST""], [""NORTH""], [""WATER""], [""EAST""], [""WATER""]]"	"[[""SELL"", ""STRAWBERRY"", 2], [""BUY_SEED"", ""WHEAT"", 1]]"
452	18	20	DSM	"[""WATER""]"	"[[""WEST""], [""SOUTH""], [""NORTH""], [""SOUTH""], [""WATER""], [""NORTH""], [""PLANT"", ""TOMATO""], [""SOUTH""], [""WATER""], [""WEST""], [""FERTILIZE""]]"	"[[""BUY_SEED"", ""WHEAT"", 1]]"
453	18	21	Majkel1337	"[""WATER""]"	"[[""WATER""], [""SOUTH""], [""WEST""], [""WATER""], [""FEED""], [""WATER""], [""HARVEST""], [""NORTH""], [""EAST""], [""HARVEST""], [""WEST""]]"	"[[""SELL"", ""MILK"", 2]]"
453	18	21	DSM	"[""EAST""]"	"[[""DROP""], [""FERTILIZE""], [""WATER""], [""WATER""], [""HARVEST""], [""WATER""], [""WATER""], [""WATER""], [""HARVEST""], [""DROP""], [""WATER""]]"	"[[""SELL"", ""WOOL"", 2]]"
454	18	22	Majkel1337	"[""SOUTH""]"	"[[""WEST""], [""WATER""], [""WATER""], [""EAST""], [""CARE""], [""NORTH""], [""WEST""], [""EAST""], [""WATER""], [""COLLECT_FERTILIZER""], [""WATER""]]"	"[[""SELL"", ""WHEAT"", 8]]"
454	18	22	DSM	"[""WATER""]"	"[[""NORTH""], [""WEST""], [""NORTH""], [""NORTH""], [""PLANT"", ""WHEAT""], [""SOUTH""], [""WEST""], [""EAST""], [""PLANT"", ""CARROT""], [""NORTH""], [""EAST""]]"	"[[""SELL"", ""STRAWBERRY"", 8], [""SELL"", ""WHEAT"", 10], [""SELL"", ""FERTILIZER"", 3]]"
455	18	23	Majkel1337	"[""WATER""]"	"[[""WATER""], [""EAST""], [""NORTH""], [""WATER""], [""COLLECT_FERTILIZER""], [""WATER""], [""WATER""], [""EAST""], [""EAST""], [""NORTH""], [""SOUTH""]]"	[]
455	18	23	DSM	"[""NORTH""]"	"[[""EAST""], [""NORTH""], [""EAST""], [""EAST""], [""WATER""], [""SOUTH""], [""WATER""], [""WATER""], [""WATER""], [""EAST""], [""WATER""]]"	"[[""SELL"", ""FERTILIZER"", 1]]"
456	19	0	Majkel1337	"[""PICKUP"", ""WHEAT"", 2]"	[]	"[[""SELL"", ""STRAWBERRY"", 11], [""SELL"", ""FERTILIZER"", 10], [""HIRE""], [""HIRE""], [""HIRE""], [""HIRE""], [""HIRE""], [""HIRE""], [""HIRE""], [""HIRE""]]"
456	19	0	DSM	"[""PICKUP"", ""WHEAT"", 3]"	[]	"[[""SELL"", ""STRAWBERRY"", 6], [""SELL"", ""FERTILIZER"", 4], [""HIRE""], [""HIRE""], [""HIRE""], [""HIRE""], [""HIRE""], [""HIRE""], [""HIRE""], [""HIRE""]]"
457	19	1	Majkel1337	"[""WEST""]"	"[[""PICKUP"", ""WHEAT"", 3], [""HARVEST""], [""PICKUP"", ""WHEAT"", 3], [""PICKUP"", ""WHEAT"", 3], [""PICKUP"", ""WHEAT"", 3], [""WEST""], [""NORTH""], [""WEST""]]"	"[[""SELL"", ""WOOL"", 3], [""HIRE""], [""HIRE""], [""HIRE""], [""BUY_PRODUCT"", ""WHEAT"", 11]]"
457	19	1	DSM	"[""WEST""]"	"[[""PICKUP"", ""WHEAT"", 4], [""PICKUP"", ""WHEAT"", 3], [""PICKUP"", ""WHEAT"", 3], [""PICKUP"", ""WHEAT"", 4], [""PICKUP"", ""WHEAT"", 3], [""WEST""], [""SOUTH""], [""WEST""]]"	"[[""SELL"", ""WOOL"", 2], [""HIRE""], [""HIRE""], [""HIRE""]]"
458	19	2	Majkel1337	"[""FEED""]"	"[[""FEED""], [""PLACE"", ""WOOL"", 4], [""NORTH""], [""FEED""], [""NORTH""], [""HARVEST""], [""EAST""], [""WEST""], [""COLLECT_FERTILIZER""], [""SOUTH""], [""NORTH""]]"	"[[""SELL"", ""STRAWBERRY"", 2]]"
458	19	2	DSM	"[""FEED""]"	"[[""FEED""], [""FEED""], [""NORTH""], [""FEED""], [""NORTH""], [""HARVEST""], [""SOUTH""], [""WEST""], [""COLLECT_FERTILIZER""], [""SOUTH""], [""NORTH""]]"	[]
459	19	3	Majkel1337	"[""CARE""]"	"[[""CARE""], [""PICKUP"", ""WHEAT"", 2], [""EAST""], [""CARE""], [""NORTH""], [""SOUTH""], [""EAST""], [""WEST""], [""NORTH""], [""WATER""], [""EAST""]]"	[]
459	19	3	DSM	"[""CARE""]"	"[[""CARE""], [""CARE""], [""EAST""], [""CARE""], [""NORTH""], [""EAST""], [""SOUTH""], [""WEST""], [""NORTH""], [""SOUTH""], [""EAST""]]"	[]
460	19	4	Majkel1337	"[""WEST""]"	"[[""COLLECT_FERTILIZER""], [""FEED""], [""FEED""], [""NORTH""], [""FEED""], [""WATER""], [""EAST""], [""WATER""], [""NORTH""], [""SOUTH""], [""CARE""]]"	[]
460	19	4	DSM	"[""WEST""]"	"[[""COLLECT_FERTILIZER""], [""COLLECT_FERTILIZER""], [""FEED""], [""NORTH""], [""FEED""], [""PLACE"", ""MILK"", 3], [""WEST""], [""WATER""], [""NORTH""], [""SOUTH""], [""CARE""]]"	[]
461	19	5	Majkel1337	"[""FEED""]"	"[[""NORTH""], [""CARE""], [""EAST""], [""FEED""], [""CARE""], [""HARVEST""], [""EAST""], [""HARVEST""], [""WEST""], [""WATER""], [""COLLECT_FERTILIZER""]]"	"[[""SELL"", ""STRAWBERRY"", 1], [""SELL"", ""WOOL"", 1]]"
461	19	5	DSM	"[""FEED""]"	"[[""NORTH""], [""WEST""], [""EAST""], [""FEED""], [""CARE""], [""WEST""], [""WEST""], [""HARVEST""], [""WEST""], [""WATER""], [""COLLECT_FERTILIZER""]]"	"[[""SELL"", ""WOOL"", 1]]"
462	19	6	Majkel1337	"[""CARE""]"	"[[""FEED""], [""COLLECT_FERTILIZER""], [""FEED""], [""CARE""], [""COLLECT_FERTILIZER""], [""PLANT"", ""WHEAT""], [""HARVEST""], [""PLANT"", ""WHEAT""], [""FERTILIZE""], [""HARVEST""], [""NORTH""]]"	"[[""SELL"", ""WHEAT"", 8], [""BUY_SEED"", ""WHEAT"", 1]]"
462	19	6	DSM	"[""CARE""]"	"[[""FEED""], [""FEED""], [""FEED""], [""CARE""], [""COLLECT_FERTILIZER""], [""WEST""], [""WATER""], [""PLANT"", ""WHEAT""], [""FERTILIZE""], [""WEST""], [""NORTH""]]"	"[[""SELL"", ""WHEAT"", 8], [""BUY_SEED"", ""WHEAT"", 1]]"
463	19	7	Majkel1337	"[""COLLECT_FERTILIZER""]"	"[[""CARE""], [""WEST""], [""CARE""], [""COLLECT_FERTILIZER""], [""EAST""], [""WATER""], [""NORTH""], [""WATER""], [""WATER""], [""PLANT"", ""CARROT""], [""NORTH""]]"	[]
463	19	7	DSM	"[""COLLECT_FERTILIZER""]"	"[[""CARE""], [""CARE""], [""CARE""], [""COLLECT_FERTILIZER""], [""EAST""], [""WEST""], [""HARVEST""], [""WATER""], [""WATER""], [""SOUTH""], [""NORTH""]]"	[]
464	19	8	Majkel1337	"[""NORTH""]"	"[[""COLLECT_FERTILIZER""], [""FEED""], [""COLLECT_FERTILIZER""], [""NORTH""], [""FEED""], [""SOUTH""], [""HARVEST""], [""WEST""], [""NORTH""], [""WATER""], [""EAST""]]"	[]
464	19	8	DSM	"[""NORTH""]"	"[[""COLLECT_FERTILIZER""], [""COLLECT_FERTILIZER""], [""COLLECT_FERTILIZER""], [""NORTH""], [""FEED""], [""WATER""], [""DIG""], [""WEST""], [""NORTH""], [""WATER""], [""NORTH""]]"	[]
465	19	9	Majkel1337	"[""FERTILIZE""]"	"[[""EAST""], [""CARE""], [""EAST""], [""FEED""], [""CARE""], [""WATER""], [""NORTH""], [""WATER""], [""WATER""], [""SOUTH""], [""FERTILIZE""]]"	"[[""SELL"", ""STRAWBERRY"", 1], [""SELL"", ""WOOL"", 1]]"
465	19	9	DSM	"[""FERTILIZE""]"	"[[""EAST""], [""WEST""], [""EAST""], [""FEED""], [""CARE""], [""HARVEST""], [""PLANT"", ""CARROT""], [""WATER""], [""WATER""], [""HARVEST""], [""EAST""]]"	"[[""SELL"", ""STRAWBERRY"", 1], [""SELL"", ""WOOL"", 1], [""BUY_SEED"", ""WHEAT"", 1]]"
466	19	10	Majkel1337	"[""WATER""]"	"[[""FEED""], [""COLLECT_FERTILIZER""], [""FEED""], [""CARE""], [""COLLECT_FERTILIZER""], [""HARVEST""], [""HARVEST""], [""HARVEST""], [""NORTH""], [""WEST""], [""WATER""]]"	[]
466	19	10	DSM	"[""WATER""]"	"[[""FEED""], [""WEST""], [""FEED""], [""CARE""], [""COLLECT_FERTILIZER""], [""PLANT"", ""WHEAT""], [""WATER""], [""HARVEST""], [""NORTH""], [""WEST""], [""FERTILIZE""]]"	"[[""SELL"", ""WHEAT"", 4], [""BUY_SEED"", ""WHEAT"", 1]]"
467	19	11	Majkel1337	"[""WEST""]"	"[[""CARE""], [""WEST""], [""CARE""], [""COLLECT_FERTILIZER""], [""NORTH""], [""PLANT"", ""WHEAT""], [""SOUTH""], [""DIG""], [""WATER""], [""WATER""], [""NORTH""]]"	"[[""BUY_SEED"", ""WHEAT"", 1]]"
467	19	11	DSM	"[""WEST""]"	"[[""CARE""], [""WEST""], [""CARE""], [""COLLECT_FERTILIZER""], [""NORTH""], [""WATER""], [""WEST""], [""DIG""], [""WATER""], [""WATER""], [""WATER""]]"	"[[""BUY_SEED"", ""WHEAT"", 1]]"
468	19	12	Majkel1337	"[""WATER""]"	"[[""COLLECT_FERTILIZER""], [""WEST""], [""COLLECT_FERTILIZER""], [""NORTH""], [""WATER""], [""WATER""], [""SOUTH""], [""PLANT"", ""WHEAT""], [""WEST""], [""HARVEST""], [""WATER""]]"	"[[""BUY_SEED"", ""WHEAT"", 1], [""BUY_SEED"", ""CARROT"", 6]]"
468	19	12	DSM	"[""WATER""]"	"[[""COLLECT_FERTILIZER""], [""FERTILIZE""], [""COLLECT_FERTILIZER""], [""NORTH""], [""WATER""], [""SOUTH""], [""WATER""], [""PLANT"", ""TOMATO""], [""WEST""], [""WEST""], [""NORTH""]]"	"[[""BUY_SEED"", ""WHEAT"", 1]]"
469	19	13	Majkel1337	"[""WEST""]"	"[[""NORTH""], [""FERTILIZE""], [""NORTH""], [""WATER""], [""WEST""], [""WEST""], [""WEST""], [""WATER""], [""HARVEST""], [""DIG""], [""NORTH""]]"	"[[""SELL"", ""MILK"", 2], [""SELL"", ""WOOL"", 1], [""BUY_SEED"", ""WHEAT"", 1]]"
469	19	13	DSM	"[""NORTH""]"	"[[""EAST""], [""WATER""], [""EAST""], [""WATER""], [""WEST""], [""WATER""], [""NORTH""], [""WATER""], [""HARVEST""], [""WATER""], [""WATER""]]"	"[[""SELL"", ""WOOL"", 1]]"
470	19	14	Majkel1337	"[""WATER""]"	"[[""NORTH""], [""WATER""], [""NORTH""], [""FERTILIZE""], [""WATER""], [""WATER""], [""WEST""], [""SOUTH""], [""DIG""], [""PLANT"", ""CARROT""], [""WATER""]]"	"[[""SELL"", ""STRAWBERRY"", 2], [""BUY_SEED"", ""WHEAT"", 1]]"
470	19	14	DSM	"[""WATER""]"	"[[""FEED""], [""SOUTH""], [""HARVEST""], [""FERTILIZE""], [""WATER""], [""HARVEST""], [""WATER""], [""NORTH""], [""DIG""], [""HARVEST""], [""EAST""]]"	[]
471	19	15	Majkel1337	"[""NORTH""]"	"[[""FERTILIZE""], [""SOUTH""], [""WATER""], [""WEST""], [""FERTILIZE""], [""HARVEST""], [""WEST""], [""WATER""], [""PLANT"", ""CARROT""], [""WATER""], [""EAST""]]"	"[[""BUY_SEED"", ""WHEAT"", 1]]"
471	19	15	DSM	"[""HARVEST""]"	"[[""CARE""], [""SOUTH""], [""NORTH""], [""WEST""], [""FERTILIZE""], [""SOUTH""], [""HARVEST""], [""HARVEST""], [""PLANT"", ""CARROT""], [""PLANT"", ""CARROT""], [""WATER""]]"	"[[""BUY_SEED"", ""WHEAT"", 1]]"
472	19	16	Majkel1337	"[""WATER""]"	"[[""EAST""], [""FERTILIZE""], [""EAST""], [""FERTILIZE""], [""NORTH""], [""PLANT"", ""CARROT""], [""WEST""], [""SOUTH""], [""WATER""], [""SOUTH""], [""EAST""]]"	"[[""BUY_SEED"", ""WHEAT"", 1]]"
472	19	16	DSM	"[""PLANT"", ""CARROT""]"	"[[""COLLECT_FERTILIZER""], [""FERTILIZE""], [""HARVEST""], [""FERTILIZE""], [""NORTH""], [""WATER""], [""NORTH""], [""DIG""], [""WATER""], [""WATER""], [""SOUTH""]]"	"[[""BUY_SEED"", ""WHEAT"", 1]]"
473	19	17	Majkel1337	"[""EAST""]"	"[[""FERTILIZE""], [""WATER""], [""WATER""], [""WEST""], [""WATER""], [""WATER""], [""DROP""], [""WATER""], [""WEST""], [""WATER""], [""WATER""]]"	"[[""SELL"", ""MILK"", 1], [""SELL"", ""WOOL"", 1], [""BUY_SEED"", ""CARROT"", 6]]"
473	19	17	DSM	"[""WATER""]"	"[[""HARVEST""], [""WATER""], [""NORTH""], [""WEST""], [""WATER""], [""SOUTH""], [""NORTH""], [""PLANT"", ""CARROT""], [""WEST""], [""NORTH""], [""WATER""]]"	"[[""SELL"", ""MILK"", 12], [""SELL"", ""WOOL"", 2], [""BUY_SEED"", ""WHEAT"", 1]]"
474	19	18	Majkel1337	"[""WATER""]"	"[[""NORTH""], [""SOUTH""], [""SOUTH""], [""WATER""], [""EAST""], [""SOUTH""], [""WEST""], [""SOUTH""], [""WATER""], [""HARVEST""], [""HARVEST""]]"	"[[""SELL"", ""STRAWBERRY"", 6]]"
474	19	18	DSM	"[""WEST""]"	"[[""EAST""], [""NORTH""], [""HARVEST""], [""HARVEST""], [""EAST""], [""WATER""], [""WATER""], [""WATER""], [""WATER""], [""WATER""], [""EAST""]]"	[]
475	19	19	Majkel1337	"[""EAST""]"	"[[""FERTILIZE""], [""WATER""], [""WATER""], [""WEST""], [""WATER""], [""WATER""], [""WEST""], [""WATER""], [""WEST""], [""PLANT"", ""CARROT""], [""DIG""]]"	"[[""BUY_SEED"", ""WHEAT"", 1]]"
475	19	19	DSM	"[""HARVEST""]"	"[[""EAST""], [""WATER""], [""DIG""], [""DIG""], [""WATER""], [""WEST""], [""SOUTH""], [""NORTH""], [""WEST""], [""WEST""], [""WATER""]]"	[]
476	19	20	Majkel1337	"[""WATER""]"	"[[""SOUTH""], [""SOUTH""], [""NORTH""], [""WEST""], [""HARVEST""], [""HARVEST""], [""COLLECT_FERTILIZER""], [""SOUTH""], [""WATER""], [""WATER""], [""PLANT"", ""CARROT""]]"	[]
476	19	20	DSM	"[""DIG""]"	"[[""FERTILIZE""], [""EAST""], [""PLANT"", ""WHEAT""], [""PLANT"", ""CARROT""], [""HARVEST""], [""WATER""], [""EAST""], [""DIG""], [""WATER""], [""SOUTH""], [""HARVEST""]]"	"[[""BUY_SEED"", ""WHEAT"", 1]]"
477	19	21	Majkel1337	"[""NORTH""]"	"[[""EAST""], [""WATER""], [""NORTH""], [""WATER""], [""FERTILIZE""], [""PLANT"", ""CARROT""], [""NORTH""], [""WATER""], [""SOUTH""], [""WEST""], [""WATER""]]"	"[[""SELL"", ""WOOL"", 1]]"
477	19	21	DSM	"[""NORTH""]"	"[[""WATER""], [""EAST""], [""WATER""], [""WATER""], [""DIG""], [""SOUTH""], [""WATER""], [""NORTH""], [""SOUTH""], [""WATER""], [""PLANT"", ""WHEAT""]]"	"[[""SELL"", ""MILK"", 2], [""SELL"", ""STRAWBERRY"", 1], [""SELL"", ""WOOL"", 2]]"
478	19	22	Majkel1337	"[""WEST""]"	"[[""WATER""], [""SOUTH""], [""WATER""], [""EAST""], [""WEST""], [""WATER""], [""EAST""], [""SOUTH""], [""EAST""], [""WATER""], [""WEST""]]"	"[[""SELL"", ""WHEAT"", 9]]"
478	19	22	DSM	"[""WATER""]"	"[[""SOUTH""], [""WATER""], [""WEST""], [""SOUTH""], [""PLANT"", ""WHEAT""], [""NORTH""], [""NORTH""], [""WATER""], [""WATER""], [""NORTH""], [""WATER""]]"	"[[""SELL"", ""WHEAT"", 5]]"
479	19	23	Majkel1337	"[""WATER""]"	"[[""NORTH""], [""WATER""], [""NORTH""], [""WATER""], [""WEST""], [""SOUTH""], [""EAST""], [""WATER""], [""WATER""], [""WEST""], [""WATER""]]"	[]
479	19	23	DSM	"[""EAST""]"	"[[""WATER""], [""PASS""], [""WATER""], [""WATER""], [""WATER""], [""NORTH""], [""NORTH""], [""EAST""], [""EAST""], [""NORTH""], [""NORTH""]]"	[]
480	20	0	Majkel1337	"[""HARVEST""]"	[]	"[[""SELL"", ""STRAWBERRY"", 5], [""SELL"", ""FERTILIZER"", 3], [""HIRE""], [""HIRE""], [""HIRE""], [""HIRE""], [""HIRE""], [""HIRE""], [""HIRE""], [""HIRE""]]"
480	20	0	DSM	"[""HARVEST""]"	[]	"[[""SELL"", ""STRAWBERRY"", 11], [""SELL"", ""FERTILIZER"", 6], [""HIRE""], [""HIRE""], [""HIRE""], [""HIRE""], [""HIRE""], [""HIRE""], [""HIRE""], [""HIRE""]]"
481	20	1	Majkel1337	"[""PLACE"", ""MILK"", 2]"	"[[""PICKUP"", ""WHEAT"", 3], [""PICKUP"", ""WHEAT"", 2], [""PICKUP"", ""WHEAT"", 2], [""COLLECT_FERTILIZER""], [""NORTH""], [""WEST""], [""NORTH""], [""NORTH""]]"	"[[""SELL"", ""STRAWBERRY"", 2], [""SELL"", ""WOOL"", 1], [""HIRE""], [""HIRE""], [""HIRE""]]"
481	20	1	DSM	"[""PLACE"", ""MILK"", 2]"	"[[""PICKUP"", ""WHEAT"", 3], [""PICKUP"", ""WHEAT"", 2], [""PICKUP"", ""WHEAT"", 2], [""COLLECT_FERTILIZER""], [""NORTH""], [""WEST""], [""NORTH""], [""NORTH""]]"	"[[""SELL"", ""STRAWBERRY"", 2], [""SELL"", ""WOOL"", 1], [""HIRE""], [""HIRE""], [""HIRE""]]"
482	20	2	Majkel1337	"[""PICKUP"", ""WHEAT"", 3]"	"[[""FEED""], [""FEED""], [""NORTH""], [""NORTH""], [""HARVEST""], [""WEST""], [""EAST""], [""WEST""], [""SOUTH""], [""NORTH""], [""NORTH""]]"	"[[""SELL"", ""MELON"", 1]]"
482	20	2	DSM	"[""PICKUP"", ""WHEAT"", 2]"	"[[""FEED""], [""FEED""], [""NORTH""], [""NORTH""], [""HARVEST""], [""WEST""], [""EAST""], [""WEST""], [""SOUTH""], [""NORTH""], [""NORTH""]]"	[]
483	20	3	Majkel1337	"[""FEED""]"	"[[""CARE""], [""CARE""], [""EAST""], [""WEST""], [""NORTH""], [""WEST""], [""EAST""], [""WEST""], [""WATER""], [""EAST""], [""COLLECT_FERTILIZER""]]"	[]
483	20	3	DSM	"[""FEED""]"	"[[""CARE""], [""CARE""], [""EAST""], [""WEST""], [""NORTH""], [""WEST""], [""EAST""], [""WEST""], [""WATER""], [""EAST""], [""COLLECT_FERTILIZER""]]"	[]
484	20	4	Majkel1337	"[""CARE""]"	"[[""COLLECT_FERTILIZER""], [""COLLECT_FERTILIZER""], [""FEED""], [""FERTILIZE""], [""NORTH""], [""WATER""], [""EAST""], [""WATER""], [""SOUTH""], [""COLLECT_FERTILIZER""], [""NORTH""]]"	[]
484	20	4	DSM	"[""CARE""]"	"[[""COLLECT_FERTILIZER""], [""COLLECT_FERTILIZER""], [""FEED""], [""FERTILIZE""], [""NORTH""], [""WEST""], [""EAST""], [""WATER""], [""SOUTH""], [""COLLECT_FERTILIZER""], [""NORTH""]]"	[]
485	20	5	Majkel1337	"[""NORTH""]"	"[[""NORTH""], [""WEST""], [""CARE""], [""WATER""], [""HARVEST""], [""HARVEST""], [""EAST""], [""HARVEST""], [""SOUTH""], [""HARVEST""], [""COLLECT_FERTILIZER""]]"	"[[""SELL"", ""WOOL"", 1]]"
485	20	5	DSM	"[""NORTH""]"	"[[""NORTH""], [""WEST""], [""CARE""], [""WATER""], [""HARVEST""], [""WATER""], [""EAST""], [""HARVEST""], [""WATER""], [""NORTH""], [""COLLECT_FERTILIZER""]]"	"[[""SELL"", ""STRAWBERRY"", 2], [""SELL"", ""WOOL"", 1]]"
486	20	6	Majkel1337	"[""NORTH""]"	"[[""FEED""], [""FEED""], [""EAST""], [""NORTH""], [""NORTH""], [""PLANT"", ""WHEAT""], [""WATER""], [""PLANT"", ""WHEAT""], [""WATER""], [""NORTH""], [""HARVEST""]]"	"[[""SELL"", ""WHEAT"", 3], [""BUY_SEED"", ""WHEAT"", 1]]"
486	20	6	DSM	"[""NORTH""]"	"[[""FEED""], [""FEED""], [""EAST""], [""NORTH""], [""NORTH""], [""HARVEST""], [""WATER""], [""PLANT"", ""WHEAT""], [""SOUTH""], [""EAST""], [""HARVEST""]]"	"[[""SELL"", ""WHEAT"", 4], [""BUY_SEED"", ""WHEAT"", 1]]"
487	20	7	Majkel1337	"[""FEED""]"	"[[""CARE""], [""CARE""], [""FEED""], [""WATER""], [""HARVEST""], [""WATER""], [""NORTH""], [""WATER""], [""SOUTH""], [""NORTH""], [""NORTH""]]"	[]
487	20	7	DSM	"[""FEED""]"	"[[""CARE""], [""CARE""], [""FEED""], [""WATER""], [""HARVEST""], [""PLANT"", ""WHEAT""], [""NORTH""], [""WATER""], [""WATER""], [""EAST""], [""NORTH""]]"	"[[""SELL"", ""WHEAT"", 2], [""BUY_SEED"", ""WHEAT"", 1]]"
488	20	8	Majkel1337	"[""CARE""]"	"[[""COLLECT_FERTILIZER""], [""COLLECT_FERTILIZER""], [""CARE""], [""HARVEST""], [""SOUTH""], [""WEST""], [""WATER""], [""WEST""], [""WEST""], [""EAST""], [""HARVEST""]]"	[]
488	20	8	DSM	"[""CARE""]"	"[[""COLLECT_FERTILIZER""], [""COLLECT_FERTILIZER""], [""CARE""], [""HARVEST""], [""SOUTH""], [""WATER""], [""WATER""], [""WEST""], [""HARVEST""], [""FERTILIZE""], [""HARVEST""]]"	"[[""BUY_SEED"", ""WHEAT"", 1], [""BUY_SEED"", ""CARROT"", 6]]"
489	20	9	Majkel1337	"[""EAST""]"	"[[""EAST""], [""WEST""], [""COLLECT_FERTILIZER""], [""NORTH""], [""SOUTH""], [""WATER""], [""NORTH""], [""WEST""], [""WEST""], [""HARVEST""], [""NORTH""]]"	"[[""SELL"", ""MILK"", 1], [""SELL"", ""WOOL"", 1]]"
489	20	9	DSM	"[""EAST""]"	"[[""NORTH""], [""SOUTH""], [""COLLECT_FERTILIZER""], [""NORTH""], [""SOUTH""], [""SOUTH""], [""NORTH""], [""WATER""], [""PLANT"", ""CARROT""], [""WATER""], [""NORTH""]]"	"[[""SELL"", ""STRAWBERRY"", 6], [""SELL"", ""WOOL"", 1]]"
490	20	10	Majkel1337	"[""FEED""]"	"[[""FEED""], [""FERTILIZE""], [""EAST""], [""WATER""], [""SOUTH""], [""HARVEST""], [""WATER""], [""HARVEST""], [""WATER""], [""NORTH""], [""WATER""]]"	[]
490	20	10	DSM	"[""COLLECT_FERTILIZER""]"	"[[""FEED""], [""SOUTH""], [""EAST""], [""HARVEST""], [""SOUTH""], [""WATER""], [""NORTH""], [""NORTH""], [""WATER""], [""NORTH""], [""WATER""]]"	[]
491	20	11	Majkel1337	"[""CARE""]"	"[[""CARE""], [""WATER""], [""COLLECT_FERTILIZER""], [""HARVEST""], [""SOUTH""], [""PLANT"", ""WHEAT""], [""NORTH""], [""DIG""], [""HARVEST""], [""HARVEST""], [""FERTILIZE""]]"	"[[""SELL"", ""WHEAT"", 2], [""BUY_SEED"", ""WHEAT"", 1]]"
491	20	11	DSM	"[""HARVEST""]"	"[[""CARE""], [""FERTILIZE""], [""COLLECT_FERTILIZER""], [""SOUTH""], [""SOUTH""], [""SOUTH""], [""NORTH""], [""NORTH""], [""SOUTH""], [""NORTH""], [""FERTILIZE""]]"	[]
492	20	12	Majkel1337	"[""COLLECT_FERTILIZER""]"	"[[""COLLECT_FERTILIZER""], [""SOUTH""], [""HARVEST""], [""WEST""], [""DROP""], [""WATER""], [""WATER""], [""PLANT"", ""CARROT""], [""PLANT"", ""CARROT""], [""WEST""], [""WEST""]]"	"[[""BUY_SEED"", ""WHEAT"", 1], [""BUY_SEED"", ""CARROT"", 6]]"
492	20	12	DSM	"[""EAST""]"	"[[""EAST""], [""WATER""], [""HARVEST""], [""SOUTH""], [""DROP""], [""WATER""], [""WATER""], [""WATER""], [""WEST""], [""HARVEST""], [""WEST""]]"	[]
493	20	13	Majkel1337	"[""HARVEST""]"	"[[""EAST""], [""SOUTH""], [""NORTH""], [""HARVEST""], [""WEST""], [""SOUTH""], [""HARVEST""], [""WATER""], [""WATER""], [""HARVEST""], [""FERTILIZE""]]"	"[[""SELL"", ""STRAWBERRY"", 4], [""SELL"", ""WOOL"", 1]]"
493	20	13	DSM	"[""COLLECT_FERTILIZER""]"	"[[""EAST""], [""WEST""], [""EAST""], [""SOUTH""], [""NORTH""], [""SOUTH""], [""HARVEST""], [""WEST""], [""WATER""], [""WEST""], [""FERTILIZE""]]"	"[[""SELL"", ""STRAWBERRY"", 5], [""SELL"", ""WOOL"", 1]]"
494	20	14	Majkel1337	"[""EAST""]"	"[[""EAST""], [""WEST""], [""WEST""], [""DIG""], [""WEST""], [""WATER""], [""PLANT"", ""CARROT""], [""NORTH""], [""WEST""], [""SOUTH""], [""WATER""]]"	[]
494	20	14	DSM	"[""HARVEST""]"	"[[""FERTILIZE""], [""FERTILIZE""], [""DIG""], [""EAST""], [""EAST""], [""WATER""], [""PLANT"", ""CARROT""], [""HARVEST""], [""WEST""], [""HARVEST""], [""WATER""]]"	[]
495	20	15	Majkel1337	"[""HARVEST""]"	"[[""FERTILIZE""], [""FERTILIZE""], [""DIG""], [""PLANT"", ""CARROT""], [""COLLECT_FERTILIZER""], [""EAST""], [""WATER""], [""WATER""], [""WATER""], [""SOUTH""], [""EAST""]]"	"[[""BUY_SEED"", ""WHEAT"", 1]]"
495	20	15	DSM	"[""NORTH""]"	"[[""WATER""], [""WATER""], [""PLANT"", ""WHEAT""], [""DROP""], [""COLLECT_FERTILIZER""], [""HARVEST""], [""WATER""], [""DIG""], [""WATER""], [""NORTH""], [""SOUTH""]]"	"[[""BUY_SEED"", ""WHEAT"", 1]]"
496	20	16	Majkel1337	"[""COLLECT_FERTILIZER""]"	"[[""WATER""], [""WATER""], [""PLANT"", ""WHEAT""], [""WATER""], [""WEST""], [""WATER""], [""NORTH""], [""HARVEST""], [""HARVEST""], [""SOUTH""], [""EAST""]]"	[]
496	20	16	DSM	"[""HARVEST""]"	"[[""SOUTH""], [""NORTH""], [""WATER""], [""WEST""], [""EAST""], [""PLANT"", ""CARROT""], [""WEST""], [""PLANT"", ""CARROT""], [""HARVEST""], [""HARVEST""], [""WATER""]]"	"[[""BUY_SEED"", ""WHEAT"", 1]]"
497	20	17	Majkel1337	"[""NORTH""]"	"[[""NORTH""], [""SOUTH""], [""WATER""], [""WEST""], [""COLLECT_FERTILIZER""], [""EAST""], [""WATER""], [""DIG""], [""PLANT"", ""CARROT""], [""WEST""], [""WATER""]]"	"[[""SELL"", ""MILK"", 2], [""SELL"", ""WOOL"", 1], [""BUY_SEED"", ""WHEAT"", 1]]"
497	20	17	DSM	"[""SOUTH""]"	"[[""COLLECT_FERTILIZER""], [""WATER""], [""NORTH""], [""COLLECT_FERTILIZER""], [""COLLECT_FERTILIZER""], [""WATER""], [""WATER""], [""WATER""], [""NORTH""], [""DIG""], [""EAST""]]"	"[[""SELL"", ""MILK"", 9], [""SELL"", ""WOOL"", 1], [""SELL"", ""STRAWBERRY"", 1]]"
498	20	18	Majkel1337	"[""WATER""]"	"[[""NORTH""], [""WEST""], [""NORTH""], [""WEST""], [""NORTH""], [""WATER""], [""SOUTH""], [""PLANT"", ""CARROT""], [""WATER""], [""DROP""], [""EAST""]]"	"[[""BUY_SEED"", ""WHEAT"", 1]]"
498	20	18	DSM	"[""SOUTH""]"	"[[""NORTH""], [""WEST""], [""NORTH""], [""WEST""], [""NORTH""], [""SOUTH""], [""SOUTH""], [""SOUTH""], [""WATER""], [""PLANT"", ""WHEAT""], [""WATER""]]"	[]
499	20	19	Majkel1337	"[""EAST""]"	"[[""HARVEST""], [""WATER""], [""WATER""], [""WATER""], [""NORTH""], [""SOUTH""], [""WEST""], [""WATER""], [""WEST""], [""NORTH""], [""WATER""]]"	"[[""SELL"", ""FERTILIZER"", 1]]"
499	20	19	DSM	"[""SOUTH""]"	"[[""NORTH""], [""WATER""], [""WATER""], [""COLLECT_FERTILIZER""], [""NORTH""], [""WATER""], [""WATER""], [""PLANT"", ""CARROT""], [""HARVEST""], [""WATER""], [""EAST""]]"	"[[""BUY_SEED"", ""WHEAT"", 1]]"
500	20	20	Majkel1337	"[""WATER""]"	"[[""DIG""], [""HARVEST""], [""EAST""], [""HARVEST""], [""FERTILIZE""], [""WATER""], [""NORTH""], [""EAST""], [""WATER""], [""WEST""], [""EAST""]]"	[]
500	20	20	DSM	"[""WEST""]"	"[[""WATER""], [""SOUTH""], [""NORTH""], [""NORTH""], [""WATER""], [""HARVEST""], [""SOUTH""], [""WATER""], [""DIG""], [""WEST""], [""WATER""]]"	[]
501	20	21	Majkel1337	"[""NORTH""]"	"[[""PLANT"", ""WHEAT""], [""PLANT"", ""CARROT""], [""WATER""], [""DIG""], [""WATER""], [""SOUTH""], [""WEST""], [""WATER""], [""HARVEST""], [""NORTH""], [""HARVEST""]]"	"[[""SELL"", ""STRAWBERRY"", 1], [""SELL"", ""WOOL"", 1]]"
501	20	21	DSM	"[""DROP""]"	"[[""WEST""], [""WATER""], [""FERTILIZE""], [""WEST""], [""WEST""], [""PLANT"", ""WHEAT""], [""WATER""], [""NORTH""], [""PLANT"", ""CARROT""], [""WEST""], [""NORTH""]]"	"[[""SELL"", ""STRAWBERRY"", 1], [""SELL"", ""WOOL"", 2]]"
502	20	22	Majkel1337	"[""WATER""]"	"[[""WATER""], [""WATER""], [""NORTH""], [""PLANT"", ""CARROT""], [""NORTH""], [""WEST""], [""WATER""], [""NORTH""], [""PLANT"", ""CARROT""], [""NORTH""], [""WATER""]]"	"[[""SELL"", ""CARROT"", 12], [""SELL"", ""WHEAT"", 1]]"
502	20	22	DSM	"[""WEST""]"	"[[""WATER""], [""SOUTH""], [""WATER""], [""FERTILIZE""], [""WATER""], [""WATER""], [""NORTH""], [""NORTH""], [""WATER""], [""WATER""], [""WATER""]]"	"[[""SELL"", ""CARROT"", 2], [""SELL"", ""FERTILIZER"", 2], [""SELL"", ""WHEAT"", 1]]"
503	20	23	Majkel1337	"[""SOUTH""]"	"[[""NORTH""], [""NORTH""], [""NORTH""], [""WATER""], [""WEST""], [""WATER""], [""SOUTH""], [""WATER""], [""WATER""], [""WATER""], [""EAST""]]"	[]
503	20	23	DSM	"[""PASS""]"	"[[""NORTH""], [""WATER""], [""NORTH""], [""NORTH""], [""NORTH""], [""EAST""], [""NORTH""], [""WATER""], [""WEST""], [""EAST""], [""EAST""]]"	[]
504	21	0	Majkel1337	"[""PICKUP"", ""WHEAT"", 2]"	[]	"[[""SELL"", ""FERTILIZER"", 7], [""HIRE""], [""HIRE""], [""HIRE""], [""HIRE""], [""HIRE""], [""HIRE""], [""HIRE""], [""HIRE""], [""BUY_PRODUCT"", ""WHEAT"", 10]]"
504	21	0	DSM	"[""PICKUP"", ""WHEAT"", 2]"	[]	"[[""SELL"", ""FERTILIZER"", 5], [""HIRE""], [""HIRE""], [""HIRE""], [""HIRE""], [""HIRE""], [""HIRE""], [""HIRE""], [""HIRE""]]"
505	21	1	Majkel1337	"[""WEST""]"	"[[""PICKUP"", ""WHEAT"", 3], [""HARVEST""], [""PICKUP"", ""WHEAT"", 2], [""PICKUP"", ""WHEAT"", 3], [""HARVEST""], [""WEST""], [""SOUTH""], [""NORTH""]]"	"[[""SELL"", ""WOOL"", 2], [""HIRE""], [""HIRE""], [""HIRE""]]"
505	21	1	DSM	"[""WEST""]"	"[[""PICKUP"", ""WHEAT"", 3], [""HARVEST""], [""PICKUP"", ""WHEAT"", 2], [""PICKUP"", ""WHEAT"", 3], [""PICKUP"", ""WHEAT"", 2], [""WEST""], [""SOUTH""], [""NORTH""]]"	"[[""SELL"", ""WOOL"", 1], [""HIRE""], [""HIRE""], [""HIRE""], [""BUY_PRODUCT"", ""WHEAT"", 13]]"
506	21	2	Majkel1337	"[""FEED""]"	"[[""FEED""], [""PLACE"", ""WOOL"", 4], [""NORTH""], [""FEED""], [""PLACE"", ""WOOL"", 4], [""WEST""], [""SOUTH""], [""WEST""], [""COLLECT_FERTILIZER""], [""CARE""], [""NORTH""]]"	"[[""SELL"", ""CARROT"", 6]]"
506	21	2	DSM	"[""FEED""]"	"[[""FEED""], [""PLACE"", ""WOOL"", 4], [""NORTH""], [""FEED""], [""NORTH""], [""HARVEST""], [""SOUTH""], [""WEST""], [""COLLECT_FERTILIZER""], [""CARE""], [""NORTH""]]"	[]
507	21	3	Majkel1337	"[""CARE""]"	"[[""CARE""], [""COLLECT_FERTILIZER""], [""EAST""], [""CARE""], [""PICKUP"", ""WHEAT"", 2], [""WATER""], [""SOUTH""], [""WATER""], [""WEST""], [""COLLECT_FERTILIZER""], [""EAST""]]"	[]
507	21	3	DSM	"[""CARE""]"	"[[""CARE""], [""COLLECT_FERTILIZER""], [""EAST""], [""CARE""], [""NORTH""], [""EAST""], [""WEST""], [""WATER""], [""WEST""], [""COLLECT_FERTILIZER""], [""EAST""]]"	[]
508	21	4	Majkel1337	"[""WEST""]"	"[[""COLLECT_FERTILIZER""], [""SOUTH""], [""FEED""], [""NORTH""], [""NORTH""], [""HARVEST""], [""SOUTH""], [""HARVEST""], [""WEST""], [""WEST""], [""CARE""]]"	[]
508	21	4	DSM	"[""WEST""]"	"[[""COLLECT_FERTILIZER""], [""WEST""], [""FEED""], [""NORTH""], [""FEED""], [""PLACE"", ""MILK"", 3], [""WEST""], [""HARVEST""], [""WEST""], [""WEST""], [""CARE""]]"	[]
509	21	5	Majkel1337	"[""FEED""]"	"[[""NORTH""], [""FERTILIZE""], [""EAST""], [""FEED""], [""NORTH""], [""PLANT"", ""WHEAT""], [""WEST""], [""PLANT"", ""WHEAT""], [""WEST""], [""COLLECT_FERTILIZER""], [""COLLECT_FERTILIZER""]]"	"[[""SELL"", ""MILK"", 2], [""SELL"", ""STRAWBERRY"", 2], [""SELL"", ""WOOL"", 1]]"
509	21	5	DSM	"[""FEED""]"	"[[""NORTH""], [""WEST""], [""EAST""], [""FEED""], [""CARE""], [""SOUTH""], [""WATER""], [""PLANT"", ""WHEAT""], [""WEST""], [""COLLECT_FERTILIZER""], [""COLLECT_FERTILIZER""]]"	"[[""SELL"", ""WOOL"", 1]]"
510	21	6	Majkel1337	"[""CARE""]"	"[[""FEED""], [""WATER""], [""FEED""], [""CARE""], [""FEED""], [""WATER""], [""WEST""], [""WATER""], [""FERTILIZE""], [""SOUTH""], [""NORTH""]]"	[]
510	21	6	DSM	"[""CARE""]"	"[[""FEED""], [""WATER""], [""FEED""], [""CARE""], [""COLLECT_FERTILIZER""], [""WATER""], [""HARVEST""], [""WATER""], [""FERTILIZE""], [""SOUTH""], [""NORTH""]]"	[]
511	21	7	Majkel1337	"[""COLLECT_FERTILIZER""]"	"[[""CARE""], [""SOUTH""], [""CARE""], [""COLLECT_FERTILIZER""], [""CARE""], [""SOUTH""], [""WATER""], [""NORTH""], [""WATER""], [""FERTILIZE""], [""EAST""]]"	[]
511	21	7	DSM	"[""COLLECT_FERTILIZER""]"	"[[""CARE""], [""WEST""], [""CARE""], [""COLLECT_FERTILIZER""], [""EAST""], [""HARVEST""], [""PLANT"", ""WHEAT""], [""NORTH""], [""WATER""], [""WEST""], [""NORTH""]]"	[]
512	21	8	Majkel1337	"[""NORTH""]"	"[[""COLLECT_FERTILIZER""], [""WATER""], [""COLLECT_FERTILIZER""], [""NORTH""], [""COLLECT_FERTILIZER""], [""WATER""], [""HARVEST""], [""WATER""], [""WEST""], [""WATER""], [""FERTILIZE""]]"	[]
512	21	8	DSM	"[""NORTH""]"	"[[""COLLECT_FERTILIZER""], [""FERTILIZE""], [""COLLECT_FERTILIZER""], [""NORTH""], [""FEED""], [""PLANT"", ""WHEAT""], [""WATER""], [""WATER""], [""WEST""], [""WEST""], [""NORTH""]]"	[]
513	21	9	Majkel1337	"[""NORTH""]"	"[[""EAST""], [""SOUTH""], [""HARVEST""], [""FEED""], [""EAST""], [""WEST""], [""PLANT"", ""CARROT""], [""WEST""], [""WATER""], [""SOUTH""], [""EAST""]]"	"[[""SELL"", ""STRAWBERRY"", 2], [""SELL"", ""WOOL"", 1], [""BUY_SEED"", ""WHEAT"", 1]]"
513	21	9	DSM	"[""NORTH""]"	"[[""EAST""], [""WATER""], [""EAST""], [""FEED""], [""CARE""], [""WATER""], [""SOUTH""], [""NORTH""], [""WATER""], [""WEST""], [""FERTILIZE""]]"	"[[""SELL"", ""WOOL"", 1]]"
514	21	10	Majkel1337	"[""WEST""]"	"[[""FEED""], [""WATER""], [""EAST""], [""CARE""], [""FEED""], [""WATER""], [""WATER""], [""WATER""], [""HARVEST""], [""WATER""], [""WATER""]]"	"[[""SELL"", ""MILK"", 2]]"
514	21	10	DSM	"[""FERTILIZE""]"	"[[""FEED""], [""SOUTH""], [""COLLECT_FERTILIZER""], [""CARE""], [""COLLECT_FERTILIZER""], [""SOUTH""], [""WATER""], [""WATER""], [""NORTH""], [""FERTILIZE""], [""WATER""]]"	[]
515	21	11	Majkel1337	"[""FERTILIZE""]"	"[[""CARE""], [""WEST""], [""COLLECT_FERTILIZER""], [""COLLECT_FERTILIZER""], [""CARE""], [""HARVEST""], [""WEST""], [""HARVEST""], [""PLANT"", ""CARROT""], [""HARVEST""], [""HARVEST""]]"	"[[""SELL"", ""WHEAT"", 6], [""BUY_SEED"", ""WHEAT"", 1]]"
515	21	11	DSM	"[""WATER""]"	"[[""CARE""], [""WATER""], [""NORTH""], [""COLLECT_FERTILIZER""], [""EAST""], [""WATER""], [""SOUTH""], [""WEST""], [""WATER""], [""WATER""], [""WEST""]]"	[]
516	21	12	Majkel1337	"[""WATER""]"	"[[""COLLECT_FERTILIZER""], [""WATER""], [""EAST""], [""NORTH""], [""COLLECT_FERTILIZER""], [""SOUTH""], [""WATER""], [""NORTH""], [""WATER""], [""PLANT"", ""WHEAT""], [""PLANT"", ""WHEAT""]]"	"[[""BUY_SEED"", ""WHEAT"", 1]]"
516	21	12	DSM	"[""WEST""]"	"[[""COLLECT_FERTILIZER""], [""HARVEST""], [""WATER""], [""NORTH""], [""WATER""], [""HARVEST""], [""WATER""], [""WATER""], [""HARVEST""], [""SOUTH""], [""WATER""]]"	[]
517	21	13	Majkel1337	"[""HARVEST""]"	"[[""EAST""], [""WEST""], [""HARVEST""], [""WATER""], [""NORTH""], [""WATER""], [""NORTH""], [""NORTH""], [""SOUTH""], [""WATER""], [""WATER""]]"	"[[""SELL"", ""MILK"", 2], [""SELL"", ""STRAWBERRY"", 2], [""SELL"", ""WOOL"", 1]]"
517	21	13	DSM	"[""WATER""]"	"[[""HARVEST""], [""EAST""], [""HARVEST""], [""WATER""], [""HARVEST""], [""PLANT"", ""WHEAT""], [""HARVEST""], [""HARVEST""], [""PLANT"", ""WHEAT""], [""WATER""], [""NORTH""]]"	"[[""BUY_SEED"", ""WHEAT"", 1]]"
518	21	14	Majkel1337	"[""SOUTH""]"	"[[""EAST""], [""WATER""], [""DIG""], [""WEST""], [""WATER""], [""HARVEST""], [""WEST""], [""WATER""], [""SOUTH""], [""WEST""], [""NORTH""]]"	[]
518	21	14	DSM	"[""HARVEST""]"	"[[""EAST""], [""WATER""], [""PLANT"", ""WHEAT""], [""NORTH""], [""PLANT"", ""WHEAT""], [""WATER""], [""WEST""], [""PLANT"", ""WHEAT""], [""WATER""], [""HARVEST""], [""WATER""]]"	"[[""BUY_SEED"", ""WHEAT"", 1]]"
519	21	15	Majkel1337	"[""WATER""]"	"[[""EAST""], [""HARVEST""], [""PLANT"", ""WHEAT""], [""WATER""], [""WEST""], [""NORTH""], [""WATER""], [""HARVEST""], [""SOUTH""], [""WATER""], [""WEST""]]"	[]
519	21	15	DSM	"[""PLANT"", ""WHEAT""]"	"[[""COLLECT_FERTILIZER""], [""HARVEST""], [""WATER""], [""WATER""], [""WATER""], [""NORTH""], [""WATER""], [""WATER""], [""EAST""], [""EAST""], [""EAST""]]"	"[[""BUY_SEED"", ""WHEAT"", 1]]"
520	21	16	Majkel1337	"[""NORTH""]"	"[[""FERTILIZE""], [""PLANT"", ""CARROT""], [""WATER""], [""NORTH""], [""WATER""], [""NORTH""], [""EAST""], [""PASS""], [""WATER""], [""HARVEST""], [""WATER""]]"	"[[""BUY_SEED"", ""WHEAT"", 1]]"
520	21	16	DSM	"[""WATER""]"	"[[""HARVEST""], [""PLANT"", ""WHEAT""], [""EAST""], [""HARVEST""], [""NORTH""], [""WEST""], [""WEST""], [""NORTH""], [""WATER""], [""WATER""], [""WATER""]]"	"[[""SELL"", ""WHEAT"", 13], [""BUY_SEED"", ""WHEAT"", 1]]"
521	21	17	Majkel1337	"[""NORTH""]"	"[[""WATER""], [""WATER""], [""NORTH""], [""WEST""], [""NORTH""], [""EAST""], [""EAST""], [""PLANT"", ""WHEAT""], [""EAST""], [""PLANT"", ""WHEAT""], [""NORTH""]]"	"[[""SELL"", ""MILK"", 2], [""SELL"", ""STRAWBERRY"", 2], [""SELL"", ""WOOL"", 1], [""BUY_SEED"", ""WHEAT"", 1]]"
521	21	17	DSM	"[""NORTH""]"	"[[""NORTH""], [""WATER""], [""HARVEST""], [""WEST""], [""WATER""], [""WATER""], [""WATER""], [""WATER""], [""HARVEST""], [""EAST""], [""HARVEST""]]"	"[[""SELL"", ""MILK"", 9], [""SELL"", ""WOOL"", 2], [""BUY_SEED"", ""WHEAT"", 1]]"
522	21	18	Majkel1337	"[""WATER""]"	"[[""NORTH""], [""WEST""], [""NORTH""], [""WEST""], [""WATER""], [""EAST""], [""HARVEST""], [""WATER""], [""EAST""], [""WATER""], [""WATER""]]"	[]
522	21	18	DSM	"[""WATER""]"	"[[""EAST""], [""SOUTH""], [""WATER""], [""WEST""], [""EAST""], [""NORTH""], [""HARVEST""], [""HARVEST""], [""NORTH""], [""WATER""], [""PLANT"", ""WHEAT""]]"	[]
523	21	19	Majkel1337	"[""NORTH""]"	"[[""HARVEST""], [""WEST""], [""WATER""], [""FERTILIZE""], [""EAST""], [""EAST""], [""PLANT"", ""WHEAT""], [""EAST""], [""EAST""], [""SOUTH""], [""NORTH""]]"	[]
523	21	19	DSM	"[""NORTH""]"	"[[""EAST""], [""HARVEST""], [""NORTH""], [""WEST""], [""FERTILIZE""], [""EAST""], [""PLANT"", ""WHEAT""], [""PLANT"", ""WHEAT""], [""NORTH""], [""HARVEST""], [""WATER""]]"	"[[""BUY_SEED"", ""WHEAT"", 1]]"
524	21	20	Majkel1337	"[""WEST""]"	"[[""DIG""], [""WATER""], [""WEST""], [""WATER""], [""WATER""], [""DROP""], [""WATER""], [""WATER""], [""EAST""], [""SOUTH""], [""EAST""]]"	[]
524	21	20	DSM	"[""WATER""]"	"[[""FERTILIZE""], [""SOUTH""], [""NORTH""], [""FERTILIZE""], [""WATER""], [""DROP""], [""WATER""], [""WATER""], [""WEST""], [""SOUTH""], [""EAST""]]"	[]
525	21	21	Majkel1337	"[""WATER""]"	"[[""PLANT"", ""TOMATO""], [""NORTH""], [""WATER""], [""WEST""], [""HARVEST""], [""NORTH""], [""SOUTH""], [""HARVEST""], [""HARVEST""], [""WEST""], [""WATER""]]"	"[[""SELL"", ""STRAWBERRY"", 2], [""SELL"", ""WOOL"", 2]]"
525	21	21	DSM	"[""EAST""]"	"[[""WATER""], [""WEST""], [""WATER""], [""EAST""], [""SOUTH""], [""NORTH""], [""WEST""], [""EAST""], [""WATER""], [""WEST""], [""EAST""]]"	"[[""SELL"", ""STRAWBERRY"", 2], [""SELL"", ""WOOL"", 2]]"
526	21	22	Majkel1337	"[""SOUTH""]"	"[[""WATER""], [""NORTH""], [""EAST""], [""SOUTH""], [""EAST""], [""WEST""], [""WEST""], [""EAST""], [""PLANT"", ""WHEAT""], [""WATER""], [""WEST""]]"	"[[""SELL"", ""WHEAT"", 10], [""SELL"", ""TOMATO"", 4], [""SELL"", ""CARROT"", 6]]"
526	21	22	DSM	"[""EAST""]"	"[[""WEST""], [""WATER""], [""NORTH""], [""EAST""], [""WATER""], [""WEST""], [""WATER""], [""WATER""], [""NORTH""], [""WATER""], [""WATER""]]"	"[[""SELL"", ""CARROT"", 13], [""SELL"", ""WHEAT"", 1]]"
527	21	23	Majkel1337	"[""WATER""]"	"[[""NORTH""], [""WATER""], [""NORTH""], [""WATER""], [""WATER""], [""COLLECT_FERTILIZER""], [""WEST""], [""WATER""], [""WATER""], [""WEST""], [""WATER""]]"	[]
527	21	23	DSM	"[""HARVEST""]"	"[[""NORTH""], [""EAST""], [""WATER""], [""EAST""], [""NORTH""], [""COLLECT_FERTILIZER""], [""NORTH""], [""HARVEST""], [""WATER""], [""EAST""], [""WEST""]]"	"[[""SELL"", ""MELON"", 6]]"
528	22	0	Majkel1337	"[""HARVEST""]"	[]	"[[""SELL"", ""FERTILIZER"", 8], [""HIRE""], [""HIRE""], [""HIRE""], [""HIRE""], [""HIRE""], [""HIRE""], [""HIRE""], [""HIRE""]]"
528	22	0	DSM	"[""HARVEST""]"	[]	"[[""SELL"", ""FERTILIZER"", 8], [""HIRE""], [""HIRE""], [""HIRE""], [""HIRE""], [""HIRE""], [""HIRE""], [""HIRE""], [""HIRE""]]"
529	22	1	Majkel1337	"[""PLACE"", ""MILK"", 3]"	"[[""COLLECT_FERTILIZER""], [""PICKUP"", ""WHEAT"", 2], [""PICKUP"", ""WHEAT"", 2], [""COLLECT_FERTILIZER""], [""NORTH""], [""SOUTH""], [""NORTH""], [""WEST""]]"	"[[""SELL"", ""WOOL"", 2], [""HIRE""], [""HIRE""], [""HIRE""], [""BUY_SEED"", ""CARROT"", 5]]"
529	22	1	DSM	"[""PLACE"", ""MILK"", 3]"	"[[""HARVEST""], [""PICKUP"", ""WHEAT"", 2], [""PICKUP"", ""WHEAT"", 2], [""COLLECT_FERTILIZER""], [""NORTH""], [""WEST""], [""NORTH""], [""WEST""]]"	"[[""SELL"", ""WOOL"", 1], [""HIRE""], [""HIRE""], [""HIRE""]]"
530	22	2	Majkel1337	"[""WEST""]"	"[[""NORTH""], [""FEED""], [""NORTH""], [""NORTH""], [""HARVEST""], [""WEST""], [""NORTH""], [""WEST""], [""SOUTH""], [""NORTH""], [""NORTH""]]"	"[[""SELL"", ""TOMATO"", 5], [""SELL"", ""CARROT"", 6]]"
530	22	2	DSM	"[""WEST""]"	"[[""PLACE"", ""WOOL"", 3], [""FEED""], [""NORTH""], [""NORTH""], [""HARVEST""], [""WEST""], [""EAST""], [""WEST""], [""SOUTH""], [""NORTH""], [""NORTH""]]"	"[[""SELL"", ""WHEAT"", 10]]"
531	22	3	Majkel1337	"[""COLLECT_FERTILIZER""]"	"[[""COLLECT_FERTILIZER""], [""CARE""], [""EAST""], [""NORTH""], [""NORTH""], [""WATER""], [""EAST""], [""WEST""], [""WATER""], [""EAST""], [""COLLECT_FERTILIZER""]]"	[]
531	22	3	DSM	"[""COLLECT_FERTILIZER""]"	"[[""COLLECT_FERTILIZER""], [""CARE""], [""EAST""], [""NORTH""], [""NORTH""], [""WEST""], [""EAST""], [""WEST""], [""SOUTH""], [""EAST""], [""COLLECT_FERTILIZER""]]"	[]
532	22	4	Majkel1337	"[""NORTH""]"	"[[""NORTH""], [""COLLECT_FERTILIZER""], [""FEED""], [""WEST""], [""NORTH""], [""HARVEST""], [""EAST""], [""WATER""], [""SOUTH""], [""COLLECT_FERTILIZER""], [""NORTH""]]"	[]
532	22	4	DSM	"[""NORTH""]"	"[[""NORTH""], [""COLLECT_FERTILIZER""], [""FEED""], [""WEST""], [""NORTH""], [""WATER""], [""EAST""], [""WATER""], [""SOUTH""], [""COLLECT_FERTILIZER""], [""NORTH""]]"	[]
533	22	5	Majkel1337	"[""WEST""]"	"[[""COLLECT_FERTILIZER""], [""WEST""], [""CARE""], [""FERTILIZE""], [""HARVEST""], [""PLANT"", ""WHEAT""], [""WATER""], [""HARVEST""], [""WATER""], [""HARVEST""], [""COLLECT_FERTILIZER""]]"	"[[""SELL"", ""STRAWBERRY"", 2], [""SELL"", ""WOOL"", 1]]"
533	22	5	DSM	"[""WEST""]"	"[[""COLLECT_FERTILIZER""], [""WEST""], [""CARE""], [""FERTILIZE""], [""HARVEST""], [""HARVEST""], [""EAST""], [""HARVEST""], [""WATER""], [""HARVEST""], [""COLLECT_FERTILIZER""]]"	"[[""SELL"", ""STRAWBERRY"", 2], [""SELL"", ""WOOL"", 1]]"
534	22	6	Majkel1337	"[""FERTILIZE""]"	"[[""HARVEST""], [""FEED""], [""EAST""], [""WATER""], [""DIG""], [""WATER""], [""NORTH""], [""PLANT"", ""WHEAT""], [""SOUTH""], [""NORTH""], [""HARVEST""]]"	"[[""SELL"", ""WHEAT"", 5], [""BUY_SEED"", ""WHEAT"", 1]]"
534	22	6	DSM	"[""FERTILIZE""]"	"[[""NORTH""], [""FEED""], [""EAST""], [""WATER""], [""DIG""], [""PLANT"", ""WHEAT""], [""WATER""], [""PLANT"", ""WHEAT""], [""WEST""], [""NORTH""], [""HARVEST""]]"	"[[""SELL"", ""WHEAT"", 6], [""BUY_SEED"", ""WHEAT"", 1]]"
535	22	7	Majkel1337	"[""WATER""]"	"[[""EAST""], [""CARE""], [""FEED""], [""HARVEST""], [""PLANT"", ""WHEAT""], [""WEST""], [""HARVEST""], [""WATER""], [""WATER""], [""NORTH""], [""NORTH""]]"	[]
535	22	7	DSM	"[""WATER""]"	"[[""COLLECT_FERTILIZER""], [""CARE""], [""FEED""], [""HARVEST""], [""PLANT"", ""WHEAT""], [""WATER""], [""NORTH""], [""WATER""], [""WATER""], [""NORTH""], [""NORTH""]]"	"[[""BUY_SEED"", ""WHEAT"", 1]]"
536	22	8	Majkel1337	"[""NORTH""]"	"[[""COLLECT_FERTILIZER""], [""COLLECT_FERTILIZER""], [""CARE""], [""NORTH""], [""WATER""], [""WATER""], [""NORTH""], [""NORTH""], [""WEST""], [""NORTH""], [""HARVEST""]]"	[]
536	22	8	DSM	"[""NORTH""]"	"[[""HARVEST""], [""COLLECT_FERTILIZER""], [""CARE""], [""NORTH""], [""WATER""], [""WEST""], [""WATER""], [""NORTH""], [""HARVEST""], [""COLLECT_FERTILIZER""], [""HARVEST""]]"	[]
537	22	9	Majkel1337	"[""WATER""]"	"[[""SOUTH""], [""SOUTH""], [""COLLECT_FERTILIZER""], [""WATER""], [""EAST""], [""WEST""], [""HARVEST""], [""WEST""], [""SOUTH""], [""EAST""], [""SOUTH""]]"	"[[""SELL"", ""STRAWBERRY"", 2], [""SELL"", ""MILK"", 1], [""SELL"", ""WOOL"", 1]]"
537	22	9	DSM	"[""WATER""]"	"[[""SOUTH""], [""WEST""], [""COLLECT_FERTILIZER""], [""WATER""], [""EAST""], [""WATER""], [""NORTH""], [""WATER""], [""PLANT"", ""WHEAT""], [""NORTH""], [""SOUTH""]]"	"[[""SELL"", ""STRAWBERRY"", 2], [""SELL"", ""MILK"", 2], [""SELL"", ""WOOL"", 1], [""BUY_SEED"", ""WHEAT"", 1]]"
538	22	10	Majkel1337	"[""HARVEST""]"	"[[""COLLECT_FERTILIZER""], [""WEST""], [""NORTH""], [""HARVEST""], [""HARVEST""], [""WATER""], [""NORTH""], [""WATER""], [""WEST""], [""NORTH""], [""SOUTH""]]"	[]
538	22	10	DSM	"[""HARVEST""]"	"[[""SOUTH""], [""FERTILIZE""], [""EAST""], [""NORTH""], [""HARVEST""], [""HARVEST""], [""WATER""], [""HARVEST""], [""WATER""], [""HARVEST""], [""SOUTH""]]"	[]
539	22	11	Majkel1337	"[""NORTH""]"	"[[""NORTH""], [""WEST""], [""NORTH""], [""NORTH""], [""DIG""], [""HARVEST""], [""HARVEST""], [""HARVEST""], [""WATER""], [""HARVEST""], [""SOUTH""]]"	[]
539	22	11	DSM	"[""WEST""]"	"[[""DROP""], [""WATER""], [""DIG""], [""WATER""], [""DIG""], [""PLANT"", ""WHEAT""], [""HARVEST""], [""NORTH""], [""WEST""], [""EAST""], [""SOUTH""]]"	"[[""SELL"", ""CARROT"", 13], [""SELL"", ""WHEAT"", 4], [""SELL"", ""TOMATO"", 2], [""BUY_SEED"", ""WHEAT"", 1]]"
540	22	12	Majkel1337	"[""WATER""]"	"[[""EAST""], [""FERTILIZE""], [""FERTILIZE""], [""WATER""], [""PLANT"", ""WHEAT""], [""NORTH""], [""DIG""], [""PLANT"", ""CARROT""], [""HARVEST""], [""DIG""], [""DROP""]]"	"[[""BUY_SEED"", ""WHEAT"", 1]]"
540	22	12	DSM	"[""WEST""]"	"[[""NORTH""], [""SOUTH""], [""PLANT"", ""WHEAT""], [""EAST""], [""PLANT"", ""WHEAT""], [""WATER""], [""PLANT"", ""WHEAT""], [""NORTH""], [""WATER""], [""HARVEST""], [""DROP""]]"	"[[""SELL"", ""FERTILIZER"", 3], [""BUY_SEED"", ""WHEAT"", 1], [""BUY_SEED"", ""CARROT"", 6]]"
541	22	13	Majkel1337	"[""WEST""]"	"[[""EAST""], [""SOUTH""], [""WATER""], [""EAST""], [""WATER""], [""WATER""], [""PLANT"", ""CARROT""], [""WATER""], [""PLANT"", ""CARROT""], [""PLANT"", ""CARROT""], [""WEST""]]"	"[[""SELL"", ""MILK"", 2], [""SELL"", ""STRAWBERRY"", 2], [""SELL"", ""WOOL"", 1], [""BUY_SEED"", ""WHEAT"", 1]]"
541	22	13	DSM	"[""WATER""]"	"[[""EAST""], [""SOUTH""], [""WATER""], [""WATER""], [""WATER""], [""SOUTH""], [""WATER""], [""WATER""], [""HARVEST""], [""DIG""], [""WEST""]]"	"[[""SELL"", ""MILK"", 2], [""SELL"", ""WOOL"", 1], [""BUY_SEED"", ""WHEAT"", 1]]"
542	22	14	Majkel1337	"[""WATER""]"	"[[""FERTILIZE""], [""SOUTH""], [""NORTH""], [""WATER""], [""EAST""], [""WEST""], [""WATER""], [""NORTH""], [""WATER""], [""WATER""], [""WEST""]]"	[]
542	22	14	DSM	"[""HARVEST""]"	"[[""COLLECT_FERTILIZER""], [""WEST""], [""NORTH""], [""EAST""], [""EAST""], [""WATER""], [""NORTH""], [""NORTH""], [""PLANT"", ""CARROT""], [""PLANT"", ""WHEAT""], [""WEST""]]"	"[[""BUY_SEED"", ""WHEAT"", 1]]"
543	22	15	Majkel1337	"[""NORTH""]"	"[[""NORTH""], [""FERTILIZE""], [""WATER""], [""EAST""], [""DIG""], [""WATER""], [""EAST""], [""WATER""], [""WEST""], [""EAST""], [""COLLECT_FERTILIZER""]]"	[]
543	22	15	DSM	"[""PLANT"", ""CARROT""]"	"[[""EAST""], [""FERTILIZE""], [""EAST""], [""HARVEST""], [""WATER""], [""HARVEST""], [""WATER""], [""WATER""], [""WATER""], [""EAST""], [""COLLECT_FERTILIZER""]]"	"[[""BUY_SEED"", ""WHEAT"", 1]]"
544	22	16	Majkel1337	"[""WATER""]"	"[[""FERTILIZE""], [""WATER""], [""SOUTH""], [""HARVEST""], [""PLANT"", ""WHEAT""], [""SOUTH""], [""EAST""], [""HARVEST""], [""WATER""], [""EAST""], [""SOUTH""]]"	[]
544	22	16	DSM	"[""WATER""]"	"[[""DIG""], [""WATER""], [""FERTILIZE""], [""DIG""], [""NORTH""], [""SOUTH""], [""HARVEST""], [""HARVEST""], [""SOUTH""], [""HARVEST""], [""SOUTH""]]"	"[[""BUY_SEED"", ""WHEAT"", 1]]"
545	22	17	Majkel1337	"[""HARVEST""]"	"[[""EAST""], [""NORTH""], [""EAST""], [""DIG""], [""WATER""], [""WATER""], [""WATER""], [""PLANT"", ""CARROT""], [""HARVEST""], [""WATER""], [""SOUTH""]]"	"[[""SELL"", ""STRAWBERRY"", 2], [""SELL"", ""WOOL"", 1], [""BUY_SEED"", ""WHEAT"", 1]]"
545	22	17	DSM	"[""NORTH""]"	"[[""PLANT"", ""WHEAT""], [""SOUTH""], [""NORTH""], [""PLANT"", ""WHEAT""], [""WATER""], [""WATER""], [""PLANT"", ""CARROT""], [""WEST""], [""WATER""], [""DIG""], [""SOUTH""]]"	"[[""SELL"", ""STRAWBERRY"", 2], [""SELL"", ""MILK"", 2], [""SELL"", ""WOOL"", 1], [""BUY_SEED"", ""WHEAT"", 1]]"
546	22	18	Majkel1337	"[""WEST""]"	"[[""FERTILIZE""], [""WATER""], [""WATER""], [""PLANT"", ""CARROT""], [""EAST""], [""SOUTH""], [""HARVEST""], [""WATER""], [""PASS""], [""HARVEST""], [""WEST""]]"	"[[""SELL"", ""WHEAT"", 5]]"
546	22	18	DSM	"[""WATER""]"	"[[""WATER""], [""WATER""], [""WEST""], [""WATER""], [""HARVEST""], [""HARVEST""], [""WATER""], [""WATER""], [""HARVEST""], [""PLANT"", ""CARROT""], [""SOUTH""]]"	"[[""BUY_SEED"", ""WHEAT"", 1]]"
547	22	19	Majkel1337	"[""WATER""]"	"[[""WATER""], [""HARVEST""], [""SOUTH""], [""WATER""], [""WATER""], [""WATER""], [""PLANT"", ""WHEAT""], [""EAST""], [""PLANT"", ""WHEAT""], [""PLANT"", ""WHEAT""], [""WEST""]]"	[]
547	22	19	DSM	"[""HARVEST""]"	"[[""NORTH""], [""WEST""], [""WATER""], [""SOUTH""], [""PLANT"", ""WHEAT""], [""SOUTH""], [""NORTH""], [""EAST""], [""EAST""], [""WATER""], [""WATER""]]"	"[[""BUY_SEED"", ""WHEAT"", 1]]"
548	22	20	Majkel1337	"[""SOUTH""]"	"[[""SOUTH""], [""SOUTH""], [""EAST""], [""EAST""], [""NORTH""], [""SOUTH""], [""WATER""], [""WATER""], [""WATER""], [""WATER""], [""FERTILIZE""]]"	[]
548	22	20	DSM	"[""PLANT"", ""CARROT""]"	"[[""EAST""], [""WATER""], [""SOUTH""], [""WEST""], [""WATER""], [""WATER""], [""WATER""], [""EAST""], [""WATER""], [""NORTH""], [""WEST""]]"	"[[""SELL"", ""WHEAT"", 1], [""BUY_SEED"", ""WHEAT"", 1]]"
549	22	21	Majkel1337	"[""WATER""]"	"[[""SOUTH""], [""SOUTH""], [""WATER""], [""WATER""], [""WATER""], [""SOUTH""], [""WEST""], [""HARVEST""], [""WEST""], [""WEST""], [""SOUTH""]]"	"[[""SELL"", ""STRAWBERRY"", 2], [""SELL"", ""WOOL"", 2]]"
549	22	21	DSM	"[""WATER""]"	"[[""FERTILIZE""], [""SOUTH""], [""WATER""], [""WATER""], [""EAST""], [""HARVEST""], [""HARVEST""], [""WATER""], [""WEST""], [""WATER""], [""WEST""]]"	"[[""SELL"", ""STRAWBERRY"", 2], [""SELL"", ""MILK"", 2], [""SELL"", ""WOOL"", 2]]"
550	22	22	Majkel1337	"[""SOUTH""]"	"[[""NORTH""], [""WEST""], [""NORTH""], [""SOUTH""], [""SOUTH""], [""WATER""], [""SOUTH""], [""SOUTH""], [""WATER""], [""SOUTH""], [""SOUTH""]]"	"[[""SELL"", ""CARROT"", 6], [""SELL"", ""FERTILIZER"", 2]]"
550	22	22	DSM	"[""EAST""]"	"[[""WEST""], [""WATER""], [""NORTH""], [""WEST""], [""WEST""], [""PLANT"", ""WHEAT""], [""PLANT"", ""WHEAT""], [""SOUTH""], [""WEST""], [""WEST""], [""FERTILIZE""]]"	"[[""SELL"", ""TOMATO"", 2], [""SELL"", ""FERTILIZER"", 2], [""SELL"", ""MILK"", 1]]"
551	22	23	Majkel1337	"[""SOUTH""]"	"[[""WATER""], [""NORTH""], [""WATER""], [""WEST""], [""SOUTH""], [""NORTH""], [""SOUTH""], [""WATER""], [""NORTH""], [""SOUTH""], [""WATER""]]"	[]
551	22	23	DSM	"[""EAST""]"	"[[""WATER""], [""EAST""], [""WEST""], [""WEST""], [""WEST""], [""WATER""], [""WATER""], [""WATER""], [""WATER""], [""WEST""], [""NORTH""]]"	"[[""SELL"", ""WOOL"", 2]]"
552	23	0	Majkel1337	"[""PICKUP"", ""WHEAT"", 2]"	[]	"[[""SELL"", ""FERTILIZER"", 3], [""HIRE""], [""HIRE""], [""HIRE""], [""HIRE""], [""HIRE""], [""HIRE""], [""HIRE""], [""HIRE""], [""BUY_PRODUCT"", ""WHEAT"", 11]]"
552	23	0	DSM	"[""PICKUP"", ""WHEAT"", 2]"	[]	"[[""SELL"", ""TOMATO"", 5], [""SELL"", ""FERTILIZER"", 2], [""HIRE""], [""HIRE""], [""HIRE""], [""HIRE""], [""HIRE""], [""HIRE""], [""HIRE""], [""HIRE""]]"
553	23	1	Majkel1337	"[""WEST""]"	"[[""PICKUP"", ""WHEAT"", 3], [""PICKUP"", ""WHEAT"", 2], [""PICKUP"", ""WHEAT"", 2], [""PICKUP"", ""WHEAT"", 3], [""PICKUP"", ""WHEAT"", 2], [""WEST""], [""SOUTH""], [""NORTH""]]"	"[[""SELL"", ""WOOL"", 1], [""HIRE""], [""HIRE""], [""HIRE""]]"
553	23	1	DSM	"[""WEST""]"	"[[""PICKUP"", ""WHEAT"", 3], [""PICKUP"", ""WHEAT"", 2], [""PICKUP"", ""WHEAT"", 2], [""PICKUP"", ""WHEAT"", 3], [""PICKUP"", ""WHEAT"", 2], [""WEST""], [""SOUTH""], [""NORTH""]]"	"[[""SELL"", ""WOOL"", 1], [""HIRE""], [""HIRE""], [""HIRE""]]"
554	23	2	Majkel1337	"[""FEED""]"	"[[""FEED""], [""FEED""], [""NORTH""], [""FEED""], [""NORTH""], [""WEST""], [""SOUTH""], [""WEST""], [""COLLECT_FERTILIZER""], [""CARE""], [""NORTH""]]"	"[[""SELL"", ""TOMATO"", 8], [""SELL"", ""CARROT"", 5]]"
554	23	2	DSM	"[""FEED""]"	"[[""FEED""], [""FEED""], [""NORTH""], [""FEED""], [""NORTH""], [""HARVEST""], [""SOUTH""], [""WEST""], [""COLLECT_FERTILIZER""], [""CARE""], [""NORTH""]]"	[]
555	23	3	Majkel1337	"[""CARE""]"	"[[""CARE""], [""WEST""], [""EAST""], [""CARE""], [""NORTH""], [""WEST""], [""SOUTH""], [""WEST""], [""NORTH""], [""COLLECT_FERTILIZER""], [""EAST""]]"	[]
555	23	3	DSM	"[""CARE""]"	"[[""CARE""], [""WEST""], [""EAST""], [""CARE""], [""NORTH""], [""WEST""], [""WEST""], [""WEST""], [""NORTH""], [""COLLECT_FERTILIZER""], [""EAST""]]"	[]
556	23	4	Majkel1337	"[""WEST""]"	"[[""COLLECT_FERTILIZER""], [""FEED""], [""FEED""], [""NORTH""], [""FEED""], [""WATER""], [""WEST""], [""WATER""], [""WEST""], [""WEST""], [""CARE""]]"	[]
556	23	4	DSM	"[""WEST""]"	"[[""COLLECT_FERTILIZER""], [""FEED""], [""FEED""], [""NORTH""], [""FEED""], [""WATER""], [""WATER""], [""WATER""], [""WEST""], [""SOUTH""], [""CARE""]]"	[]
557	23	5	Majkel1337	"[""FEED""]"	"[[""NORTH""], [""CARE""], [""EAST""], [""FEED""], [""CARE""], [""HARVEST""], [""WATER""], [""HARVEST""], [""FERTILIZE""], [""WEST""], [""COLLECT_FERTILIZER""]]"	"[[""SELL"", ""STRAWBERRY"", 2], [""SELL"", ""WOOL"", 1]]"
557	23	5	DSM	"[""FEED""]"	"[[""NORTH""], [""CARE""], [""EAST""], [""FEED""], [""CARE""], [""HARVEST""], [""HARVEST""], [""HARVEST""], [""FERTILIZE""], [""WEST""], [""COLLECT_FERTILIZER""]]"	"[[""SELL"", ""STRAWBERRY"", 2], [""SELL"", ""WOOL"", 1]]"
558	23	6	Majkel1337	"[""CARE""]"	"[[""FEED""], [""COLLECT_FERTILIZER""], [""FEED""], [""CARE""], [""COLLECT_FERTILIZER""], [""PLANT"", ""WHEAT""], [""WEST""], [""PLANT"", ""WHEAT""], [""WATER""], [""FERTILIZE""], [""NORTH""]]"	"[[""SELL"", ""WHEAT"", 4], [""BUY_SEED"", ""WHEAT"", 1]]"
558	23	6	DSM	"[""CARE""]"	"[[""FEED""], [""COLLECT_FERTILIZER""], [""FEED""], [""CARE""], [""COLLECT_FERTILIZER""], [""SOUTH""], [""PLANT"", ""CARROT""], [""PLANT"", ""WHEAT""], [""WATER""], [""FERTILIZE""], [""NORTH""]]"	"[[""SELL"", ""WHEAT"", 5], [""BUY_SEED"", ""WHEAT"", 1]]"
559	23	7	Majkel1337	"[""COLLECT_FERTILIZER""]"	"[[""CARE""], [""SOUTH""], [""CARE""], [""COLLECT_FERTILIZER""], [""EAST""], [""WATER""], [""WATER""], [""WATER""], [""NORTH""], [""WATER""], [""EAST""]]"	[]
559	23	7	DSM	"[""COLLECT_FERTILIZER""]"	"[[""CARE""], [""SOUTH""], [""CARE""], [""COLLECT_FERTILIZER""], [""EAST""], [""WATER""], [""WATER""], [""WATER""], [""NORTH""], [""WATER""], [""EAST""]]"	[]
560	23	8	Majkel1337	"[""NORTH""]"	"[[""COLLECT_FERTILIZER""], [""SOUTH""], [""COLLECT_FERTILIZER""], [""NORTH""], [""FEED""], [""WEST""], [""SOUTH""], [""WEST""], [""WATER""], [""SOUTH""], [""EAST""]]"	[]
560	23	8	DSM	"[""NORTH""]"	"[[""COLLECT_FERTILIZER""], [""SOUTH""], [""COLLECT_FERTILIZER""], [""NORTH""], [""COLLECT_FERTILIZER""], [""HARVEST""], [""SOUTH""], [""WEST""], [""WATER""], [""SOUTH""], [""EAST""]]"	[]
561	23	9	Majkel1337	"[""WEST""]"	"[[""EAST""], [""WEST""], [""EAST""], [""FEED""], [""CARE""], [""WATER""], [""WATER""], [""WATER""], [""WEST""], [""WATER""], [""FERTILIZE""]]"	"[[""SELL"", ""MILK"", 2], [""SELL"", ""STRAWBERRY"", 2], [""SELL"", ""WOOL"", 1]]"
561	23	9	DSM	"[""WEST""]"	"[[""EAST""], [""SOUTH""], [""HARVEST""], [""FEED""], [""HARVEST""], [""PLANT"", ""WHEAT""], [""WATER""], [""WATER""], [""NORTH""], [""WEST""], [""FERTILIZE""]]"	"[[""SELL"", ""STRAWBERRY"", 2], [""SELL"", ""WOOL"", 1], [""BUY_SEED"", ""WHEAT"", 1]]"
562	23	10	Majkel1337	"[""FERTILIZE""]"	"[[""FEED""], [""WEST""], [""DIG""], [""CARE""], [""COLLECT_FERTILIZER""], [""HARVEST""], [""HARVEST""], [""SOUTH""], [""WATER""], [""SOUTH""], [""WATER""]]"	[]
562	23	10	DSM	"[""FERTILIZE""]"	"[[""FEED""], [""WEST""], [""EAST""], [""CARE""], [""NORTH""], [""WATER""], [""HARVEST""], [""HARVEST""], [""WATER""], [""HARVEST""], [""WATER""]]"	"[[""BUY_SEED"", ""WHEAT"", 1], [""BUY_SEED"", ""CARROT"", 6]]"
563	23	11	Majkel1337	"[""NORTH""]"	"[[""CARE""], [""FERTILIZE""], [""PLANT"", ""WHEAT""], [""COLLECT_FERTILIZER""], [""HARVEST""], [""PLANT"", ""WHEAT""], [""PLANT"", ""WHEAT""], [""WEST""], [""HARVEST""], [""WATER""], [""WEST""]]"	"[[""SELL"", ""WHEAT"", 2], [""BUY_SEED"", ""WHEAT"", 1]]"
563	23	11	DSM	"[""WEST""]"	"[[""CARE""], [""WEST""], [""EAST""], [""COLLECT_FERTILIZER""], [""NORTH""], [""WEST""], [""PLANT"", ""CARROT""], [""SOUTH""], [""HARVEST""], [""DIG""], [""NORTH""]]"	"[[""BUY_SEED"", ""WHEAT"", 1]]"
564	23	12	Majkel1337	"[""WATER""]"	"[[""COLLECT_FERTILIZER""], [""WATER""], [""WATER""], [""NORTH""], [""NORTH""], [""WATER""], [""WATER""], [""WATER""], [""DIG""], [""SOUTH""], [""WATER""]]"	"[[""BUY_SEED"", ""WHEAT"", 1]]"
564	23	12	DSM	"[""WATER""]"	"[[""COLLECT_FERTILIZER""], [""FERTILIZE""], [""FERTILIZE""], [""NORTH""], [""FERTILIZE""], [""WATER""], [""WATER""], [""WEST""], [""WEST""], [""PLANT"", ""CARROT""], [""WATER""]]"	"[[""BUY_SEED"", ""WHEAT"", 1]]"
565	23	13	Majkel1337	"[""HARVEST""]"	"[[""SOUTH""], [""HARVEST""], [""EAST""], [""WATER""], [""NORTH""], [""SOUTH""], [""WEST""], [""HARVEST""], [""PLANT"", ""WHEAT""], [""WATER""], [""HARVEST""]]"	"[[""SELL"", ""STRAWBERRY"", 2], [""SELL"", ""WOOL"", 1]]"
565	23	13	DSM	"[""HARVEST""]"	"[[""NORTH""], [""WATER""], [""WATER""], [""WATER""], [""WATER""], [""HARVEST""], [""NORTH""], [""WATER""], [""WATER""], [""WATER""], [""NORTH""]]"	"[[""SELL"", ""STRAWBERRY"", 2], [""SELL"", ""MILK"", 1], [""SELL"", ""WOOL"", 1]]"
566	23	14	Majkel1337	"[""NORTH""]"	"[[""SOUTH""], [""SOUTH""], [""WATER""], [""FERTILIZE""], [""WATER""], [""WATER""], [""WEST""], [""PLANT"", ""WHEAT""], [""WATER""], [""HARVEST""], [""PLANT"", ""WHEAT""]]"	"[[""SELL"", ""WHEAT"", 1], [""BUY_SEED"", ""WHEAT"", 1]]"
566	23	14	DSM	"[""PLANT"", ""CARROT""]"	"[[""EAST""], [""SOUTH""], [""NORTH""], [""FERTILIZE""], [""SOUTH""], [""DIG""], [""NORTH""], [""EAST""], [""HARVEST""], [""EAST""], [""NORTH""]]"	"[[""BUY_SEED"", ""WHEAT"", 1]]"
567	23	15	Majkel1337	"[""WATER""]"	"[[""SOUTH""], [""WATER""], [""NORTH""], [""WEST""], [""HARVEST""], [""EAST""], [""WEST""], [""WATER""], [""NORTH""], [""PLANT"", ""WHEAT""], [""WATER""]]"	"[[""BUY_SEED"", ""WHEAT"", 1]]"
567	23	15	DSM	"[""WATER""]"	"[[""FERTILIZE""], [""WATER""], [""HARVEST""], [""WEST""], [""WATER""], [""PLANT"", ""CARROT""], [""WATER""], [""EAST""], [""PLANT"", ""CARROT""], [""WATER""], [""WATER""]]"	"[[""BUY_SEED"", ""WHEAT"", 1]]"
568	23	16	Majkel1337	"[""WEST""]"	"[[""SOUTH""], [""HARVEST""], [""HARVEST""], [""FERTILIZE""], [""DIG""], [""WATER""], [""WATER""], [""EAST""], [""WATER""], [""WATER""], [""NORTH""]]"	[]
568	23	16	DSM	"[""NORTH""]"	"[[""WATER""], [""HARVEST""], [""DIG""], [""FERTILIZE""], [""NORTH""], [""WATER""], [""HARVEST""], [""EAST""], [""WATER""], [""HARVEST""], [""EAST""]]"	"[[""BUY_SEED"", ""CARROT"", 6]]"
569	23	17	Majkel1337	"[""WATER""]"	"[[""WEST""], [""WEST""], [""DIG""], [""WATER""], [""PLANT"", ""WHEAT""], [""HARVEST""], [""HARVEST""], [""EAST""], [""HARVEST""], [""NORTH""], [""WATER""]]"	"[[""SELL"", ""STRAWBERRY"", 2], [""SELL"", ""WOOL"", 1]]"
569	23	17	DSM	"[""EAST""]"	"[[""NORTH""], [""PLANT"", ""CARROT""], [""PLANT"", ""WHEAT""], [""NORTH""], [""WEST""], [""WEST""], [""PLANT"", ""CARROT""], [""EAST""], [""SOUTH""], [""PLANT"", ""WHEAT""], [""WATER""]]"	"[[""SELL"", ""STRAWBERRY"", 2], [""SELL"", ""MILK"", 2], [""SELL"", ""WOOL"", 1], [""BUY_SEED"", ""WHEAT"", 1]]"
570	23	18	Majkel1337	"[""HARVEST""]"	"[[""WEST""], [""WATER""], [""PLANT"", ""WHEAT""], [""NORTH""], [""WATER""], [""SOUTH""], [""PLANT"", ""WHEAT""], [""EAST""], [""PLANT"", ""WHEAT""], [""EAST""], [""EAST""]]"	"[[""BUY_SEED"", ""WHEAT"", 1]]"
570	23	18	DSM	"[""WATER""]"	"[[""FERTILIZE""], [""WATER""], [""WATER""], [""WATER""], [""WEST""], [""WATER""], [""WATER""], [""DROP""], [""WATER""], [""WATER""], [""SOUTH""]]"	[]
571	23	19	Majkel1337	"[""PLANT"", ""WHEAT""]"	"[[""WEST""], [""HARVEST""], [""WATER""], [""WATER""], [""EAST""], [""EAST""], [""WATER""], [""EAST""], [""WATER""], [""WATER""], [""WATER""]]"	"[[""BUY_SEED"", ""WHEAT"", 1]]"
571	23	19	DSM	"[""HARVEST""]"	"[[""WATER""], [""WEST""], [""NORTH""], [""HARVEST""], [""HARVEST""], [""HARVEST""], [""NORTH""], [""WEST""], [""NORTH""], [""WEST""], [""WATER""]]"	[]
572	23	20	Majkel1337	"[""WATER""]"	"[[""WEST""], [""PLANT"", ""WHEAT""], [""NORTH""], [""HARVEST""], [""EAST""], [""NORTH""], [""EAST""], [""DROP""], [""NORTH""], [""HARVEST""], [""NORTH""]]"	"[[""BUY_SEED"", ""WHEAT"", 1]]"
572	23	20	DSM	"[""PLANT"", ""CARROT""]"	"[[""NORTH""], [""WATER""], [""WATER""], [""WEST""], [""WATER""], [""SOUTH""], [""DROP""], [""COLLECT_FERTILIZER""], [""WEST""], [""WEST""], [""WEST""]]"	"[[""SELL"", ""WHEAT"", 13], [""BUY_SEED"", ""WHEAT"", 1]]"
573	23	21	Majkel1337	"[""NORTH""]"	"[[""WEST""], [""WATER""], [""NORTH""], [""EAST""], [""WATER""], [""EAST""], [""WATER""], [""WEST""], [""WATER""], [""PLANT"", ""WHEAT""], [""WATER""]]"	"[[""SELL"", ""STRAWBERRY"", 2], [""SELL"", ""WOOL"", 2]]"
573	23	21	DSM	"[""WATER""]"	"[[""EAST""], [""HARVEST""], [""SOUTH""], [""WATER""], [""DIG""], [""WATER""], [""SOUTH""], [""HARVEST""], [""WATER""], [""WATER""], [""WATER""]]"	"[[""SELL"", ""STRAWBERRY"", 2], [""SELL"", ""WOOL"", 2]]"
574	23	22	Majkel1337	"[""WATER""]"	"[[""WEST""], [""NORTH""], [""WATER""], [""WATER""], [""WEST""], [""EAST""], [""EAST""], [""COLLECT_FERTILIZER""], [""WEST""], [""WATER""], [""HARVEST""]]"	"[[""SELL"", ""CARROT"", 7], [""SELL"", ""WHEAT"", 5]]"
574	23	22	DSM	"[""NORTH""]"	"[[""FERTILIZE""], [""PLANT"", ""WHEAT""], [""SOUTH""], [""WEST""], [""PLANT"", ""WHEAT""], [""HARVEST""], [""SOUTH""], [""WEST""], [""NORTH""], [""HARVEST""], [""NORTH""]]"	"[[""SELL"", ""CARROT"", 13], [""SELL"", ""TOMATO"", 2], [""SELL"", ""WHEAT"", 1]]"
575	23	23	Majkel1337	"[""EAST""]"	"[[""FERTILIZE""], [""WATER""], [""HARVEST""], [""HARVEST""], [""WATER""], [""WATER""], [""WATER""], [""PASS""], [""WATER""], [""EAST""], [""PASS""]]"	"[[""SELL"", ""MILK"", 6], [""SELL"", ""WOOL"", 2]]"
575	23	23	DSM	"[""WEST""]"	"[[""WEST""], [""WATER""], [""WEST""], [""WATER""], [""WATER""], [""SOUTH""], [""SOUTH""], [""PASS""], [""WATER""], [""SOUTH""], [""WEST""]]"	"[[""SELL"", ""CARROT"", 2], [""SELL"", ""TOMATO"", 1]]"
576	24	0	Majkel1337	"[""HARVEST""]"	[]	"[[""SELL"", ""TOMATO"", 10], [""SELL"", ""FERTILIZER"", 6], [""HIRE""], [""HIRE""], [""HIRE""], [""HIRE""], [""HIRE""], [""HIRE""], [""HIRE""], [""HIRE""]]"
576	24	0	DSM	"[""HARVEST""]"	[]	"[[""SELL"", ""TOMATO"", 8], [""SELL"", ""FERTILIZER"", 2], [""HIRE""], [""HIRE""], [""HIRE""], [""HIRE""], [""HIRE""], [""HIRE""], [""HIRE""], [""HIRE""]]"
577	24	1	Majkel1337	"[""PLACE"", ""MILK"", 2]"	"[[""HARVEST""], [""PICKUP"", ""WHEAT"", 2], [""PICKUP"", ""WHEAT"", 2], [""COLLECT_FERTILIZER""], [""NORTH""], [""WEST""], [""NORTH""], [""NORTH""]]"	"[[""SELL"", ""WOOL"", 1], [""HIRE""], [""HIRE""], [""HIRE""], [""BUY_SEED"", ""CARROT"", 7]]"
577	24	1	DSM	"[""PLACE"", ""MILK"", 2]"	"[[""PICKUP"", ""WHEAT"", 3], [""PICKUP"", ""WHEAT"", 2], [""PICKUP"", ""WHEAT"", 2], [""COLLECT_FERTILIZER""], [""NORTH""], [""WEST""], [""NORTH""], [""NORTH""]]"	"[[""SELL"", ""WOOL"", 1], [""HIRE""], [""HIRE""], [""HIRE""]]"
578	24	2	Majkel1337	"[""WEST""]"	"[[""PLACE"", ""WOOL"", 3], [""FEED""], [""NORTH""], [""WEST""], [""HARVEST""], [""WEST""], [""EAST""], [""WEST""], [""SOUTH""], [""NORTH""], [""NORTH""]]"	"[[""SELL"", ""CARROT"", 8], [""SELL"", ""WHEAT"", 6]]"
578	24	2	DSM	"[""WEST""]"	"[[""FEED""], [""FEED""], [""NORTH""], [""WEST""], [""HARVEST""], [""WEST""], [""EAST""], [""WEST""], [""SOUTH""], [""NORTH""], [""NORTH""]]"	[]
579	24	3	Majkel1337	"[""COLLECT_FERTILIZER""]"	"[[""PICKUP"", ""WHEAT"", 2], [""CARE""], [""EAST""], [""WEST""], [""NORTH""], [""WATER""], [""EAST""], [""WATER""], [""WATER""], [""EAST""], [""COLLECT_FERTILIZER""]]"	[]
579	24	3	DSM	"[""COLLECT_FERTILIZER""]"	"[[""CARE""], [""CARE""], [""EAST""], [""WEST""], [""COLLECT_FERTILIZER""], [""WATER""], [""EAST""], [""WATER""], [""WATER""], [""EAST""], [""COLLECT_FERTILIZER""]]"	[]
580	24	4	Majkel1337	"[""WEST""]"	"[[""FEED""], [""COLLECT_FERTILIZER""], [""FEED""], [""WEST""], [""HARVEST""], [""HARVEST""], [""EAST""], [""HARVEST""], [""HARVEST""], [""COLLECT_FERTILIZER""], [""NORTH""]]"	[]
580	24	4	DSM	"[""WEST""]"	"[[""COLLECT_FERTILIZER""], [""COLLECT_FERTILIZER""], [""FEED""], [""WEST""], [""NORTH""], [""HARVEST""], [""EAST""], [""HARVEST""], [""SOUTH""], [""COLLECT_FERTILIZER""], [""NORTH""]]"	[]
581	24	5	Majkel1337	"[""WEST""]"	"[[""CARE""], [""WEST""], [""CARE""], [""FERTILIZE""], [""COLLECT_FERTILIZER""], [""PLANT"", ""WHEAT""], [""EAST""], [""PLANT"", ""WHEAT""], [""SOUTH""], [""HARVEST""], [""COLLECT_FERTILIZER""]]"	"[[""SELL"", ""WOOL"", 1], [""BUY_SEED"", ""WHEAT"", 1]]"
581	24	5	DSM	"[""WEST""]"	"[[""NORTH""], [""WEST""], [""CARE""], [""FERTILIZE""], [""NORTH""], [""SOUTH""], [""WATER""], [""PLANT"", ""WHEAT""], [""SOUTH""], [""HARVEST""], [""COLLECT_FERTILIZER""]]"	"[[""SELL"", ""WOOL"", 1]]"
582	24	6	Majkel1337	"[""SOUTH""]"	"[[""COLLECT_FERTILIZER""], [""FEED""], [""EAST""], [""WATER""], [""NORTH""], [""WATER""], [""WATER""], [""WATER""], [""WATER""], [""EAST""], [""HARVEST""]]"	"[[""BUY_SEED"", ""WHEAT"", 1]]"
582	24	6	DSM	"[""SOUTH""]"	"[[""FEED""], [""FEED""], [""EAST""], [""WATER""], [""FERTILIZE""], [""EAST""], [""EAST""], [""WATER""], [""WEST""], [""EAST""], [""HARVEST""]]"	[]
583	24	7	Majkel1337	"[""SOUTH""]"	"[[""NORTH""], [""CARE""], [""FEED""], [""NORTH""], [""FERTILIZE""], [""SOUTH""], [""HARVEST""], [""NORTH""], [""SOUTH""], [""HARVEST""], [""NORTH""]]"	[]
583	24	7	DSM	"[""SOUTH""]"	"[[""CARE""], [""CARE""], [""FEED""], [""NORTH""], [""WATER""], [""WATER""], [""WATER""], [""NORTH""], [""WATER""], [""HARVEST""], [""NORTH""]]"	[]
584	24	8	Majkel1337	"[""SOUTH""]"	"[[""FEED""], [""COLLECT_FERTILIZER""], [""CARE""], [""WATER""], [""WATER""], [""WATER""], [""PLANT"", ""CARROT""], [""WATER""], [""WATER""], [""WEST""], [""HARVEST""]]"	"[[""BUY_SEED"", ""WHEAT"", 1]]"
584	24	8	DSM	"[""WEST""]"	"[[""NORTH""], [""COLLECT_FERTILIZER""], [""CARE""], [""HARVEST""], [""NORTH""], [""HARVEST""], [""HARVEST""], [""WATER""], [""SOUTH""], [""WEST""], [""HARVEST""]]"	[]
585	24	9	Majkel1337	"[""SOUTH""]"	"[[""CARE""], [""SOUTH""], [""COLLECT_FERTILIZER""], [""WEST""], [""NORTH""], [""WEST""], [""WATER""], [""HARVEST""], [""WEST""], [""WEST""], [""WATER""]]"	"[[""SELL"", ""WOOL"", 1]]"
585	24	9	DSM	"[""FERTILIZE""]"	"[[""FEED""], [""WEST""], [""COLLECT_FERTILIZER""], [""DIG""], [""WATER""], [""SOUTH""], [""PLANT"", ""CARROT""], [""HARVEST""], [""WATER""], [""WEST""], [""WATER""]]"	"[[""SELL"", ""WOOL"", 1], [""BUY_SEED"", ""WHEAT"", 1]]"
586	24	10	Majkel1337	"[""SOUTH""]"	"[[""COLLECT_FERTILIZER""], [""EAST""], [""NORTH""], [""WATER""], [""WATER""], [""HARVEST""], [""NORTH""], [""WEST""], [""WATER""], [""DROP""], [""NORTH""]]"	[]
586	24	10	DSM	"[""WATER""]"	"[[""CARE""], [""WEST""], [""NORTH""], [""PLANT"", ""CARROT""], [""EAST""], [""WEST""], [""WATER""], [""WEST""], [""HARVEST""], [""DROP""], [""NORTH""]]"	"[[""BUY_SEED"", ""WHEAT"", 1]]"
587	24	11	Majkel1337	"[""FERTILIZE""]"	"[[""EAST""], [""FERTILIZE""], [""NORTH""], [""HARVEST""], [""HARVEST""], [""DIG""], [""NORTH""], [""WEST""], [""HARVEST""], [""WEST""], [""FERTILIZE""]]"	[]
587	24	11	DSM	"[""HARVEST""]"	"[[""COLLECT_FERTILIZER""], [""FERTILIZE""], [""FERTILIZE""], [""WATER""], [""WATER""], [""WEST""], [""NORTH""], [""WATER""], [""WEST""], [""WEST""], [""WEST""]]"	[]
588	24	12	Majkel1337	"[""WATER""]"	"[[""COLLECT_FERTILIZER""], [""WEST""], [""WATER""], [""PLANT"", ""CARROT""], [""PLANT"", ""CARROT""], [""PLANT"", ""CARROT""], [""WATER""], [""WATER""], [""PLANT"", ""CARROT""], [""WEST""], [""WATER""]]"	"[[""BUY_SEED"", ""WHEAT"", 1]]"
588	24	12	DSM	"[""SOUTH""]"	"[[""HARVEST""], [""WATER""], [""WATER""], [""NORTH""], [""HARVEST""], [""WATER""], [""NORTH""], [""HARVEST""], [""WATER""], [""WEST""], [""FERTILIZE""]]"	[]
589	24	13	Majkel1337	"[""NORTH""]"	"[[""HARVEST""], [""FERTILIZE""], [""HARVEST""], [""WATER""], [""WATER""], [""WATER""], [""NORTH""], [""HARVEST""], [""WATER""], [""WEST""], [""WEST""]]"	"[[""SELL"", ""WOOL"", 1]]"
589	24	13	DSM	"[""HARVEST""]"	"[[""EAST""], [""WEST""], [""NORTH""], [""WEST""], [""PLANT"", ""CARROT""], [""HARVEST""], [""WATER""], [""SOUTH""], [""HARVEST""], [""WEST""], [""WATER""]]"	"[[""SELL"", ""WOOL"", 1], [""BUY_SEED"", ""WHEAT"", 1]]"
590	24	14	Majkel1337	"[""WATER""]"	"[[""NORTH""], [""WATER""], [""DIG""], [""NORTH""], [""EAST""], [""WEST""], [""PLANT"", ""CARROT""], [""DIG""], [""SOUTH""], [""COLLECT_FERTILIZER""], [""WATER""]]"	[]
590	24	14	DSM	"[""DIG""]"	"[[""DIG""], [""FERTILIZE""], [""WATER""], [""WATER""], [""WATER""], [""SOUTH""], [""HARVEST""], [""SOUTH""], [""NORTH""], [""COLLECT_FERTILIZER""], [""WEST""]]"	[]
591	24	15	Majkel1337	"[""HARVEST""]"	"[[""NORTH""], [""SOUTH""], [""PLANT"", ""WHEAT""], [""WATER""], [""EAST""], [""WATER""], [""WATER""], [""PLANT"", ""CARROT""], [""WEST""], [""SOUTH""], [""FERTILIZE""]]"	"[[""BUY_SEED"", ""WHEAT"", 1]]"
591	24	15	DSM	"[""PLANT"", ""CARROT""]"	"[[""PLANT"", ""WHEAT""], [""WATER""], [""HARVEST""], [""HARVEST""], [""EAST""], [""WATER""], [""PLANT"", ""WHEAT""], [""EAST""], [""WATER""], [""SOUTH""], [""WATER""]]"	"[[""SELL"", ""WHEAT"", 10], [""BUY_SEED"", ""WHEAT"", 1]]"
592	24	16	Majkel1337	"[""NORTH""]"	"[[""FERTILIZE""], [""WEST""], [""WATER""], [""HARVEST""], [""WATER""], [""NORTH""], [""WEST""], [""WATER""], [""WATER""], [""SOUTH""], [""WEST""]]"	[]
592	24	16	DSM	"[""WATER""]"	"[[""WATER""], [""NORTH""], [""PLANT"", ""WHEAT""], [""PLANT"", ""WHEAT""], [""WATER""], [""HARVEST""], [""WATER""], [""EAST""], [""HARVEST""], [""SOUTH""], [""HARVEST""]]"	"[[""BUY_SEED"", ""WHEAT"", 1]]"
593	24	17	Majkel1337	"[""HARVEST""]"	"[[""WATER""], [""WATER""], [""EAST""], [""PLANT"", ""WHEAT""], [""HARVEST""], [""EAST""], [""PLANT"", ""WHEAT""], [""NORTH""], [""HARVEST""], [""FERTILIZE""], [""WATER""]]"	"[[""SELL"", ""STRAWBERRY"", 2], [""SELL"", ""WOOL"", 2], [""BUY_SEED"", ""WHEAT"", 1]]"
593	24	17	DSM	"[""SOUTH""]"	"[[""NORTH""], [""WATER""], [""WATER""], [""WATER""], [""EAST""], [""WEST""], [""NORTH""], [""DROP""], [""PLANT"", ""WHEAT""], [""SOUTH""], [""PLANT"", ""WHEAT""]]"	"[[""SELL"", ""STRAWBERRY"", 3], [""SELL"", ""WOOL"", 2], [""SELL"", ""MILK"", 2], [""BUY_SEED"", ""WHEAT"", 1]]"
594	24	18	Majkel1337	"[""DIG""]"	"[[""EAST""], [""HARVEST""], [""WATER""], [""WATER""], [""PLANT"", ""WHEAT""], [""EAST""], [""WATER""], [""WATER""], [""PLANT"", ""WHEAT""], [""SOUTH""], [""HARVEST""]]"	"[[""SELL"", ""WHEAT"", 6], [""BUY_SEED"", ""WHEAT"", 1]]"
594	24	18	DSM	"[""WATER""]"	"[[""FERTILIZE""], [""NORTH""], [""EAST""], [""NORTH""], [""WATER""], [""WATER""], [""WATER""], [""NORTH""], [""WATER""], [""SOUTH""], [""WATER""]]"	"[[""SELL"", ""FERTILIZER"", 1]]"
595	24	19	Majkel1337	"[""PLANT"", ""WHEAT""]"	"[[""FERTILIZE""], [""PLANT"", ""WHEAT""], [""NORTH""], [""NORTH""], [""WATER""], [""EAST""], [""NORTH""], [""NORTH""], [""WATER""], [""WEST""], [""PLANT"", ""WHEAT""]]"	"[[""BUY_SEED"", ""WHEAT"", 1]]"
595	24	19	DSM	"[""HARVEST""]"	"[[""WATER""], [""NORTH""], [""WATER""], [""WATER""], [""SOUTH""], [""HARVEST""], [""HARVEST""], [""EAST""], [""SOUTH""], [""SOUTH""], [""WEST""]]"	[]
596	24	20	Majkel1337	"[""WATER""]"	"[[""WATER""], [""WATER""], [""NORTH""], [""NORTH""], [""SOUTH""], [""EAST""], [""WATER""], [""WATER""], [""EAST""], [""WEST""], [""WATER""]]"	[]
596	24	20	DSM	"[""PLANT"", ""WHEAT""]"	"[[""EAST""], [""NORTH""], [""SOUTH""], [""NORTH""], [""WATER""], [""SOUTH""], [""PLANT"", ""WHEAT""], [""EAST""], [""WEST""], [""FERTILIZE""], [""WEST""]]"	"[[""SELL"", ""WHEAT"", 5], [""BUY_SEED"", ""WHEAT"", 1]]"
597	24	21	Majkel1337	"[""WEST""]"	"[[""NORTH""], [""WEST""], [""FERTILIZE""], [""WATER""], [""SOUTH""], [""DROP""], [""EAST""], [""HARVEST""], [""WATER""], [""WATER""], [""SOUTH""]]"	"[[""SELL"", ""MILK"", 3], [""SELL"", ""STRAWBERRY"", 3], [""SELL"", ""WOOL"", 2]]"
597	24	21	DSM	"[""WATER""]"	"[[""WATER""], [""EAST""], [""WATER""], [""WATER""], [""HARVEST""], [""WATER""], [""WATER""], [""COLLECT_FERTILIZER""], [""WATER""], [""NORTH""], [""FERTILIZE""]]"	"[[""SELL"", ""STRAWBERRY"", 3], [""SELL"", ""WOOL"", 2], [""SELL"", ""MILK"", 2]]"
598	24	22	Majkel1337	"[""SOUTH""]"	"[[""EAST""], [""SOUTH""], [""EAST""], [""SOUTH""], [""SOUTH""], [""NORTH""], [""WATER""], [""SOUTH""], [""NORTH""], [""SOUTH""], [""EAST""]]"	"[[""SELL"", ""CARROT"", 12], [""SELL"", ""WHEAT"", 5], [""SELL"", ""TOMATO"", 2], [""SELL"", ""FERTILIZER"", 1]]"
598	24	22	DSM	"[""NORTH""]"	"[[""NORTH""], [""WATER""], [""EAST""], [""EAST""], [""PLANT"", ""WHEAT""], [""NORTH""], [""NORTH""], [""WEST""], [""NORTH""], [""NORTH""], [""EAST""]]"	"[[""SELL"", ""CARROT"", 1], [""SELL"", ""TOMATO"", 1], [""SELL"", ""WOOL"", 2]]"
599	24	23	Majkel1337	"[""WATER""]"	"[[""WEST""], [""WEST""], [""WEST""], [""WATER""], [""EAST""], [""PASS""], [""WEST""], [""EAST""], [""WEST""], [""WATER""], [""WATER""]]"	"[[""SELL"", ""WOOL"", 3]]"
599	24	23	DSM	"[""EAST""]"	"[[""EAST""], [""EAST""], [""WATER""], [""WATER""], [""WATER""], [""EAST""], [""WATER""], [""WEST""], [""EAST""], [""WATER""], [""HARVEST""]]"	"[[""SELL"", ""WOOL"", 2]]"
600	25	0	Majkel1337	"[""PICKUP"", ""WHEAT"", 2]"	[]	"[[""SELL"", ""TOMATO"", 10], [""HIRE""], [""HIRE""], [""HIRE""], [""HIRE""], [""HIRE""], [""HIRE""], [""HIRE""], [""HIRE""], [""BUY_PRODUCT"", ""WHEAT"", 12]]"
600	25	0	DSM	"[""PICKUP"", ""WHEAT"", 2]"	[]	"[[""SELL"", ""TOMATO"", 13], [""SELL"", ""FERTILIZER"", 2], [""HIRE""], [""HIRE""], [""HIRE""], [""HIRE""], [""HIRE""], [""HIRE""], [""HIRE""], [""HIRE""]]"
601	25	1	Majkel1337	"[""WEST""]"	"[[""PICKUP"", ""WHEAT"", 3], [""HARVEST""], [""PICKUP"", ""WHEAT"", 2], [""PICKUP"", ""WHEAT"", 3], [""PICKUP"", ""WHEAT"", 2], [""WEST""], [""SOUTH""], [""WEST""]]"	"[[""SELL"", ""WOOL"", 1], [""HIRE""], [""HIRE""], [""HIRE""], [""BUY_SEED"", ""WHEAT"", 1], [""BUY_SEED"", ""CARROT"", 7]]"
601	25	1	DSM	"[""WEST""]"	"[[""PICKUP"", ""WHEAT"", 3], [""PICKUP"", ""WHEAT"", 2], [""PICKUP"", ""WHEAT"", 2], [""PICKUP"", ""WHEAT"", 3], [""PICKUP"", ""WHEAT"", 2], [""WEST""], [""SOUTH""], [""WEST""]]"	"[[""SELL"", ""WOOL"", 1], [""HIRE""], [""HIRE""], [""HIRE""]]"
602	25	2	Majkel1337	"[""FEED""]"	"[[""FEED""], [""PLACE"", ""WOOL"", 3], [""NORTH""], [""FEED""], [""NORTH""], [""HARVEST""], [""SOUTH""], [""WEST""], [""COLLECT_FERTILIZER""], [""CARE""], [""NORTH""]]"	"[[""SELL"", ""WHEAT"", 7], [""SELL"", ""CARROT"", 5], [""SELL"", ""FERTILIZER"", 1]]"
602	25	2	DSM	"[""FEED""]"	"[[""FEED""], [""FEED""], [""NORTH""], [""FEED""], [""NORTH""], [""HARVEST""], [""SOUTH""], [""WEST""], [""COLLECT_FERTILIZER""], [""CARE""], [""NORTH""]]"	[]
603	25	3	Majkel1337	"[""CARE""]"	"[[""CARE""], [""COLLECT_FERTILIZER""], [""EAST""], [""CARE""], [""NORTH""], [""SOUTH""], [""WEST""], [""WEST""], [""NORTH""], [""COLLECT_FERTILIZER""], [""EAST""]]"	[]
603	25	3	DSM	"[""CARE""]"	"[[""CARE""], [""WEST""], [""EAST""], [""CARE""], [""NORTH""], [""EAST""], [""SOUTH""], [""WEST""], [""NORTH""], [""COLLECT_FERTILIZER""], [""EAST""]]"	[]
604	25	4	Majkel1337	"[""WEST""]"	"[[""COLLECT_FERTILIZER""], [""SOUTH""], [""FEED""], [""NORTH""], [""FEED""], [""WATER""], [""WATER""], [""WATER""], [""NORTH""], [""WEST""], [""CARE""]]"	[]
604	25	4	DSM	"[""WEST""]"	"[[""COLLECT_FERTILIZER""], [""FEED""], [""FEED""], [""NORTH""], [""FEED""], [""PLACE"", ""MILK"", 3], [""WEST""], [""WATER""], [""NORTH""], [""WEST""], [""CARE""]]"	[]
605	25	5	Majkel1337	"[""FEED""]"	"[[""NORTH""], [""SOUTH""], [""EAST""], [""FEED""], [""CARE""], [""HARVEST""], [""HARVEST""], [""HARVEST""], [""WEST""], [""COLLECT_FERTILIZER""], [""COLLECT_FERTILIZER""]]"	"[[""SELL"", ""WOOL"", 1]]"
605	25	5	DSM	"[""FEED""]"	"[[""NORTH""], [""CARE""], [""EAST""], [""FEED""], [""CARE""], [""HARVEST""], [""WATER""], [""HARVEST""], [""WEST""], [""WEST""], [""COLLECT_FERTILIZER""]]"	"[[""SELL"", ""MILK"", 9], [""SELL"", ""WOOL"", 1]]"
606	25	6	Majkel1337	"[""CARE""]"	"[[""FEED""], [""SOUTH""], [""FEED""], [""CARE""], [""COLLECT_FERTILIZER""], [""PLANT"", ""WHEAT""], [""PLANT"", ""CARROT""], [""PLANT"", ""WHEAT""], [""FERTILIZE""], [""WEST""], [""NORTH""]]"	"[[""SELL"", ""WHEAT"", 5], [""BUY_SEED"", ""WHEAT"", 1]]"
606	25	6	DSM	"[""CARE""]"	"[[""FEED""], [""COLLECT_FERTILIZER""], [""FEED""], [""CARE""], [""COLLECT_FERTILIZER""], [""PLACE"", ""WOOL"", 3], [""WEST""], [""PLANT"", ""WHEAT""], [""FERTILIZE""], [""FERTILIZE""], [""EAST""]]"	"[[""SELL"", ""WHEAT"", 3], [""BUY_SEED"", ""WHEAT"", 1]]"
607	25	7	Majkel1337	"[""COLLECT_FERTILIZER""]"	"[[""CARE""], [""FERTILIZE""], [""CARE""], [""COLLECT_FERTILIZER""], [""EAST""], [""WATER""], [""WATER""], [""WATER""], [""WATER""], [""WEST""], [""EAST""]]"	"[[""BUY_SEED"", ""WHEAT"", 1]]"
607	25	7	DSM	"[""COLLECT_FERTILIZER""]"	"[[""CARE""], [""SOUTH""], [""CARE""], [""COLLECT_FERTILIZER""], [""NORTH""], [""SOUTH""], [""WATER""], [""WATER""], [""WATER""], [""WATER""], [""EAST""]]"	[]
608	25	8	Majkel1337	"[""NORTH""]"	"[[""COLLECT_FERTILIZER""], [""WATER""], [""COLLECT_FERTILIZER""], [""NORTH""], [""FEED""], [""WEST""], [""NORTH""], [""WEST""], [""NORTH""], [""FERTILIZE""], [""FERTILIZE""]]"	[]
608	25	8	DSM	"[""NORTH""]"	"[[""COLLECT_FERTILIZER""], [""WATER""], [""COLLECT_FERTILIZER""], [""NORTH""], [""WATER""], [""WATER""], [""HARVEST""], [""WEST""], [""NORTH""], [""WEST""], [""FERTILIZE""]]"	[]
609	25	9	Majkel1337	"[""FERTILIZE""]"	"[[""EAST""], [""WEST""], [""EAST""], [""FEED""], [""CARE""], [""WATER""], [""WATER""], [""WATER""], [""WATER""], [""WATER""], [""WATER""]]"	"[[""SELL"", ""STRAWBERRY"", 2], [""SELL"", ""WOOL"", 1]]"
609	25	9	DSM	"[""FERTILIZE""]"	"[[""EAST""], [""WEST""], [""NORTH""], [""FEED""], [""HARVEST""], [""SOUTH""], [""PLANT"", ""WHEAT""], [""WATER""], [""WATER""], [""WATER""], [""WATER""]]"	"[[""SELL"", ""STRAWBERRY"", 3], [""SELL"", ""WOOL"", 1], [""BUY_SEED"", ""WHEAT"", 1]]"
610	25	10	Majkel1337	"[""WATER""]"	"[[""FEED""], [""WEST""], [""FERTILIZE""], [""CARE""], [""COLLECT_FERTILIZER""], [""NORTH""], [""HARVEST""], [""HARVEST""], [""NORTH""], [""WEST""], [""EAST""]]"	[]
610	25	10	DSM	"[""WATER""]"	"[[""FEED""], [""FERTILIZE""], [""NORTH""], [""CARE""], [""PLANT"", ""WHEAT""], [""WATER""], [""WATER""], [""SOUTH""], [""NORTH""], [""HARVEST""], [""NORTH""]]"	"[[""BUY_SEED"", ""WHEAT"", 1]]"
611	25	11	Majkel1337	"[""NORTH""]"	"[[""CARE""], [""WATER""], [""WATER""], [""COLLECT_FERTILIZER""], [""NORTH""], [""EAST""], [""NORTH""], [""PLANT"", ""CARROT""], [""WATER""], [""WATER""], [""WATER""]]"	"[[""SELL"", ""WHEAT"", 3], [""BUY_SEED"", ""WHEAT"", 1]]"
611	25	11	DSM	"[""NORTH""]"	"[[""CARE""], [""WATER""], [""EAST""], [""COLLECT_FERTILIZER""], [""WATER""], [""HARVEST""], [""SOUTH""], [""WATER""], [""WATER""], [""PLANT"", ""WHEAT""], [""WATER""]]"	"[[""SELL"", ""WHEAT"", 2], [""BUY_SEED"", ""WHEAT"", 1]]"
612	25	12	Majkel1337	"[""WATER""]"	"[[""COLLECT_FERTILIZER""], [""HARVEST""], [""NORTH""], [""NORTH""], [""WATER""], [""EAST""], [""DROP""], [""WATER""], [""HARVEST""], [""SOUTH""], [""HARVEST""]]"	"[[""BUY_SEED"", ""WHEAT"", 1]]"
612	25	12	DSM	"[""WATER""]"	"[[""COLLECT_FERTILIZER""], [""SOUTH""], [""FERTILIZE""], [""NORTH""], [""EAST""], [""PLANT"", ""WHEAT""], [""HARVEST""], [""HARVEST""], [""HARVEST""], [""WATER""], [""HARVEST""]]"	"[[""BUY_SEED"", ""WHEAT"", 1], [""BUY_SEED"", ""CARROT"", 6]]"
613	25	13	Majkel1337	"[""NORTH""]"	"[[""NORTH""], [""PLANT"", ""CARROT""], [""EAST""], [""WATER""], [""HARVEST""], [""DROP""], [""SOUTH""], [""NORTH""], [""EAST""], [""WATER""], [""PLANT"", ""WHEAT""]]"	"[[""SELL"", ""STRAWBERRY"", 2], [""SELL"", ""WOOL"", 2], [""BUY_SEED"", ""WHEAT"", 1]]"
613	25	13	DSM	"[""WEST""]"	"[[""EAST""], [""WATER""], [""WATER""], [""WATER""], [""WATER""], [""WATER""], [""DIG""], [""PLANT"", ""WHEAT""], [""EAST""], [""SOUTH""], [""PLANT"", ""WHEAT""]]"	"[[""SELL"", ""STRAWBERRY"", 2], [""SELL"", ""WHEAT"", 1], [""SELL"", ""WOOL"", 1], [""BUY_SEED"", ""WHEAT"", 1]]"
614	25	14	Majkel1337	"[""WATER""]"	"[[""EAST""], [""WATER""], [""WATER""], [""NORTH""], [""PLANT"", ""WHEAT""], [""NORTH""], [""SOUTH""], [""EAST""], [""WATER""], [""HARVEST""], [""WATER""]]"	[]
614	25	14	DSM	"[""WATER""]"	"[[""EAST""], [""WEST""], [""HARVEST""], [""WEST""], [""HARVEST""], [""WEST""], [""PLANT"", ""CARROT""], [""WATER""], [""WATER""], [""WATER""], [""WATER""]]"	"[[""BUY_SEED"", ""WHEAT"", 1], [""BUY_SEED"", ""CARROT"", 6]]"
615	25	15	Majkel1337	"[""HARVEST""]"	"[[""EAST""], [""WEST""], [""HARVEST""], [""WEST""], [""WATER""], [""NORTH""], [""WEST""], [""WATER""], [""HARVEST""], [""SOUTH""], [""NORTH""]]"	[]
615	25	15	DSM	"[""HARVEST""]"	"[[""EAST""], [""HARVEST""], [""NORTH""], [""WEST""], [""PLANT"", ""CARROT""], [""WATER""], [""WATER""], [""EAST""], [""EAST""], [""WEST""], [""WEST""]]"	[]
616	25	16	Majkel1337	"[""PLANT"", ""CARROT""]"	"[[""FERTILIZE""], [""WATER""], [""PLANT"", ""CARROT""], [""WEST""], [""WEST""], [""NORTH""], [""WATER""], [""HARVEST""], [""WEST""], [""WATER""], [""WATER""]]"	"[[""SELL"", ""WHEAT"", 10], [""BUY_SEED"", ""WHEAT"", 1]]"
616	25	16	DSM	"[""PLANT"", ""CARROT""]"	"[[""FERTILIZE""], [""DIG""], [""NORTH""], [""WEST""], [""WATER""], [""HARVEST""], [""WEST""], [""EAST""], [""WATER""], [""HARVEST""], [""WATER""]]"	"[[""BUY_SEED"", ""WHEAT"", 1]]"
617	25	17	Majkel1337	"[""WATER""]"	"[[""NORTH""], [""HARVEST""], [""WATER""], [""WEST""], [""WATER""], [""NORTH""], [""HARVEST""], [""SOUTH""], [""WEST""], [""HARVEST""], [""HARVEST""]]"	"[[""SELL"", ""STRAWBERRY"", 2], [""SELL"", ""WOOL"", 1]]"
617	25	17	DSM	"[""WATER""]"	"[[""WATER""], [""PLANT"", ""CARROT""], [""WATER""], [""FERTILIZE""], [""SOUTH""], [""PLANT"", ""WHEAT""], [""WATER""], [""EAST""], [""HARVEST""], [""DIG""], [""HARVEST""]]"	"[[""SELL"", ""STRAWBERRY"", 3], [""SELL"", ""WOOL"", 1]]"
618	25	18	Majkel1337	"[""WEST""]"	"[[""NORTH""], [""SOUTH""], [""NORTH""], [""FERTILIZE""], [""HARVEST""], [""WEST""], [""PLANT"", ""WHEAT""], [""EAST""], [""WEST""], [""SOUTH""], [""NORTH""]]"	[]
618	25	18	DSM	"[""SOUTH""]"	"[[""NORTH""], [""WATER""], [""WEST""], [""WATER""], [""SOUTH""], [""WATER""], [""WEST""], [""EAST""], [""PLANT"", ""CARROT""], [""PLANT"", ""CARROT""], [""PLANT"", ""WHEAT""]]"	"[[""BUY_SEED"", ""WHEAT"", 1]]"
619	25	19	Majkel1337	"[""WATER""]"	"[[""EAST""], [""WATER""], [""WATER""], [""WATER""], [""PLANT"", ""WHEAT""], [""WEST""], [""WATER""], [""EAST""], [""WATER""], [""WATER""], [""WEST""]]"	[]
619	25	19	DSM	"[""WEST""]"	"[[""NORTH""], [""SOUTH""], [""WATER""], [""NORTH""], [""SOUTH""], [""SOUTH""], [""WATER""], [""DROP""], [""WATER""], [""WATER""], [""WATER""]]"	[]
620	25	20	Majkel1337	"[""WEST""]"	"[[""FERTILIZE""], [""HARVEST""], [""NORTH""], [""WEST""], [""WATER""], [""WEST""], [""SOUTH""], [""EAST""], [""WEST""], [""HARVEST""], [""WATER""]]"	[]
620	25	20	DSM	"[""WATER""]"	"[[""NORTH""], [""WATER""], [""HARVEST""], [""FERTILIZE""], [""WEST""], [""WEST""], [""HARVEST""], [""NORTH""], [""WEST""], [""NORTH""], [""NORTH""]]"	[]
621	25	21	Majkel1337	"[""WATER""]"	"[[""WATER""], [""PLANT"", ""CARROT""], [""NORTH""], [""FERTILIZE""], [""NORTH""], [""WEST""], [""SOUTH""], [""DROP""], [""WATER""], [""PLANT"", ""CARROT""], [""HARVEST""]]"	"[[""SELL"", ""STRAWBERRY"", 2], [""SELL"", ""WOOL"", 2]]"
621	25	21	DSM	"[""NORTH""]"	"[[""FERTILIZE""], [""HARVEST""], [""PLANT"", ""CARROT""], [""WATER""], [""DROP""], [""NORTH""], [""PLANT"", ""CARROT""], [""WEST""], [""SOUTH""], [""NORTH""], [""NORTH""]]"	"[[""SELL"", ""STRAWBERRY"", 3], [""SELL"", ""WOOL"", 2]]"
622	25	22	Majkel1337	"[""SOUTH""]"	"[[""WEST""], [""WATER""], [""WEST""], [""EAST""], [""EAST""], [""SOUTH""], [""WATER""], [""WEST""], [""EAST""], [""WATER""], [""PLANT"", ""WHEAT""]]"	"[[""SELL"", ""MILK"", 4], [""SELL"", ""TOMATO"", 4], [""SELL"", ""WHEAT"", 7], [""SELL"", ""CARROT"", 5]]"
622	25	22	DSM	"[""NORTH""]"	"[[""WATER""], [""SOUTH""], [""WATER""], [""WEST""], [""WEST""], [""SOUTH""], [""WATER""], [""COLLECT_FERTILIZER""], [""WEST""], [""NORTH""], [""WATER""]]"	"[[""SELL"", ""WHEAT"", 13], [""SELL"", ""CARROT"", 9], [""SELL"", ""TOMATO"", 2], [""SELL"", ""FERTILIZER"", 1]]"
623	25	23	Majkel1337	"[""WATER""]"	"[[""WATER""], [""WEST""], [""WATER""], [""EAST""], [""WATER""], [""EAST""], [""WEST""], [""COLLECT_FERTILIZER""], [""EAST""], [""SOUTH""], [""WATER""]]"	"[[""SELL"", ""MILK"", 4], [""SELL"", ""WOOL"", 2]]"
623	25	23	DSM	"[""HARVEST""]"	"[[""SOUTH""], [""WEST""], [""SOUTH""], [""WATER""], [""PASS""], [""WATER""], [""WEST""], [""PASS""], [""WEST""], [""NORTH""], [""EAST""]]"	"[[""SELL"", ""WHEAT"", 10]]"
624	26	0	Majkel1337	"[""HARVEST""]"	[]	"[[""SELL"", ""WHEAT"", 14], [""SELL"", ""FERTILIZER"", 4], [""HIRE""], [""HIRE""], [""HIRE""], [""HIRE""], [""HIRE""], [""HIRE""], [""HIRE""], [""HIRE""]]"
624	26	0	DSM	"[""HARVEST""]"	[]	"[[""SELL"", ""TOMATO"", 6], [""SELL"", ""FERTILIZER"", 2], [""HIRE""], [""HIRE""], [""HIRE""], [""HIRE""], [""HIRE""], [""HIRE""], [""HIRE""], [""HIRE""]]"
625	26	1	Majkel1337	"[""PLACE"", ""MILK"", 2]"	"[[""PICKUP"", ""WHEAT"", 2], [""PICKUP"", ""WHEAT"", 2], [""PICKUP"", ""WHEAT"", 2], [""COLLECT_FERTILIZER""], [""NORTH""], [""WEST""], [""NORTH""], [""NORTH""]]"	"[[""SELL"", ""WOOL"", 1], [""HIRE""], [""HIRE""], [""HIRE""], [""BUY_SEED"", ""CARROT"", 8]]"
625	26	1	DSM	"[""PLACE"", ""MILK"", 2]"	"[[""HARVEST""], [""PICKUP"", ""WHEAT"", 2], [""PICKUP"", ""WHEAT"", 2], [""COLLECT_FERTILIZER""], [""NORTH""], [""WEST""], [""NORTH""], [""NORTH""]]"	"[[""SELL"", ""WOOL"", 1], [""HIRE""], [""HIRE""], [""HIRE""]]"
626	26	2	Majkel1337	"[""PICKUP"", ""WHEAT"", 2]"	"[[""FEED""], [""FEED""], [""NORTH""], [""NORTH""], [""HARVEST""], [""WEST""], [""EAST""], [""WEST""], [""SOUTH""], [""NORTH""], [""NORTH""]]"	"[[""SELL"", ""TOMATO"", 8], [""SELL"", ""WOOL"", 1]]"
626	26	2	DSM	"[""PICKUP"", ""WHEAT"", 2]"	"[[""PLACE"", ""WOOL"", 3], [""FEED""], [""NORTH""], [""NORTH""], [""HARVEST""], [""WEST""], [""EAST""], [""WEST""], [""SOUTH""], [""NORTH""], [""NORTH""]]"	"[[""SELL"", ""WHEAT"", 10]]"
627	26	3	Majkel1337	"[""FEED""]"	"[[""CARE""], [""CARE""], [""EAST""], [""WEST""], [""NORTH""], [""WEST""], [""EAST""], [""WEST""], [""WATER""], [""EAST""], [""COLLECT_FERTILIZER""]]"	[]
627	26	3	DSM	"[""FEED""]"	"[[""PICKUP"", ""WHEAT"", 3], [""CARE""], [""EAST""], [""WEST""], [""SOUTH""], [""WATER""], [""EAST""], [""WEST""], [""WATER""], [""EAST""], [""COLLECT_FERTILIZER""]]"	[]
628	26	4	Majkel1337	"[""CARE""]"	"[[""COLLECT_FERTILIZER""], [""COLLECT_FERTILIZER""], [""FEED""], [""FERTILIZE""], [""HARVEST""], [""WATER""], [""EAST""], [""WATER""], [""HARVEST""], [""COLLECT_FERTILIZER""], [""NORTH""]]"	[]
628	26	4	DSM	"[""CARE""]"	"[[""FEED""], [""COLLECT_FERTILIZER""], [""FEED""], [""FERTILIZE""], [""PLACE"", ""MILK"", 3], [""HARVEST""], [""EAST""], [""WATER""], [""HARVEST""], [""COLLECT_FERTILIZER""], [""NORTH""]]"	[]
629	26	5	Majkel1337	"[""NORTH""]"	"[[""NORTH""], [""WEST""], [""CARE""], [""WATER""], [""COLLECT_FERTILIZER""], [""HARVEST""], [""WATER""], [""HARVEST""], [""SOUTH""], [""NORTH""], [""COLLECT_FERTILIZER""]]"	"[[""SELL"", ""STRAWBERRY"", 2], [""SELL"", ""WOOL"", 1]]"
629	26	5	DSM	"[""NORTH""]"	"[[""CARE""], [""WEST""], [""CARE""], [""WATER""], [""PICKUP"", ""WHEAT"", 2], [""SOUTH""], [""WATER""], [""HARVEST""], [""PLANT"", ""CARROT""], [""NORTH""], [""COLLECT_FERTILIZER""]]"	"[[""SELL"", ""MILK"", 6], [""SELL"", ""WOOL"", 1]]"
630	26	6	Majkel1337	"[""NORTH""]"	"[[""FEED""], [""FEED""], [""EAST""], [""NORTH""], [""NORTH""], [""PLANT"", ""WHEAT""], [""HARVEST""], [""PLANT"", ""WHEAT""], [""SOUTH""], [""NORTH""], [""HARVEST""]]"	"[[""SELL"", ""WHEAT"", 6], [""BUY_SEED"", ""WHEAT"", 1]]"
630	26	6	DSM	"[""NORTH""]"	"[[""COLLECT_FERTILIZER""], [""FEED""], [""EAST""], [""NORTH""], [""NORTH""], [""WATER""], [""HARVEST""], [""PLANT"", ""WHEAT""], [""WATER""], [""NORTH""], [""HARVEST""]]"	"[[""SELL"", ""WHEAT"", 3], [""BUY_SEED"", ""WHEAT"", 1]]"
631	26	7	Majkel1337	"[""FEED""]"	"[[""CARE""], [""CARE""], [""FEED""], [""WATER""], [""NORTH""], [""WATER""], [""PLANT"", ""WHEAT""], [""WATER""], [""WATER""], [""EAST""], [""NORTH""]]"	"[[""BUY_SEED"", ""WHEAT"", 1]]"
631	26	7	DSM	"[""FEED""]"	"[[""NORTH""], [""CARE""], [""FEED""], [""WATER""], [""NORTH""], [""HARVEST""], [""PLANT"", ""WHEAT""], [""WATER""], [""SOUTH""], [""FERTILIZE""], [""NORTH""]]"	"[[""BUY_SEED"", ""WHEAT"", 1]]"
632	26	8	Majkel1337	"[""CARE""]"	"[[""COLLECT_FERTILIZER""], [""COLLECT_FERTILIZER""], [""CARE""], [""HARVEST""], [""FERTILIZE""], [""WEST""], [""WATER""], [""WEST""], [""HARVEST""], [""FERTILIZE""], [""HARVEST""]]"	[]
632	26	8	DSM	"[""CARE""]"	"[[""FEED""], [""COLLECT_FERTILIZER""], [""CARE""], [""HARVEST""], [""FEED""], [""PLANT"", ""WHEAT""], [""WATER""], [""WEST""], [""SOUTH""], [""WATER""], [""HARVEST""]]"	"[[""SELL"", ""WHEAT"", 2], [""BUY_SEED"", ""WHEAT"", 1]]"
633	26	9	Majkel1337	"[""SOUTH""]"	"[[""WEST""], [""WEST""], [""COLLECT_FERTILIZER""], [""DIG""], [""WATER""], [""WATER""], [""EAST""], [""WATER""], [""WEST""], [""WATER""], [""DIG""]]"	"[[""SELL"", ""STRAWBERRY"", 2], [""SELL"", ""WOOL"", 1]]"
633	26	9	DSM	"[""SOUTH""]"	"[[""CARE""], [""SOUTH""], [""COLLECT_FERTILIZER""], [""DIG""], [""CARE""], [""WATER""], [""EAST""], [""WATER""], [""WATER""], [""EAST""], [""DIG""]]"	"[[""SELL"", ""STRAWBERRY"", 2], [""SELL"", ""WOOL"", 1]]"
634	26	10	Majkel1337	"[""SOUTH""]"	"[[""WEST""], [""FERTILIZE""], [""EAST""], [""PLANT"", ""CARROT""], [""EAST""], [""HARVEST""], [""WATER""], [""HARVEST""], [""WATER""], [""EAST""], [""PLANT"", ""CARROT""]]"	[]
634	26	10	DSM	"[""SOUTH""]"	"[[""COLLECT_FERTILIZER""], [""FERTILIZE""], [""NORTH""], [""PLANT"", ""CARROT""], [""COLLECT_FERTILIZER""], [""WEST""], [""WATER""], [""WEST""], [""HARVEST""], [""NORTH""], [""PLANT"", ""CARROT""]]"	[]
635	26	11	Majkel1337	"[""WEST""]"	"[[""WEST""], [""WATER""], [""NORTH""], [""WATER""], [""WATER""], [""PLANT"", ""WHEAT""], [""HARVEST""], [""WEST""], [""HARVEST""], [""WATER""], [""WATER""]]"	"[[""SELL"", ""WHEAT"", 4], [""BUY_SEED"", ""WHEAT"", 1]]"
635	26	11	DSM	"[""WEST""]"	"[[""EAST""], [""WATER""], [""NORTH""], [""WATER""], [""HARVEST""], [""WATER""], [""HARVEST""], [""WATER""], [""PLANT"", ""CARROT""], [""WATER""], [""WATER""]]"	"[[""BUY_SEED"", ""WHEAT"", 1], [""BUY_SEED"", ""CARROT"", 6]]"
636	26	12	Majkel1337	"[""COLLECT_FERTILIZER""]"	"[[""WEST""], [""SOUTH""], [""NORTH""], [""NORTH""], [""HARVEST""], [""WATER""], [""PLANT"", ""WHEAT""], [""WATER""], [""PLANT"", ""CARROT""], [""HARVEST""], [""WEST""]]"	"[[""BUY_SEED"", ""WHEAT"", 1], [""BUY_SEED"", ""CARROT"", 6]]"
636	26	12	DSM	"[""COLLECT_FERTILIZER""]"	"[[""FEED""], [""SOUTH""], [""FERTILIZE""], [""NORTH""], [""NORTH""], [""HARVEST""], [""PLANT"", ""CARROT""], [""HARVEST""], [""WATER""], [""HARVEST""], [""NORTH""]]"	"[[""BUY_SEED"", ""WHEAT"", 1]]"
637	26	13	Majkel1337	"[""WEST""]"	"[[""FERTILIZE""], [""WEST""], [""EAST""], [""HARVEST""], [""PLANT"", ""CARROT""], [""SOUTH""], [""WATER""], [""NORTH""], [""WATER""], [""NORTH""], [""WEST""]]"	"[[""SELL"", ""STRAWBERRY"", 2], [""SELL"", ""WOOL"", 1]]"
637	26	13	DSM	"[""WEST""]"	"[[""CARE""], [""WEST""], [""WATER""], [""HARVEST""], [""NORTH""], [""PLANT"", ""CARROT""], [""WATER""], [""PLANT"", ""CARROT""], [""WEST""], [""PLANT"", ""CARROT""], [""FERTILIZE""]]"	"[[""SELL"", ""CARROT"", 13], [""SELL"", ""WHEAT"", 1], [""BUY_SEED"", ""WHEAT"", 1]]"
638	26	14	Majkel1337	"[""COLLECT_FERTILIZER""]"	"[[""SOUTH""], [""WEST""], [""FERTILIZE""], [""DIG""], [""WATER""], [""WATER""], [""WEST""], [""WATER""], [""SOUTH""], [""WATER""], [""WEST""]]"	[]
638	26	14	DSM	"[""WEST""]"	"[[""COLLECT_FERTILIZER""], [""SOUTH""], [""EAST""], [""DIG""], [""EAST""], [""WATER""], [""NORTH""], [""WATER""], [""WEST""], [""WATER""], [""WATER""]]"	"[[""BUY_SEED"", ""CARROT"", 6]]"
639	26	15	Majkel1337	"[""NORTH""]"	"[[""SOUTH""], [""FERTILIZE""], [""WATER""], [""PLANT"", ""CARROT""], [""EAST""], [""HARVEST""], [""WEST""], [""HARVEST""], [""WATER""], [""HARVEST""], [""FERTILIZE""]]"	[]
639	26	15	DSM	"[""WEST""]"	"[[""NORTH""], [""WEST""], [""WATER""], [""PLANT"", ""CARROT""], [""WATER""], [""NORTH""], [""WATER""], [""NORTH""], [""WATER""], [""EAST""], [""WEST""]]"	[]
640	26	16	Majkel1337	"[""NORTH""]"	"[[""SOUTH""], [""SOUTH""], [""NORTH""], [""WATER""], [""WATER""], [""EAST""], [""WEST""], [""PLANT"", ""CARROT""], [""HARVEST""], [""PLANT"", ""CARROT""], [""WATER""]]"	"[[""SELL"", ""WHEAT"", 3], [""BUY_SEED"", ""WHEAT"", 1]]"
640	26	16	DSM	"[""FERTILIZE""]"	"[[""EAST""], [""FERTILIZE""], [""HARVEST""], [""WATER""], [""EAST""], [""EAST""], [""HARVEST""], [""WATER""], [""SOUTH""], [""WATER""], [""WATER""]]"	[]
641	26	17	Majkel1337	"[""FERTILIZE""]"	"[[""SOUTH""], [""WATER""], [""WATER""], [""NORTH""], [""HARVEST""], [""EAST""], [""WEST""], [""WATER""], [""PLANT"", ""CARROT""], [""WATER""], [""NORTH""]]"	"[[""SELL"", ""STRAWBERRY"", 2]]"
641	26	17	DSM	"[""WATER""]"	"[[""EAST""], [""WATER""], [""EAST""], [""WEST""], [""EAST""], [""EAST""], [""PLANT"", ""CARROT""], [""NORTH""], [""HARVEST""], [""NORTH""], [""WEST""]]"	"[[""SELL"", ""STRAWBERRY"", 3], [""SELL"", ""WOOL"", 1]]"
642	26	18	Majkel1337	"[""WATER""]"	"[[""WEST""], [""HARVEST""], [""NORTH""], [""WATER""], [""PLANT"", ""CARROT""], [""WATER""], [""DROP""], [""NORTH""], [""WATER""], [""NORTH""], [""WATER""]]"	[]
642	26	18	DSM	"[""SOUTH""]"	"[[""EAST""], [""WEST""], [""WATER""], [""DIG""], [""FERTILIZE""], [""EAST""], [""WATER""], [""PLANT"", ""CARROT""], [""DIG""], [""EAST""], [""FERTILIZE""]]"	[]
643	26	19	Majkel1337	"[""WEST""]"	"[[""FERTILIZE""], [""SOUTH""], [""WATER""], [""EAST""], [""WATER""], [""HARVEST""], [""NORTH""], [""WATER""], [""WEST""], [""WATER""], [""HARVEST""]]"	"[[""SELL"", ""WHEAT"", 5]]"
643	26	19	DSM	"[""SOUTH""]"	"[[""NORTH""], [""WATER""], [""HARVEST""], [""PLANT"", ""CARROT""], [""WATER""], [""DROP""], [""SOUTH""], [""WATER""], [""PLANT"", ""CARROT""], [""WATER""], [""WATER""]]"	[]
644	26	20	Majkel1337	"[""FERTILIZE""]"	"[[""EAST""], [""SOUTH""], [""HARVEST""], [""WATER""], [""SOUTH""], [""WEST""], [""EAST""], [""HARVEST""], [""WATER""], [""HARVEST""], [""EAST""]]"	[]
644	26	20	DSM	"[""SOUTH""]"	"[[""FERTILIZE""], [""SOUTH""], [""PLANT"", ""CARROT""], [""WATER""], [""HARVEST""], [""SOUTH""], [""WEST""], [""NORTH""], [""WATER""], [""HARVEST""], [""WEST""]]"	[]
645	26	21	Majkel1337	"[""WATER""]"	"[[""WATER""], [""DIG""], [""PLANT"", ""CARROT""], [""WEST""], [""SOUTH""], [""WATER""], [""COLLECT_FERTILIZER""], [""PLANT"", ""CARROT""], [""NORTH""], [""EAST""], [""FERTILIZE""]]"	"[[""SELL"", ""STRAWBERRY"", 4]]"
645	26	21	DSM	"[""WATER""]"	"[[""WATER""], [""WATER""], [""WATER""], [""WEST""], [""WEST""], [""WEST""], [""WEST""], [""WATER""], [""NORTH""], [""PLANT"", ""CARROT""], [""WATER""]]"	"[[""SELL"", ""STRAWBERRY"", 3], [""SELL"", ""WOOL"", 2]]"
646	26	22	Majkel1337	"[""NORTH""]"	"[[""SOUTH""], [""PLANT"", ""CARROT""], [""WATER""], [""WEST""], [""SOUTH""], [""SOUTH""], [""NORTH""], [""WATER""], [""NORTH""], [""WATER""], [""WATER""]]"	"[[""SELL"", ""MILK"", 3], [""SELL"", ""CARROT"", 2]]"
646	26	22	DSM	"[""EAST""]"	"[[""NORTH""], [""EAST""], [""SOUTH""], [""WATER""], [""WATER""], [""HARVEST""], [""WEST""], [""HARVEST""], [""NORTH""], [""WATER""], [""SOUTH""]]"	"[[""SELL"", ""TOMATO"", 6], [""SELL"", ""WHEAT"", 5], [""SELL"", ""CARROT"", 2]]"
647	26	23	Majkel1337	"[""NORTH""]"	"[[""HARVEST""], [""WATER""], [""SOUTH""], [""WEST""], [""WATER""], [""EAST""], [""COLLECT_FERTILIZER""], [""NORTH""], [""WATER""], [""SOUTH""], [""WEST""]]"	"[[""SELL"", ""MILK"", 3]]"
647	26	23	DSM	"[""EAST""]"	"[[""SOUTH""], [""WATER""], [""WEST""], [""SOUTH""], [""SOUTH""], [""SOUTH""], [""WEST""], [""SOUTH""], [""HARVEST""], [""SOUTH""], [""SOUTH""]]"	"[[""SELL"", ""CARROT"", 1]]"
648	27	0	Majkel1337	"[""NORTH""]"	[]	"[[""SELL"", ""WHEAT"", 14], [""SELL"", ""FERTILIZER"", 2], [""HIRE""], [""HIRE""], [""HIRE""], [""HIRE""], [""HIRE""], [""HIRE""], [""HIRE""], [""HIRE""]]"
648	27	0	DSM	"[""NORTH""]"	[]	"[[""SELL"", ""TOMATO"", 8], [""SELL"", ""WHEAT"", 10], [""HIRE""], [""HIRE""], [""HIRE""], [""HIRE""], [""HIRE""], [""HIRE""], [""HIRE""], [""HIRE""]]"
649	27	1	Majkel1337	"[""HARVEST""]"	"[[""WEST""], [""HARVEST""], [""PICKUP"", ""WHEAT"", 2], [""PICKUP"", ""WHEAT"", 2], [""NORTH""], [""PICKUP"", ""WHEAT"", 2], [""WEST""], [""NORTH""]]"	"[[""HIRE""], [""HIRE""], [""HIRE""], [""BUY_SEED"", ""CARROT"", 6]]"
649	27	1	DSM	"[""HARVEST""]"	"[[""WEST""], [""PICKUP"", ""WHEAT"", 3], [""HARVEST""], [""PICKUP"", ""WHEAT"", 2], [""NORTH""], [""PICKUP"", ""WHEAT"", 2], [""WEST""], [""NORTH""]]"	"[[""SELL"", ""MILK"", 6], [""HIRE""], [""HIRE""], [""HIRE""]]"
650	27	2	Majkel1337	"[""SOUTH""]"	"[[""COLLECT_FERTILIZER""], [""PLACE"", ""WOOL"", 4], [""FEED""], [""NORTH""], [""WEST""], [""NORTH""], [""HARVEST""], [""EAST""], [""COLLECT_FERTILIZER""], [""CARE""], [""CARE""]]"	"[[""SELL"", ""CARROT"", 1]]"
650	27	2	DSM	"[""SOUTH""]"	"[[""COLLECT_FERTILIZER""], [""FEED""], [""PLACE"", ""WOOL"", 4], [""NORTH""], [""WEST""], [""NORTH""], [""HARVEST""], [""EAST""], [""COLLECT_FERTILIZER""], [""CARE""], [""CARE""]]"	"[[""SELL"", ""FERTILIZER"", 2]]"
651	27	3	Majkel1337	"[""PLACE"", ""WOOL"", 6]"	"[[""WEST""], [""PICKUP"", ""WHEAT"", 2], [""WEST""], [""EAST""], [""WATER""], [""NORTH""], [""WEST""], [""CARE""], [""WEST""], [""NORTH""], [""COLLECT_FERTILIZER""]]"	"[[""SELL"", ""WOOL"", 2]]"
651	27	3	DSM	"[""PLACE"", ""WOOL"", 6]"	"[[""WEST""], [""CARE""], [""COLLECT_FERTILIZER""], [""EAST""], [""WATER""], [""NORTH""], [""EAST""], [""CARE""], [""WEST""], [""NORTH""], [""COLLECT_FERTILIZER""]]"	"[[""SELL"", ""WOOL"", 1]]"
652	27	4	Majkel1337	"[""PICKUP"", ""WHEAT"", 2]"	"[[""WEST""], [""FEED""], [""FEED""], [""FEED""], [""HARVEST""], [""FEED""], [""WATER""], [""COLLECT_FERTILIZER""], [""WEST""], [""COLLECT_FERTILIZER""], [""SOUTH""]]"	"[[""SELL"", ""WOOL"", 1]]"
652	27	4	DSM	"[""PICKUP"", ""WHEAT"", 2]"	"[[""WEST""], [""COLLECT_FERTILIZER""], [""SOUTH""], [""FEED""], [""HARVEST""], [""FEED""], [""PLACE"", ""MILK"", 3], [""COLLECT_FERTILIZER""], [""WEST""], [""COLLECT_FERTILIZER""], [""WEST""]]"	"[[""SELL"", ""WOOL"", 1]]"
653	27	5	Majkel1337	"[""FEED""]"	"[[""FERTILIZE""], [""CARE""], [""CARE""], [""EAST""], [""PLANT"", ""CARROT""], [""CARE""], [""HARVEST""], [""NORTH""], [""WEST""], [""NORTH""], [""SOUTH""]]"	"[[""SELL"", ""STRAWBERRY"", 2], [""SELL"", ""WOOL"", 1]]"
653	27	5	DSM	"[""FEED""]"	"[[""FERTILIZE""], [""NORTH""], [""SOUTH""], [""EAST""], [""PLANT"", ""CARROT""], [""CARE""], [""SOUTH""], [""NORTH""], [""WEST""], [""NORTH""], [""COLLECT_FERTILIZER""]]"	"[[""SELL"", ""MILK"", 2], [""SELL"", ""WOOL"", 1]]"
654	27	6	Majkel1337	"[""NORTH""]"	"[[""WATER""], [""COLLECT_FERTILIZER""], [""COLLECT_FERTILIZER""], [""FEED""], [""WATER""], [""COLLECT_FERTILIZER""], [""PLANT"", ""WHEAT""], [""EAST""], [""SOUTH""], [""NORTH""], [""FERTILIZE""]]"	[]
654	27	6	DSM	"[""NORTH""]"	"[[""WATER""], [""FEED""], [""FERTILIZE""], [""FEED""], [""WATER""], [""COLLECT_FERTILIZER""], [""WEST""], [""EAST""], [""SOUTH""], [""WEST""], [""SOUTH""]]"	[]
655	27	7	Majkel1337	"[""NORTH""]"	"[[""NORTH""], [""NORTH""], [""SOUTH""], [""CARE""], [""NORTH""], [""EAST""], [""WATER""], [""EAST""], [""SOUTH""], [""WEST""], [""WATER""]]"	[]
655	27	7	DSM	"[""NORTH""]"	"[[""WEST""], [""CARE""], [""WATER""], [""CARE""], [""NORTH""], [""NORTH""], [""HARVEST""], [""FERTILIZE""], [""FERTILIZE""], [""WEST""], [""SOUTH""]]"	[]
656	27	8	Majkel1337	"[""FEED""]"	"[[""WATER""], [""FEED""], [""FERTILIZE""], [""COLLECT_FERTILIZER""], [""WEST""], [""FEED""], [""SOUTH""], [""FERTILIZE""], [""FERTILIZE""], [""WEST""], [""SOUTH""]]"	[]
656	27	8	DSM	"[""FEED""]"	"[[""WATER""], [""COLLECT_FERTILIZER""], [""SOUTH""], [""COLLECT_FERTILIZER""], [""NORTH""], [""FERTILIZE""], [""DIG""], [""WATER""], [""WATER""], [""FERTILIZE""], [""FERTILIZE""]]"	[]
657	27	9	Majkel1337	"[""CARE""]"	"[[""HARVEST""], [""CARE""], [""WATER""], [""NORTH""], [""WATER""], [""CARE""], [""WATER""], [""WATER""], [""WATER""], [""FERTILIZE""], [""WATER""]]"	"[[""SELL"", ""STRAWBERRY"", 2], [""SELL"", ""WOOL"", 1]]"
657	27	9	DSM	"[""CARE""]"	"[[""HARVEST""], [""EAST""], [""WEST""], [""NORTH""], [""NORTH""], [""WATER""], [""PLANT"", ""WHEAT""], [""NORTH""], [""WEST""], [""WATER""], [""WATER""]]"	"[[""SELL"", ""STRAWBERRY"", 3], [""SELL"", ""MILK"", 2], [""SELL"", ""WOOL"", 1]]"
658	27	10	Majkel1337	"[""COLLECT_FERTILIZER""]"	"[[""WEST""], [""COLLECT_FERTILIZER""], [""SOUTH""], [""EAST""], [""HARVEST""], [""COLLECT_FERTILIZER""], [""HARVEST""], [""WEST""], [""HARVEST""], [""WATER""], [""HARVEST""]]"	[]
658	27	10	DSM	"[""COLLECT_FERTILIZER""]"	"[[""NORTH""], [""FEED""], [""WATER""], [""EAST""], [""WATER""], [""NORTH""], [""WATER""], [""WATER""], [""SOUTH""], [""HARVEST""], [""WEST""]]"	[]
659	27	11	Majkel1337	"[""NORTH""]"	"[[""WATER""], [""NORTH""], [""WATER""], [""EAST""], [""PLANT"", ""CARROT""], [""NORTH""], [""NORTH""], [""WATER""], [""PLANT"", ""CARROT""], [""WEST""], [""WEST""]]"	"[[""SELL"", ""WHEAT"", 10]]"
659	27	11	DSM	"[""NORTH""]"	"[[""EAST""], [""CARE""], [""SOUTH""], [""FERTILIZE""], [""HARVEST""], [""WATER""], [""NORTH""], [""HARVEST""], [""WATER""], [""WEST""], [""PLANT"", ""WHEAT""]]"	[]
660	27	12	Majkel1337	"[""NORTH""]"	"[[""HARVEST""], [""NORTH""], [""WEST""], [""FERTILIZE""], [""WATER""], [""FERTILIZE""], [""EAST""], [""HARVEST""], [""WATER""], [""HARVEST""], [""WEST""]]"	"[[""SELL"", ""TOMATO"", 16]]"
660	27	12	DSM	"[""NORTH""]"	"[[""WATER""], [""COLLECT_FERTILIZER""], [""WATER""], [""WATER""], [""EAST""], [""HARVEST""], [""WEST""], [""PLANT"", ""WHEAT""], [""SOUTH""], [""WATER""], [""WATER""]]"	[]
661	27	13	Majkel1337	"[""WATER""]"	"[[""PLANT"", ""CARROT""], [""FERTILIZE""], [""WATER""], [""WATER""], [""NORTH""], [""WATER""], [""EAST""], [""PLANT"", ""WHEAT""], [""WEST""], [""WATER""], [""WATER""]]"	"[[""SELL"", ""STRAWBERRY"", 2], [""SELL"", ""WOOL"", 1]]"
661	27	13	DSM	"[""WEST""]"	"[[""HARVEST""], [""NORTH""], [""WEST""], [""NORTH""], [""WATER""], [""PLANT"", ""WHEAT""], [""DIG""], [""WATER""], [""WATER""], [""NORTH""], [""WEST""]]"	[]
662	27	14	Majkel1337	"[""HARVEST""]"	"[[""WATER""], [""WATER""], [""WEST""], [""NORTH""], [""NORTH""], [""NORTH""], [""DROP""], [""WATER""], [""WATER""], [""NORTH""], [""HARVEST""]]"	[]
662	27	14	DSM	"[""WEST""]"	"[[""PLANT"", ""WHEAT""], [""NORTH""], [""WEST""], [""WATER""], [""HARVEST""], [""WATER""], [""PLANT"", ""WHEAT""], [""WEST""], [""HARVEST""], [""HARVEST""], [""WATER""]]"	"[[""SELL"", ""WHEAT"", 13]]"
663	27	15	Majkel1337	"[""DIG""]"	"[[""SOUTH""], [""EAST""], [""WATER""], [""WATER""], [""WATER""], [""EAST""], [""HARVEST""], [""NORTH""], [""HARVEST""], [""WATER""], [""PLANT"", ""CARROT""]]"	[]
663	27	15	DSM	"[""WEST""]"	"[[""WATER""], [""FERTILIZE""], [""WATER""], [""HARVEST""], [""PLANT"", ""WHEAT""], [""EAST""], [""WATER""], [""WATER""], [""PLANT"", ""WHEAT""], [""WATER""], [""HARVEST""]]"	[]
664	27	16	Majkel1337	"[""PLANT"", ""CARROT""]"	"[[""WATER""], [""EAST""], [""HARVEST""], [""NORTH""], [""HARVEST""], [""EAST""], [""DROP""], [""WATER""], [""SOUTH""], [""WEST""], [""WATER""]]"	"[[""SELL"", ""WHEAT"", 5]]"
664	27	16	DSM	"[""WEST""]"	"[[""SOUTH""], [""WATER""], [""HARVEST""], [""NORTH""], [""WATER""], [""WATER""], [""WEST""], [""HARVEST""], [""WATER""], [""NORTH""], [""PLANT"", ""WHEAT""]]"	[]
665	27	17	Majkel1337	"[""WATER""]"	"[[""EAST""], [""WATER""], [""PLANT"", ""CARROT""], [""WATER""], [""PLANT"", ""CARROT""], [""FERTILIZE""], [""NORTH""], [""HARVEST""], [""WATER""], [""WATER""], [""SOUTH""]]"	"[[""SELL"", ""STRAWBERRY"", 2], [""SELL"", ""WOOL"", 1]]"
665	27	17	DSM	"[""FERTILIZE""]"	"[[""EAST""], [""EAST""], [""PLANT"", ""WHEAT""], [""WATER""], [""SOUTH""], [""HARVEST""], [""WEST""], [""PLANT"", ""WHEAT""], [""SOUTH""], [""WATER""], [""WATER""]]"	"[[""SELL"", ""STRAWBERRY"", 3], [""SELL"", ""WOOL"", 1]]"
666	27	18	Majkel1337	"[""WEST""]"	"[[""EAST""], [""SOUTH""], [""WATER""], [""HARVEST""], [""WATER""], [""WATER""], [""WEST""], [""PLANT"", ""WHEAT""], [""HARVEST""], [""HARVEST""], [""WATER""]]"	[]
666	27	18	DSM	"[""WATER""]"	"[[""EAST""], [""NORTH""], [""WATER""], [""HARVEST""], [""SOUTH""], [""PLANT"", ""WHEAT""], [""WATER""], [""WATER""], [""WATER""], [""HARVEST""], [""SOUTH""]]"	[]
667	27	19	Majkel1337	"[""WEST""]"	"[[""EAST""], [""EAST""], [""SOUTH""], [""PLANT"", ""WHEAT""], [""EAST""], [""HARVEST""], [""WEST""], [""WATER""], [""SOUTH""], [""SOUTH""], [""HARVEST""]]"	[]
667	27	19	DSM	"[""HARVEST""]"	"[[""EAST""], [""FERTILIZE""], [""WEST""], [""PLANT"", ""WHEAT""], [""SOUTH""], [""WATER""], [""NORTH""], [""SOUTH""], [""HARVEST""], [""EAST""], [""HARVEST""]]"	[]
668	27	20	Majkel1337	"[""WEST""]"	"[[""EAST""], [""WATER""], [""WEST""], [""WATER""], [""WATER""], [""WEST""], [""COLLECT_FERTILIZER""], [""EAST""], [""WATER""], [""SOUTH""], [""WEST""]]"	[]
668	27	20	DSM	"[""SOUTH""]"	"[[""DROP""], [""WATER""], [""WATER""], [""WATER""], [""SOUTH""], [""EAST""], [""NORTH""], [""SOUTH""], [""PLANT"", ""WHEAT""], [""WATER""], [""EAST""]]"	[]
669	27	21	Majkel1337	"[""WEST""]"	"[[""DROP""], [""NORTH""], [""SOUTH""], [""NORTH""], [""HARVEST""], [""WEST""], [""SOUTH""], [""HARVEST""], [""SOUTH""], [""EAST""], [""WATER""]]"	"[[""SELL"", ""STRAWBERRY"", 3], [""SELL"", ""WOOL"", 3]]"
669	27	21	DSM	"[""SOUTH""]"	"[[""WEST""], [""EAST""], [""HARVEST""], [""EAST""], [""DROP""], [""EAST""], [""NORTH""], [""WEST""], [""WATER""], [""HARVEST""], [""WATER""]]"	"[[""SELL"", ""STRAWBERRY"", 3], [""SELL"", ""WOOL"", 2]]"
670	27	22	Majkel1337	"[""FERTILIZE""]"	"[[""NORTH""], [""NORTH""], [""WATER""], [""WATER""], [""EAST""], [""WEST""], [""SOUTH""], [""NORTH""], [""WATER""], [""WATER""], [""EAST""]]"	"[[""SELL"", ""TOMATO"", 4], [""SELL"", ""CARROT"", 4]]"
670	27	22	DSM	"[""WATER""]"	"[[""WEST""], [""WATER""], [""EAST""], [""WATER""], [""WEST""], [""WATER""], [""WATER""], [""DROP""], [""EAST""], [""SOUTH""], [""WEST""]]"	"[[""SELL"", ""CARROT"", 13], [""SELL"", ""WHEAT"", 13], [""SELL"", ""TOMATO"", 4]]"
671	27	23	Majkel1337	"[""SOUTH""]"	"[[""EAST""], [""WEST""], [""EAST""], [""SOUTH""], [""EAST""], [""WATER""], [""FERTILIZE""], [""NORTH""], [""EAST""], [""HARVEST""], [""EAST""]]"	"[[""SELL"", ""MILK"", 3], [""SELL"", ""WOOL"", 1]]"
671	27	23	DSM	"[""NORTH""]"	"[[""COLLECT_FERTILIZER""], [""EAST""], [""EAST""], [""HARVEST""], [""WEST""], [""HARVEST""], [""NORTH""], [""PASS""], [""WATER""], [""WATER""], [""WATER""]]"	"[[""SELL"", ""WHEAT"", 10], [""SELL"", ""CARROT"", 2]]"
672	28	0	Majkel1337	"[""HARVEST""]"	[]	"[[""SELL"", ""WHEAT"", 18], [""SELL"", ""CARROT"", 13], [""HIRE""], [""HIRE""], [""HIRE""], [""HIRE""], [""HIRE""], [""HIRE""], [""HIRE""], [""HIRE""]]"
672	28	0	DSM	"[""HARVEST""]"	[]	"[[""SELL"", ""TOMATO"", 13], [""SELL"", ""CARROT"", 13], [""HIRE""], [""HIRE""], [""HIRE""], [""HIRE""], [""HIRE""], [""HIRE""], [""HIRE""], [""HIRE""]]"
673	28	1	Majkel1337	"[""PLACE"", ""MILK"", 3]"	"[[""COLLECT_FERTILIZER""], [""PICKUP"", ""WHEAT"", 2], [""NORTH""], [""WEST""], [""NORTH""], [""SOUTH""], [""NORTH""], [""WEST""]]"	"[[""SELL"", ""WHEAT"", 15], [""SELL"", ""FERTILIZER"", 1], [""SELL"", ""WOOL"", 1], [""HIRE""], [""HIRE""]]"
673	28	1	DSM	"[""PLACE"", ""MILK"", 3]"	"[[""HARVEST""], [""PICKUP"", ""WHEAT"", 2], [""NORTH""], [""COLLECT_FERTILIZER""], [""NORTH""], [""WEST""], [""NORTH""], [""WEST""]]"	"[[""SELL"", ""WOOL"", 1], [""HIRE""], [""HIRE""]]"
674	28	2	Majkel1337	"[""COLLECT_FERTILIZER""]"	"[[""NORTH""], [""FEED""], [""EAST""], [""WEST""], [""HARVEST""], [""WEST""], [""NORTH""], [""WEST""], [""NORTH""], [""WEST""]]"	[]
674	28	2	DSM	"[""NORTH""]"	"[[""PLACE"", ""WOOL"", 4], [""FEED""], [""EAST""], [""NORTH""], [""HARVEST""], [""WEST""], [""NORTH""], [""WEST""], [""NORTH""], [""CARE""]]"	"[[""SELL"", ""WHEAT"", 10], [""SELL"", ""FERTILIZER"", 2]]"
675	28	3	Majkel1337	"[""NORTH""]"	"[[""COLLECT_FERTILIZER""], [""CARE""], [""COLLECT_FERTILIZER""], [""WEST""], [""SOUTH""], [""WATER""], [""NORTH""], [""WEST""], [""EAST""], [""WEST""]]"	[]
675	28	3	DSM	"[""NORTH""]"	"[[""COLLECT_FERTILIZER""], [""WEST""], [""COLLECT_FERTILIZER""], [""NORTH""], [""SOUTH""], [""WEST""], [""EAST""], [""WEST""], [""EAST""], [""COLLECT_FERTILIZER""]]"	[]
676	28	4	Majkel1337	"[""WEST""]"	"[[""NORTH""], [""COLLECT_FERTILIZER""], [""HARVEST""], [""WATER""], [""PLACE"", ""MILK"", 3], [""HARVEST""], [""NORTH""], [""WATER""], [""EAST""], [""SOUTH""]]"	[]
676	28	4	DSM	"[""COLLECT_FERTILIZER""]"	"[[""PLACE"", ""FERTILIZER"", 1], [""FEED""], [""HARVEST""], [""WEST""], [""PLACE"", ""MILK"", 3], [""WATER""], [""EAST""], [""WATER""], [""EAST""], [""SOUTH""]]"	[]
677	28	5	Majkel1337	"[""WEST""]"	"[[""NORTH""], [""WEST""], [""WEST""], [""HARVEST""], [""NORTH""], [""SOUTH""], [""EAST""], [""HARVEST""], [""COLLECT_FERTILIZER""], [""SOUTH""]]"	"[[""SELL"", ""STRAWBERRY"", 1], [""SELL"", ""WOOL"", 1]]"
677	28	5	DSM	"[""HARVEST""]"	"[[""NORTH""], [""CARE""], [""WEST""], [""FERTILIZE""], [""NORTH""], [""HARVEST""], [""WATER""], [""HARVEST""], [""COLLECT_FERTILIZER""], [""FERTILIZE""]]"	"[[""SELL"", ""MILK"", 6], [""SELL"", ""WOOL"", 1]]"
678	28	6	Majkel1337	"[""FERTILIZE""]"	"[[""NORTH""], [""FEED""], [""PLACE"", ""WOOL"", 4], [""WEST""], [""NORTH""], [""WATER""], [""WATER""], [""WEST""], [""HARVEST""], [""SOUTH""]]"	[]
678	28	6	DSM	"[""NORTH""]"	"[[""COLLECT_FERTILIZER""], [""COLLECT_FERTILIZER""], [""PLACE"", ""WOOL"", 4], [""WATER""], [""NORTH""], [""WEST""], [""HARVEST""], [""WEST""], [""HARVEST""], [""WATER""]]"	"[[""SELL"", ""WHEAT"", 10]]"
679	28	7	Majkel1337	"[""WATER""]"	"[[""EAST""], [""CARE""], [""NORTH""], [""WATER""], [""COLLECT_FERTILIZER""], [""HARVEST""], [""HARVEST""], [""WATER""], [""EAST""], [""WATER""]]"	[]
679	28	7	DSM	"[""WATER""]"	"[[""NORTH""], [""SOUTH""], [""NORTH""], [""WEST""], [""HARVEST""], [""WATER""], [""EAST""], [""WATER""], [""EAST""], [""SOUTH""]]"	[]
680	28	8	Majkel1337	"[""NORTH""]"	"[[""FERTILIZE""], [""COLLECT_FERTILIZER""], [""NORTH""], [""HARVEST""], [""HARVEST""], [""EAST""], [""WEST""], [""HARVEST""], [""FERTILIZE""], [""HARVEST""]]"	[]
680	28	8	DSM	"[""WEST""]"	"[[""NORTH""], [""WEST""], [""WEST""], [""WATER""], [""COLLECT_FERTILIZER""], [""HARVEST""], [""WATER""], [""HARVEST""], [""FERTILIZE""], [""WATER""]]"	[]
681	28	9	Majkel1337	"[""NORTH""]"	"[[""EAST""], [""WEST""], [""WEST""], [""SOUTH""], [""EAST""], [""WATER""], [""WATER""], [""NORTH""], [""WATER""], [""SOUTH""]]"	"[[""SELL"", ""STRAWBERRY"", 2], [""SELL"", ""WOOL"", 1]]"
681	28	9	DSM	"[""WEST""]"	"[[""EAST""], [""FERTILIZE""], [""WEST""], [""HARVEST""], [""SOUTH""], [""SOUTH""], [""HARVEST""], [""NORTH""], [""WATER""], [""HARVEST""]]"	"[[""SELL"", ""STRAWBERRY"", 3], [""SELL"", ""WOOL"", 1]]"
682	28	10	Majkel1337	"[""WATER""]"	"[[""FERTILIZE""], [""WEST""], [""WEST""], [""SOUTH""], [""COLLECT_FERTILIZER""], [""HARVEST""], [""HARVEST""], [""EAST""], [""EAST""], [""SOUTH""]]"	[]
682	28	10	DSM	"[""WEST""]"	"[[""EAST""], [""WATER""], [""WEST""], [""WEST""], [""SOUTH""], [""WATER""], [""SOUTH""], [""WATER""], [""EAST""], [""SOUTH""]]"	[]
683	28	11	Majkel1337	"[""HARVEST""]"	"[[""WATER""], [""FERTILIZE""], [""FERTILIZE""], [""WATER""], [""HARVEST""], [""NORTH""], [""SOUTH""], [""WATER""], [""WATER""], [""WEST""]]"	[]
683	28	11	DSM	"[""FERTILIZE""]"	"[[""FERTILIZE""], [""WEST""], [""FERTILIZE""], [""WATER""], [""DROP""], [""HARVEST""], [""WEST""], [""HARVEST""], [""WATER""], [""WATER""]]"	[]
684	28	12	Majkel1337	"[""WEST""]"	"[[""EAST""], [""WATER""], [""WATER""], [""HARVEST""], [""NORTH""], [""NORTH""], [""SOUTH""], [""HARVEST""], [""NORTH""], [""WATER""]]"	[]
684	28	12	DSM	"[""WATER""]"	"[[""WATER""], [""WATER""], [""WATER""], [""HARVEST""], [""NORTH""], [""NORTH""], [""WEST""], [""SOUTH""], [""HARVEST""], [""WEST""]]"	"[[""SELL"", ""STRAWBERRY"", 2], [""SELL"", ""MILK"", 1]]"
685	28	13	Majkel1337	"[""WATER""]"	"[[""WATER""], [""WEST""], [""NORTH""], [""SOUTH""], [""EAST""], [""DROP""], [""SOUTH""], [""NORTH""], [""WATER""], [""HARVEST""]]"	"[[""SELL"", ""STRAWBERRY"", 2], [""SELL"", ""WOOL"", 1]]"
685	28	13	DSM	"[""HARVEST""]"	"[[""NORTH""], [""SOUTH""], [""NORTH""], [""WEST""], [""EAST""], [""EAST""], [""WEST""], [""EAST""], [""NORTH""], [""WATER""]]"	"[[""SELL"", ""STRAWBERRY"", 2], [""SELL"", ""MILK"", 1]]"
686	28	14	Majkel1337	"[""HARVEST""]"	"[[""HARVEST""], [""FERTILIZE""], [""WATER""], [""WATER""], [""FERTILIZE""], [""SOUTH""], [""DROP""], [""WEST""], [""HARVEST""], [""EAST""]]"	"[[""SELL"", ""WHEAT"", 8]]"
686	28	14	DSM	"[""NORTH""]"	"[[""WATER""], [""EAST""], [""NORTH""], [""WATER""], [""COLLECT_FERTILIZER""], [""EAST""], [""DROP""], [""EAST""], [""WATER""], [""HARVEST""]]"	"[[""SELL"", ""STRAWBERRY"", 2], [""SELL"", ""MILK"", 1]]"
687	28	15	Majkel1337	"[""NORTH""]"	"[[""EAST""], [""WATER""], [""EAST""], [""HARVEST""], [""WATER""], [""WEST""], [""NORTH""], [""WATER""], [""NORTH""], [""EAST""]]"	"[[""SELL"", ""WHEAT"", 10]]"
687	28	15	DSM	"[""WATER""]"	"[[""HARVEST""], [""SOUTH""], [""WATER""], [""HARVEST""], [""HARVEST""], [""EAST""], [""NORTH""], [""EAST""], [""HARVEST""], [""SOUTH""]]"	"[[""SELL"", ""WHEAT"", 13], [""SELL"", ""FERTILIZER"", 2]]"
688	28	16	Majkel1337	"[""WATER""]"	"[[""WATER""], [""SOUTH""], [""WATER""], [""SOUTH""], [""NORTH""], [""WEST""], [""NORTH""], [""HARVEST""], [""WATER""], [""WATER""]]"	"[[""SELL"", ""CARROT"", 4]]"
688	28	16	DSM	"[""HARVEST""]"	"[[""EAST""], [""WATER""], [""HARVEST""], [""NORTH""], [""SOUTH""], [""EAST""], [""NORTH""], [""EAST""], [""NORTH""], [""WATER""]]"	[]
689	28	17	Majkel1337	"[""HARVEST""]"	"[[""HARVEST""], [""EAST""], [""NORTH""], [""WATER""], [""WEST""], [""WATER""], [""WEST""], [""NORTH""], [""SOUTH""], [""HARVEST""]]"	"[[""SELL"", ""STRAWBERRY"", 2], [""SELL"", ""WOOL"", 1]]"
689	28	17	DSM	"[""WEST""]"	"[[""WATER""], [""HARVEST""], [""EAST""], [""WATER""], [""WEST""], [""DROP""], [""NORTH""], [""DROP""], [""WATER""], [""HARVEST""]]"	"[[""SELL"", ""STRAWBERRY"", 3], [""SELL"", ""WOOL"", 2]]"
690	28	18	Majkel1337	"[""WEST""]"	"[[""SOUTH""], [""WATER""], [""WATER""], [""HARVEST""], [""WATER""], [""HARVEST""], [""COLLECT_FERTILIZER""], [""WATER""], [""WEST""], [""NORTH""]]"	[]
690	28	18	DSM	"[""WATER""]"	"[[""HARVEST""], [""NORTH""], [""WATER""], [""HARVEST""], [""DROP""], [""SOUTH""], [""WATER""], [""NORTH""], [""HARVEST""], [""WEST""]]"	"[[""SELL"", ""WHEAT"", 13]]"
691	28	19	Majkel1337	"[""WATER""]"	"[[""WEST""], [""SOUTH""], [""WEST""], [""SOUTH""], [""SOUTH""], [""SOUTH""], [""HARVEST""], [""HARVEST""], [""WATER""], [""WATER""]]"	[]
691	28	19	DSM	"[""HARVEST""]"	"[[""EAST""], [""EAST""], [""EAST""], [""SOUTH""], [""NORTH""], [""SOUTH""], [""HARVEST""], [""WEST""], [""WEST""], [""WATER""]]"	[]
692	28	20	Majkel1337	"[""HARVEST""]"	"[[""WATER""], [""WATER""], [""WEST""], [""WATER""], [""EAST""], [""SOUTH""], [""WEST""], [""SOUTH""], [""NORTH""], [""HARVEST""]]"	[]
692	28	20	DSM	"[""EAST""]"	"[[""WATER""], [""WATER""], [""EAST""], [""SOUTH""], [""NORTH""], [""WEST""], [""EAST""], [""WATER""], [""WATER""], [""HARVEST""]]"	[]
693	28	21	Majkel1337	"[""EAST""]"	"[[""HARVEST""], [""SOUTH""], [""WATER""], [""HARVEST""], [""EAST""], [""EAST""], [""WEST""], [""SOUTH""], [""HARVEST""], [""EAST""]]"	"[[""SELL"", ""STRAWBERRY"", 3], [""SELL"", ""WOOL"", 1]]"
693	28	21	DSM	"[""EAST""]"	"[[""HARVEST""], [""HARVEST""], [""EAST""], [""EAST""], [""NORTH""], [""HARVEST""], [""WATER""], [""NORTH""], [""HARVEST""], [""WEST""]]"	"[[""SELL"", ""STRAWBERRY"", 3], [""SELL"", ""WOOL"", 2]]"
694	28	22	Majkel1337	"[""SOUTH""]"	"[[""EAST""], [""EAST""], [""SOUTH""], [""NORTH""], [""EAST""], [""EAST""], [""WATER""], [""WATER""], [""WATER""], [""WATER""]]"	"[[""SELL"", ""TOMATO"", 16], [""SELL"", ""MILK"", 5]]"
694	28	22	DSM	"[""EAST""]"	"[[""SOUTH""], [""WEST""], [""HARVEST""], [""WATER""], [""NORTH""], [""WEST""], [""HARVEST""], [""NORTH""], [""NORTH""], [""WATER""]]"	"[[""SELL"", ""TOMATO"", 5], [""SELL"", ""CARROT"", 7], [""SELL"", ""FERTILIZER"", 1]]"
695	28	23	Majkel1337	"[""SOUTH""]"	"[[""WATER""], [""WATER""], [""SOUTH""], [""EAST""], [""WATER""], [""HARVEST""], [""PASS""], [""EAST""], [""WEST""], [""HARVEST""]]"	"[[""SELL"", ""MILK"", 3]]"
695	28	23	DSM	"[""EAST""]"	"[[""WEST""], [""WATER""], [""EAST""], [""PASS""], [""WATER""], [""WATER""], [""EAST""], [""NORTH""], [""WATER""], [""NORTH""]]"	"[[""SELL"", ""STRAWBERRY"", 3], [""SELL"", ""WOOL"", 1]]"
696	29	0	Majkel1337	"[""NORTH""]"	[]	"[[""SELL"", ""CARROT"", 31], [""SELL"", ""WHEAT"", 2], [""HIRE""], [""HIRE""], [""HIRE""], [""HIRE""], [""HIRE""], [""HIRE""], [""HIRE""], [""HIRE""]]"
696	29	0	DSM	"[""NORTH""]"	[]	"[[""SELL"", ""WHEAT"", 16], [""HIRE""], [""HIRE""], [""HIRE""], [""HIRE""], [""HIRE""], [""HIRE""], [""HIRE""], [""HIRE""]]"
697	29	1	Majkel1337	"[""NORTH""]"	"[[""COLLECT_FERTILIZER""], [""COLLECT_FERTILIZER""], [""COLLECT_FERTILIZER""], [""NORTH""], [""NORTH""], [""NORTH""], [""WEST""], [""SOUTH""]]"	"[[""SELL"", ""FERTILIZER"", 2], [""SELL"", ""WOOL"", 1], [""HIRE""], [""HIRE""]]"
697	29	1	DSM	"[""NORTH""]"	"[[""COLLECT_FERTILIZER""], [""COLLECT_FERTILIZER""], [""COLLECT_FERTILIZER""], [""NORTH""], [""NORTH""], [""NORTH""], [""WEST""], [""SOUTH""]]"	"[[""SELL"", ""WOOL"", 2], [""HIRE""], [""HIRE""]]"
698	29	2	Majkel1337	"[""NORTH""]"	"[[""PLACE"", ""FERTILIZER"", 1], [""NORTH""], [""WEST""], [""EAST""], [""NORTH""], [""NORTH""], [""WEST""], [""SOUTH""], [""NORTH""], [""NORTH""]]"	"[[""SELL"", ""TOMATO"", 18], [""SELL"", ""WHEAT"", 7]]"
698	29	2	DSM	"[""NORTH""]"	"[[""PLACE"", ""FERTILIZER"", 1], [""PLACE"", ""FERTILIZER"", 1], [""WEST""], [""EAST""], [""NORTH""], [""NORTH""], [""WEST""], [""SOUTH""], [""NORTH""], [""NORTH""]]"	"[[""SELL"", ""WHEAT"", 13]]"
699	29	3	Majkel1337	"[""WEST""]"	"[[""NORTH""], [""COLLECT_FERTILIZER""], [""COLLECT_FERTILIZER""], [""COLLECT_FERTILIZER""], [""WEST""], [""NORTH""], [""WEST""], [""SOUTH""], [""EAST""], [""WEST""]]"	"[[""SELL"", ""FERTILIZER"", 1]]"
699	29	3	DSM	"[""WEST""]"	"[[""NORTH""], [""NORTH""], [""COLLECT_FERTILIZER""], [""COLLECT_FERTILIZER""], [""WEST""], [""NORTH""], [""WATER""], [""SOUTH""], [""EAST""], [""WEST""]]"	"[[""SELL"", ""FERTILIZER"", 2]]"
700	29	4	Majkel1337	"[""WEST""]"	"[[""NORTH""], [""NORTH""], [""HARVEST""], [""EAST""], [""WATER""], [""NORTH""], [""WATER""], [""WEST""], [""EAST""], [""WATER""]]"	[]
700	29	4	DSM	"[""WEST""]"	"[[""NORTH""], [""COLLECT_FERTILIZER""], [""HARVEST""], [""EAST""], [""WATER""], [""NORTH""], [""HARVEST""], [""WEST""], [""EAST""], [""WATER""]]"	[]
701	29	5	Majkel1337	"[""WEST""]"	"[[""COLLECT_FERTILIZER""], [""COLLECT_FERTILIZER""], [""WEST""], [""EAST""], [""HARVEST""], [""EAST""], [""HARVEST""], [""WATER""], [""COLLECT_FERTILIZER""], [""HARVEST""]]"	"[[""SELL"", ""STRAWBERRY"", 2], [""SELL"", ""WOOL"", 1]]"
701	29	5	DSM	"[""WEST""]"	"[[""COLLECT_FERTILIZER""], [""EAST""], [""SOUTH""], [""EAST""], [""HARVEST""], [""WATER""], [""SOUTH""], [""WATER""], [""COLLECT_FERTILIZER""], [""HARVEST""]]"	"[[""SELL"", ""STRAWBERRY"", 2], [""SELL"", ""MILK"", 1], [""SELL"", ""WOOL"", 1]]"
702	29	6	Majkel1337	"[""HARVEST""]"	"[[""NORTH""], [""EAST""], [""WATER""], [""WATER""], [""NORTH""], [""WATER""], [""WEST""], [""HARVEST""], [""NORTH""], [""WEST""]]"	[]
702	29	6	DSM	"[""HARVEST""]"	"[[""NORTH""], [""COLLECT_FERTILIZER""], [""WATER""], [""WATER""], [""NORTH""], [""HARVEST""], [""WATER""], [""HARVEST""], [""NORTH""], [""WEST""]]"	[]
703	29	7	Majkel1337	"[""NORTH""]"	"[[""WATER""], [""COLLECT_FERTILIZER""], [""HARVEST""], [""HARVEST""], [""WATER""], [""HARVEST""], [""WATER""], [""WEST""], [""WATER""], [""WATER""]]"	[]
703	29	7	DSM	"[""NORTH""]"	"[[""WATER""], [""NORTH""], [""HARVEST""], [""HARVEST""], [""WATER""], [""EAST""], [""HARVEST""], [""NORTH""], [""NORTH""], [""WATER""]]"	[]
704	29	8	Majkel1337	"[""WEST""]"	"[[""HARVEST""], [""HARVEST""], [""SOUTH""], [""NORTH""], [""HARVEST""], [""EAST""], [""HARVEST""], [""WEST""], [""HARVEST""], [""HARVEST""]]"	[]
704	29	8	DSM	"[""WEST""]"	"[[""HARVEST""], [""WATER""], [""EAST""], [""NORTH""], [""HARVEST""], [""WATER""], [""WEST""], [""WEST""], [""WATER""], [""HARVEST""]]"	[]
705	29	9	Majkel1337	"[""HARVEST""]"	"[[""NORTH""], [""EAST""], [""WATER""], [""WATER""], [""NORTH""], [""WATER""], [""SOUTH""], [""WATER""], [""EAST""], [""NORTH""]]"	"[[""SELL"", ""STRAWBERRY"", 2], [""SELL"", ""WOOL"", 1]]"
705	29	9	DSM	"[""HARVEST""]"	"[[""NORTH""], [""HARVEST""], [""WATER""], [""NORTH""], [""NORTH""], [""HARVEST""], [""WATER""], [""WEST""], [""HARVEST""], [""WEST""]]"	"[[""SELL"", ""STRAWBERRY"", 2], [""SELL"", ""MILK"", 1], [""SELL"", ""WOOL"", 1]]"
706	29	10	Majkel1337	"[""SOUTH""]"	"[[""WATER""], [""WATER""], [""HARVEST""], [""HARVEST""], [""WEST""], [""HARVEST""], [""EAST""], [""HARVEST""], [""HARVEST""], [""WATER""]]"	[]
706	29	10	DSM	"[""SOUTH""]"	"[[""WATER""], [""NORTH""], [""HARVEST""], [""NORTH""], [""EAST""], [""EAST""], [""HARVEST""], [""WATER""], [""NORTH""], [""WATER""]]"	[]
707	29	11	Majkel1337	"[""SOUTH""]"	"[[""HARVEST""], [""HARVEST""], [""NORTH""], [""SOUTH""], [""WATER""], [""EAST""], [""WATER""], [""NORTH""], [""NORTH""], [""HARVEST""]]"	[]
707	29	11	DSM	"[""SOUTH""]"	"[[""HARVEST""], [""EAST""], [""NORTH""], [""WATER""], [""HARVEST""], [""EAST""], [""SOUTH""], [""HARVEST""], [""WATER""], [""HARVEST""]]"	[]
708	29	12	Majkel1337	"[""SOUTH""]"	"[[""SOUTH""], [""NORTH""], [""EAST""], [""EAST""], [""HARVEST""], [""WATER""], [""HARVEST""], [""WEST""], [""EAST""], [""SOUTH""]]"	[]
708	29	12	DSM	"[""SOUTH""]"	"[[""SOUTH""], [""HARVEST""], [""DROP""], [""HARVEST""], [""SOUTH""], [""HARVEST""], [""WATER""], [""WEST""], [""HARVEST""], [""SOUTH""]]"	[]
709	29	13	Majkel1337	"[""WATER""]"	"[[""SOUTH""], [""WATER""], [""EAST""], [""WATER""], [""SOUTH""], [""HARVEST""], [""NORTH""], [""WATER""], [""HARVEST""], [""SOUTH""]]"	"[[""SELL"", ""STRAWBERRY"", 1], [""SELL"", ""WOOL"", 1]]"
709	29	13	DSM	"[""SOUTH""]"	"[[""SOUTH""], [""SOUTH""], [""NORTH""], [""SOUTH""], [""SOUTH""], [""SOUTH""], [""HARVEST""], [""HARVEST""], [""SOUTH""], [""EAST""]]"	"[[""SELL"", ""STRAWBERRY"", 13], [""SELL"", ""MILK"", 1], [""SELL"", ""WHEAT"", 2]]"
710	29	14	Majkel1337	"[""HARVEST""]"	"[[""SOUTH""], [""HARVEST""], [""DROP""], [""HARVEST""], [""SOUTH""], [""SOUTH""], [""EAST""], [""HARVEST""], [""SOUTH""], [""EAST""]]"	[]
710	29	14	DSM	"[""HARVEST""]"	"[[""SOUTH""], [""SOUTH""], [""WEST""], [""SOUTH""], [""SOUTH""], [""SOUTH""], [""NORTH""], [""NORTH""], [""SOUTH""], [""EAST""]]"	"[[""SELL"", ""CARROT"", 13], [""SELL"", ""STRAWBERRY"", 1], [""SELL"", ""MILK"", 1]]"
711	29	15	Majkel1337	"[""SOUTH""]"	"[[""SOUTH""], [""SOUTH""], [""NORTH""], [""WEST""], [""SOUTH""], [""SOUTH""], [""EAST""], [""NORTH""], [""SOUTH""], [""EAST""]]"	"[[""SELL"", ""WHEAT"", 2]]"
711	29	15	DSM	"[""EAST""]"	"[[""SOUTH""], [""SOUTH""], [""WEST""], [""SOUTH""], [""SOUTH""], [""SOUTH""], [""NORTH""], [""NORTH""], [""SOUTH""], [""EAST""]]"	"[[""SELL"", ""STRAWBERRY"", 2], [""SELL"", ""MILK"", 1]]"
712	29	16	Majkel1337	"[""EAST""]"	"[[""DROP""], [""SOUTH""], [""NORTH""], [""WEST""], [""SOUTH""], [""SOUTH""], [""EAST""], [""NORTH""], [""WEST""], [""DROP""]]"	"[[""SELL"", ""FERTILIZER"", 2]]"
712	29	16	DSM	"[""EAST""]"	"[[""DROP""], [""WEST""], [""SOUTH""], [""WEST""], [""DROP""], [""SOUTH""], [""EAST""], [""EAST""], [""WEST""], [""DROP""]]"	"[[""SELL"", ""TOMATO"", 8], [""SELL"", ""CARROT"", 13]]"
713	29	17	Majkel1337	"[""EAST""]"	"[[""NORTH""], [""SOUTH""], [""NORTH""], [""WEST""], [""EAST""], [""SOUTH""], [""DROP""], [""EAST""], [""WEST""], [""NORTH""]]"	"[[""SELL"", ""CARROT"", 9], [""SELL"", ""WHEAT"", 5], [""SELL"", ""FERTILIZER"", 1], [""SELL"", ""WOOL"", 1]]"
713	29	17	DSM	"[""EAST""]"	"[[""NORTH""], [""WEST""], [""SOUTH""], [""WEST""], [""NORTH""], [""WEST""], [""EAST""], [""EAST""], [""WEST""], [""SOUTH""]]"	"[[""SELL"", ""WHEAT"", 13], [""SELL"", ""FERTILIZER"", 3], [""SELL"", ""WOOL"", 1]]"
714	29	18	Majkel1337	"[""EAST""]"	"[[""NORTH""], [""WEST""], [""NORTH""], [""WEST""], [""EAST""], [""WEST""], [""NORTH""], [""EAST""], [""WEST""], [""NORTH""]]"	"[[""SELL"", ""WHEAT"", 10], [""SELL"", ""TOMATO"", 2], [""SELL"", ""CARROT"", 2]]"
714	29	18	DSM	"[""EAST""]"	"[[""NORTH""], [""DROP""], [""SOUTH""], [""WEST""], [""NORTH""], [""WEST""], [""EAST""], [""EAST""], [""DROP""], [""SOUTH""]]"	"[[""SELL"", ""CARROT"", 16]]"
715	29	19	Majkel1337	"[""EAST""]"	"[[""NORTH""], [""WEST""], [""EAST""], [""DROP""], [""DROP""], [""WEST""], [""NORTH""], [""EAST""], [""WEST""], [""NORTH""]]"	[]
715	29	19	DSM	"[""DROP""]"	"[[""EAST""], [""NORTH""], [""WEST""], [""DROP""], [""EAST""], [""WEST""], [""DROP""], [""DROP""], [""SOUTH""], [""SOUTH""]]"	"[[""SELL"", ""CARROT"", 13], [""SELL"", ""WHEAT"", 4], [""SELL"", ""FERTILIZER"", 3]]"
716	29	20	Majkel1337	"[""DROP""]"	"[[""EAST""], [""DROP""], [""EAST""], [""NORTH""], [""NORTH""], [""WEST""], [""NORTH""], [""DROP""], [""DROP""], [""EAST""]]"	"[[""SELL"", ""WHEAT"", 14], [""SELL"", ""FERTILIZER"", 1]]"
716	29	20	DSM	"[""SOUTH""]"	"[[""COLLECT_FERTILIZER""], [""NORTH""], [""WEST""], [""SOUTH""], [""COLLECT_FERTILIZER""], [""DROP""], [""SOUTH""], [""NORTH""], [""SOUTH""], [""WEST""]]"	"[[""SELL"", ""WHEAT"", 16], [""SELL"", ""TOMATO"", 6], [""SELL"", ""FERTILIZER"", 1]]"
717	29	21	Majkel1337	"[""NORTH""]"	"[[""EAST""], [""NORTH""], [""EAST""], [""NORTH""], [""NORTH""], [""DROP""], [""NORTH""], [""NORTH""], [""NORTH""], [""EAST""]]"	"[[""SELL"", ""WHEAT"", 10], [""SELL"", ""FERTILIZER"", 5], [""SELL"", ""WOOL"", 2]]"
717	29	21	DSM	"[""SOUTH""]"	"[[""SOUTH""], [""SOUTH""], [""HARVEST""], [""SOUTH""], [""SOUTH""], [""SOUTH""], [""SOUTH""], [""SOUTH""], [""SOUTH""], [""WEST""]]"	"[[""SELL"", ""WHEAT"", 10], [""SELL"", ""WOOL"", 2]]"
718	29	22	Majkel1337	"[""NORTH""]"	"[[""EAST""], [""NORTH""], [""EAST""], [""NORTH""], [""NORTH""], [""NORTH""], [""EAST""], [""NORTH""], [""NORTH""], [""EAST""]]"	"[[""SELL"", ""MILK"", 23], [""SELL"", ""CARROT"", 23], [""SELL"", ""TOMATO"", 9], [""SELL"", ""STRAWBERRY"", 4]]"
718	29	22	DSM	"[""SOUTH""]"	"[[""SOUTH""], [""SOUTH""], [""SOUTH""], [""SOUTH""], [""SOUTH""], [""SOUTH""], [""SOUTH""], [""SOUTH""], [""SOUTH""], [""SOUTH""]]"	"[[""SELL"", ""TOMATO"", 4], [""SELL"", ""WOOL"", 1]]"
